datetime,demand_mw,res_gen_mw,interconnect_flow_mw,res_demand_mw,pump_storage_pumping,rank
2024-12-03T18:00:00Z,38090,1675,9011,45426,0,1
2024-12-03T16:30:00Z,38069,1466,8651,45254,0,2
2024-12-03T17:30:00Z,38182,1601,8652,45233,0,3
2024-12-03T18:30:00Z,37618,1749,8959,44828,0,4
2024-12-03T17:00:00Z,38129,1534,8186,44781,0,5
2024-12-03T16:00:00Z,37161,1414,8725,44472,6,6
2024-11-20T19:30:00Z,38659,2015,7718,44362,10,7
2024-11-20T19:00:00Z,39202,2058,7102,44246,9,8
2024-11-28T16:30:00Z,38703,2560,8058,44201,5,9
2024-12-03T19:00:00Z,37302,1781,8448,43969,6,10
2024-11-28T17:00:00Z,38552,2696,8093,43949,5,11
2024-11-21T09:00:00Z,38625,2936,8233,43922,11,12
2024-11-20T20:00:00Z,37784,1959,8067,43892,10,13
2024-11-28T17:30:00Z,38514,2831,8194,43877,5,14
2024-11-22T17:00:00Z,38980,1128,5846,43698,6,15
2024-11-18T17:30:00Z,37467,807,6988,43648,1,16
2024-11-18T17:00:00Z,37573,727,6774,43620,3,17
2024-11-18T16:30:00Z,37260,646,6857,43471,6,18
2024-11-22T17:30:00Z,38703,1137,5880,43446,6,19
2024-11-18T19:00:00Z,35895,1020,8570,43445,11,20
2024-11-28T16:00:00Z,37799,2478,8070,43391,4,21
2024-11-18T18:00:00Z,36932,874,7283,43341,4,22
2024-11-28T18:00:00Z,38328,2911,7917,43334,5,23
2024-11-21T09:30:00Z,38481,3332,8127,43276,13,24
2024-11-20T18:00:00Z,40059,2198,5373,43234,3,25
2024-11-18T16:00:00Z,37053,627,6687,43113,6,26
2024-11-22T18:00:00Z,38375,1032,5686,43029,5,27
2024-11-20T18:30:00Z,39509,2101,5537,42945,5,28
2024-11-22T16:30:00Z,38410,1119,5623,42914,9,29
2024-12-03T19:30:00Z,36406,1813,8171,42764,11,30
2024-11-21T08:00:00Z,37457,2198,7413,42672,9,31
2024-11-18T18:30:00Z,36428,941,7179,42666,4,32
2024-11-21T08:30:00Z,37770,2519,7402,42653,12,33
2024-11-28T19:00:00Z,37028,3097,8640,42571,6,34
2024-11-22T18:30:00Z,37849,926,5620,42543,5,35
2024-12-03T15:30:00Z,36016,1175,7702,42543,6,36
2024-11-28T18:30:00Z,37642,2990,7861,42513,12,37
2024-11-20T17:30:00Z,40017,2295,4749,42471,5,38
2024-11-26T17:30:00Z,37837,419,4909,42327,0,39
2024-11-28T15:30:00Z,36533,2266,7921,42188,9,40
2024-11-20T20:30:00Z,36184,1902,7887,42169,10,41
2024-11-27T18:00:00Z,38363,1228,5022,42157,6,42
2024-11-18T19:30:00Z,34721,1098,8427,42050,10,43
2024-11-21T10:00:00Z,38057,3842,7763,41978,13,44
2024-11-22T19:00:00Z,37332,934,5574,41972,5,45
2024-11-27T18:30:00Z,38032,1181,5113,41964,6,46
2024-11-26T18:00:00Z,37482,434,4843,41891,1,47
2024-11-20T17:00:00Z,39873,2446,4411,41838,6,48
2024-11-28T19:30:00Z,36375,3204,8658,41829,6,49
2024-11-26T17:00:00Z,37481,462,4700,41719,0,50
2024-11-27T17:30:00Z,38323,1274,4647,41696,4,51
2024-11-22T19:30:00Z,36790,941,5845,41694,9,52
2024-11-27T17:00:00Z,38299,1327,4659,41631,6,53
2024-11-19T19:00:00Z,37482,2790,6872,41564,2,54
2024-11-22T16:00:00Z,37196,1146,5457,41507,10,55
2024-11-27T19:00:00Z,37584,1159,5023,41448,5,56
2024-12-05T13:30:00Z,33302,3597,11688,41393,12,57
2024-11-18T15:30:00Z,35805,620,6184,41369,6,58
2024-12-05T13:00:00Z,33367,3631,11550,41286,14,59
2024-11-26T18:30:00Z,37013,449,4662,41226,1,60
2024-11-27T16:30:00Z,38061,1379,4535,41217,0,61
2024-12-05T14:00:00Z,33308,3603,11492,41197,9,62
2024-11-21T10:30:00Z,37987,4259,7251,40979,9,63
2024-12-05T12:30:00Z,33373,3749,11344,40968,9,64
2024-12-05T16:30:00Z,35165,4397,10147,40915,4,65
2024-12-05T18:00:00Z,35124,5020,10794,40898,7,66
2024-12-05T17:00:00Z,35449,4611,10041,40879,4,67
2024-11-28T15:00:00Z,35352,2397,7902,40857,11,68
2024-12-03T15:00:00Z,34913,1353,7268,40828,5,69
2024-11-22T20:00:00Z,35678,888,5975,40765,6,70
2024-11-19T19:30:00Z,36660,2797,6887,40750,9,71
2024-11-27T19:30:00Z,36812,1136,4979,40655,10,72
2024-11-17T17:00:00Z,34511,1579,7657,40589,4,73
2024-12-05T16:00:00Z,34686,4246,10126,40566,4,74
2024-11-28T08:00:00Z,34944,1134,6695,40505,18,75
2024-11-26T19:00:00Z,36285,475,4532,40342,4,76
2024-11-20T21:00:00Z,34311,1830,7820,40301,13,77
2024-11-26T16:30:00Z,36775,505,4030,40300,0,78
2024-11-19T17:30:00Z,38446,2688,4524,40282,7,79
2024-12-05T14:30:00Z,33043,3691,10916,40268,14,80
2024-12-02T19:00:00Z,35684,1708,6283,40259,7,81
2024-12-05T17:30:00Z,35223,4825,9858,40256,0,82
2024-11-18T15:00:00Z,35202,716,5769,40255,2,83
2024-11-20T16:30:00Z,39232,2595,3604,40241,8,84
2024-11-19T17:00:00Z,38571,2651,4295,40215,9,85
2024-11-14T18:00:00Z,36060,585,4715,40190,4,86
2024-11-19T16:30:00Z,38088,2613,4708,40183,14,87
2024-12-01T18:00:00Z,33016,2295,9448,40169,5,88
2024-11-28T20:00:00Z,35398,3268,8038,40168,6,89
2024-11-19T18:00:00Z,38096,2735,4787,40148,8,90
2024-12-01T17:00:00Z,33292,2287,9138,40143,1,91
2024-12-05T12:00:00Z,33130,3920,10873,40083,11,92
2024-11-18T14:30:00Z,35006,949,5948,40005,5,93
2024-11-27T16:00:00Z,37254,1514,4265,40005,8,94
2024-11-21T16:30:00Z,39659,3101,3442,40000,9,95
2024-12-05T15:30:00Z,33740,4094,10351,39997,5,96
2024-11-14T19:00:00Z,35310,576,5249,39983,7,97
2024-11-21T15:30:00Z,38021,2535,4484,39970,4,98
2024-11-17T17:30:00Z,34209,1581,7329,39957,4,99
2024-11-14T18:30:00Z,35707,601,4846,39952,6,100
2024-11-17T16:30:00Z,33854,1576,7659,39937,4,101
2024-12-03T20:00:00Z,35465,1870,6315,39910,10,102
2024-11-28T08:30:00Z,35048,1932,6776,39892,19,103
2024-12-05T19:00:00Z,33642,5291,11533,39884,9,104
2024-11-19T13:30:00Z,36403,2912,6372,39863,9,105
2024-12-01T17:30:00Z,33114,2319,9068,39863,5,106
2024-11-19T18:30:00Z,37721,2782,4923,39862,2,107
2024-11-21T16:00:00Z,38900,2776,3737,39861,11,108
2024-11-22T15:30:00Z,35847,1262,5271,39856,10,109
2024-11-21T11:00:00Z,37670,4666,6795,39799,8,110
2024-11-28T09:00:00Z,35566,3015,7177,39728,13,111
2024-11-19T15:30:00Z,36879,2317,5094,39656,14,112
2024-11-18T20:00:00Z,33575,1322,7393,39646,12,113
2024-11-18T14:00:00Z,34850,1236,5990,39604,10,114
2024-12-05T11:30:00Z,33196,4169,10561,39588,12,115
2024-11-21T17:00:00Z,39926,3093,2749,39582,6,116
2024-12-05T18:30:00Z,34094,5215,10664,39543,4,117
2024-11-19T16:00:00Z,37296,2436,4665,39525,12,118
2024-12-02T19:30:00Z,34807,1550,6255,39512,13,119
2024-11-22T20:30:00Z,34415,834,5928,39509,11,120
2024-11-19T13:00:00Z,36269,2981,6164,39452,9,121
2024-11-21T17:30:00Z,39970,3085,2550,39435,6,122
2024-11-26T19:30:00Z,35642,501,4256,39397,4,123
2024-11-28T14:30:00Z,34737,3073,7726,39390,7,124
2024-11-21T18:00:00Z,39949,3102,2526,39373,6,125
2024-12-05T11:00:00Z,33136,3871,10067,39332,12,126
2024-10-30T17:00:00Z,34148,538,5674,39284,4,127
2024-11-14T17:30:00Z,35665,569,4182,39278,0,128
2024-12-01T16:30:00Z,32495,2255,8947,39187,6,129
2024-12-05T19:30:00Z,32600,5367,11908,39141,13,130
2024-11-20T16:00:00Z,37834,2600,3881,39115,2,131
2024-11-13T18:00:00Z,36161,1433,4386,39114,4,132
2024-11-14T17:00:00Z,35584,548,4056,39092,0,133
2024-12-03T09:00:00Z,35295,1391,5182,39086,11,134
2024-11-04T18:00:00Z,35266,410,4222,39078,0,135
2024-12-01T18:30:00Z,32164,2271,9161,39054,5,136
2024-11-04T17:30:00Z,35141,406,4282,39017,0,137
2024-11-19T20:00:00Z,35064,2770,6716,39010,11,138
2024-12-02T16:30:00Z,36394,2337,4940,38997,8,139
2024-11-21T18:30:00Z,39707,3118,2404,38993,4,140
2024-11-13T18:30:00Z,35814,1429,4583,38968,4,141
2024-11-19T12:30:00Z,36467,2925,5420,38962,9,142
2024-11-21T07:30:00Z,35700,2169,5426,38957,8,143
2024-11-16T17:00:00Z,32138,2140,8950,38948,5,144
2024-11-14T19:30:00Z,34356,551,5142,38947,8,145
2024-11-27T20:00:00Z,35710,1117,4331,38924,9,146
2024-12-02T18:00:00Z,36163,2007,4765,38921,3,147
2024-10-30T17:30:00Z,33788,584,5691,38895,4,148
2024-11-20T21:30:00Z,32574,1758,8045,38861,12,149
2024-11-06T17:00:00Z,34890,761,4662,38791,0,150
2024-11-06T17:30:00Z,34978,784,4583,38777,0,151
2024-11-22T15:00:00Z,35240,1815,5344,38769,13,152
2024-11-14T16:30:00Z,34886,527,4400,38759,4,153
2024-12-05T15:00:00Z,32744,3875,9870,38739,9,154
2024-11-06T18:30:00Z,34661,833,4900,38728,4,155
2024-11-13T17:00:00Z,36232,1424,3916,38724,3,156
2024-11-16T17:30:00Z,32167,2143,8688,38712,5,157
2024-11-08T17:30:00Z,35005,643,4346,38708,5,158
2024-11-13T17:30:00Z,36198,1436,3929,38691,4,159
2024-11-27T15:30:00Z,36210,1524,4001,38687,12,160
2024-11-21T11:30:00Z,37372,5471,6771,38672,8,161
2024-11-19T11:30:00Z,36439,2918,5149,38670,4,162
2024-11-06T18:00:00Z,34910,809,4539,38640,0,163
2024-11-09T17:30:00Z,33127,322,5832,38637,5,164
2024-11-28T20:30:00Z,33894,3332,8042,38604,14,165
2024-11-25T19:00:00Z,34451,4144,8282,38589,11,166
2024-11-25T17:30:00Z,35520,4358,7420,38582,3,167
2024-11-05T17:30:00Z,34740,513,4347,38574,0,168
2024-11-28T09:30:00Z,35231,3948,7278,38561,15,169
2024-11-08T17:00:00Z,34922,669,4306,38559,5,170
2024-12-02T18:30:00Z,35648,1865,4765,38548,2,171
2024-11-21T15:00:00Z,36870,2956,4631,38545,9,172
2024-11-05T17:00:00Z,34782,485,4247,38544,4,173
2024-11-19T12:00:00Z,36275,2954,5200,38521,7,174
2024-11-26T16:00:00Z,35030,586,4064,38508,5,175
2024-11-19T09:00:00Z,35669,2198,5027,38498,9,176
2024-11-21T19:00:00Z,39193,3099,2378,38472,10,177
2024-11-28T07:30:00Z,33868,917,5520,38471,14,178
2024-11-19T11:00:00Z,36232,2873,5110,38469,8,179
2024-12-05T10:30:00Z,33013,3610,9063,38466,13,180
2024-11-19T15:00:00Z,36056,2425,4834,38465,10,181
2024-11-28T14:00:00Z,34413,3651,7701,38463,6,182
2024-11-13T19:00:00Z,35328,1414,4539,38453,9,183
2024-11-18T13:30:00Z,34520,1575,5505,38450,11,184
2024-11-17T18:00:00Z,33375,1556,6594,38413,3,185
2024-11-17T18:30:00Z,33063,1530,6838,38371,5,186
2024-11-19T09:30:00Z,35887,2409,4893,38371,12,187
2024-11-08T18:00:00Z,34572,587,4381,38366,7,188
2024-11-17T16:00:00Z,32568,1602,7398,38364,6,189
2024-12-03T20:30:00Z,34324,1927,5962,38359,13,190
2024-11-06T16:30:00Z,34423,738,4667,38352,0,191
2024-11-16T16:30:00Z,31663,2137,8826,38352,4,192
2024-11-26T20:00:00Z,34537,526,4333,38344,4,193
2024-11-03T17:00:00Z,33194,439,5588,38343,6,194
2024-11-09T18:00:00Z,32823,340,5860,38343,7,195
2024-12-05T10:00:00Z,32930,3304,8709,38335,13,196
2024-11-04T17:00:00Z,34709,400,4023,38332,0,197
2024-12-04T14:00:00Z,34606,3094,6802,38314,7,198
2024-12-04T14:30:00Z,34600,3152,6863,38311,8,199
2024-11-12T18:00:00Z,35755,1131,3673,38297,6,200
2024-12-03T14:30:00Z,34186,1860,5963,38289,7,201
2024-11-25T17:00:00Z,35421,4402,7266,38285,5,202
2024-11-19T14:30:00Z,35845,2636,5059,38268,13,203
2024-11-09T17:00:00Z,32954,308,5621,38267,5,204
2024-11-04T18:30:00Z,34566,413,4112,38265,3,205
2024-10-14T18:30:00Z,33417,842,5688,38263,4,206
2024-11-28T13:30:00Z,34190,4354,8426,38262,9,207
2024-11-03T17:30:00Z,33130,458,5568,38240,6,208
2024-12-03T08:30:00Z,34528,759,4462,38231,4,209
2024-11-27T20:30:00Z,34695,1097,4624,38222,15,210
2024-12-03T09:30:00Z,35089,2001,5127,38215,12,211
2024-11-30T17:00:00Z,32422,3652,9432,38202,3,212
2024-12-01T16:00:00Z,31596,2288,8869,38177,13,213
2024-11-18T20:30:00Z,32679,1545,7023,38157,12,214
2024-11-25T18:00:00Z,35167,4309,7297,38155,3,215
2024-11-13T16:30:00Z,35633,1412,3929,38150,0,216
2024-12-04T16:30:00Z,36803,4065,5379,38117,7,217
2024-11-16T18:00:00Z,31983,2163,8269,38089,5,218
2024-12-04T13:30:00Z,34458,3087,6704,38075,7,219
2024-11-19T10:00:00Z,36011,2572,4617,38056,8,220
2024-11-01T17:30:00Z,32797,467,5710,38040,2,221
2024-12-05T20:00:00Z,31452,5373,11960,38039,9,222
2024-11-11T18:00:00Z,35416,1224,3814,38006,5,223
2024-11-25T19:30:00Z,33558,4028,8422,37952,11,224
2024-11-19T14:00:00Z,35858,2875,4951,37934,8,225
2024-11-24T17:30:00Z,32606,5328,10645,37923,0,226
2024-11-05T18:00:00Z,34368,540,4093,37921,5,227
2024-11-12T18:30:00Z,35307,1122,3734,37919,6,228
2024-11-30T17:30:00Z,32328,3808,9395,37915,3,229
2024-10-03T19:00:00Z,31377,1041,7574,37910,1,230
2024-11-19T10:30:00Z,35982,2595,4512,37899,8,231
2024-11-01T17:00:00Z,32765,500,5622,37887,3,232
2024-12-04T16:00:00Z,36185,3812,5509,37882,8,233
2024-11-28T10:00:00Z,35223,4691,7347,37879,15,234
2024-12-04T17:00:00Z,37129,4316,5054,37867,7,235
2024-12-04T12:30:00Z,34284,3425,6992,37851,7,236
2024-11-04T19:00:00Z,33948,414,4308,37842,9,237
2024-10-14T18:00:00Z,33041,804,5600,37837,2,238
2024-10-08T19:00:00Z,32379,1813,7250,37816,9,239
2024-10-10T19:00:00Z,32570,883,6128,37815,6,240
2024-10-14T19:00:00Z,33094,878,5578,37794,2,241
2024-11-21T19:30:00Z,38244,3080,2622,37786,10,242
2024-11-12T19:00:00Z,34543,1113,4355,37785,8,243
2024-11-06T19:00:00Z,34019,868,4616,37767,6,244
2024-12-03T10:00:00Z,34768,2501,5484,37751,17,245
2024-10-30T18:00:00Z,33190,640,5186,37736,2,246
2024-12-02T20:00:00Z,33441,1477,5758,37722,8,247
2024-11-24T17:00:00Z,32296,5279,10701,37718,0,248
2024-11-11T18:30:00Z,35050,1217,3833,37666,6,249
2024-11-25T18:30:00Z,34782,4260,7144,37666,4,250
2024-11-18T13:00:00Z,34447,2017,5234,37664,11,251
2024-11-24T16:30:00Z,32225,5229,10643,37639,0,252
2024-11-21T07:00:00Z,34403,2102,5318,37619,8,253
2024-11-19T20:30:00Z,33629,2742,6727,37614,11,254
2024-12-02T17:00:00Z,36201,2243,3639,37597,5,255
2024-12-03T08:00:00Z,34113,389,3843,37567,6,256
2024-11-08T18:30:00Z,33699,530,4391,37560,8,257
2024-10-28T17:00:00Z,34029,746,4270,37553,7,258
2024-10-10T19:30:00Z,31894,887,6540,37547,4,259
2024-10-03T18:30:00Z,31044,952,7445,37537,1,260
2024-11-14T20:00:00Z,33352,583,4765,37534,8,261
2024-12-04T08:30:00Z,34359,1332,4474,37501,7,262
2024-12-02T16:00:00Z,35259,2521,4746,37484,6,263
2024-11-09T18:30:00Z,32210,357,5630,37483,8,264
2024-11-22T21:00:00Z,32667,886,5673,37454,10,265
2024-11-27T21:00:00Z,33274,1039,5216,37451,8,266
2024-12-04T17:30:00Z,37091,4566,4914,37439,7,267
2024-12-02T17:30:00Z,36037,2149,3531,37419,3,268
2024-11-08T19:00:00Z,33080,530,4865,37415,8,269
2024-11-28T07:00:00Z,32839,886,5453,37406,9,270
2024-10-03T19:30:00Z,30957,1069,7506,37394,6,271
2024-11-13T19:30:00Z,34362,1398,4427,37391,11,272
2024-12-04T09:00:00Z,34896,1968,4460,37388,7,273
2024-12-04T15:00:00Z,34701,3289,5975,37387,7,274
2024-12-04T13:00:00Z,34160,3212,6438,37386,9,275
2024-11-03T16:30:00Z,32260,419,5524,37365,6,276
2024-10-14T17:30:00Z,32574,830,5618,37362,1,277
2024-12-04T12:00:00Z,34385,3497,6453,37341,7,278
2024-11-15T17:30:00Z,35142,2882,5049,37309,10,279
2024-10-08T19:30:00Z,31418,1826,7716,37308,8,280
2024-10-10T18:30:00Z,32576,878,5606,37304,6,281
2024-11-12T19:30:00Z,33832,1104,4574,37302,9,282
2024-10-28T17:30:00Z,33817,685,4166,37298,7,283
2024-11-03T18:00:00Z,32478,475,5288,37291,6,284
2024-11-12T17:00:00Z,35854,1140,2576,37290,4,285
2024-11-21T20:00:00Z,37368,3112,3028,37284,8,286
2024-11-15T18:00:00Z,34771,2884,5379,37266,8,287
2024-11-17T19:00:00Z,32319,1505,6452,37266,6,288
2024-11-14T16:00:00Z,33597,479,4146,37264,5,289
2024-12-04T08:00:00Z,34080,892,4075,37263,7,290
2024-11-05T16:30:00Z,34102,457,3609,37254,1,291
2024-12-01T19:00:00Z,31000,2224,8474,37250,11,292
2024-10-27T18:30:00Z,31110,2249,8385,37246,8,293
2024-10-30T18:30:00Z,32755,696,5180,37239,3,294
2024-11-05T18:30:00Z,34033,566,3770,37237,2,295
2024-11-26T20:30:00Z,33487,550,4278,37215,7,296
2024-11-16T18:30:00Z,31534,2182,7862,37214,5,297
2024-11-07T16:30:00Z,34553,1546,4199,37206,4,298
2024-11-28T13:00:00Z,33927,5042,8320,37205,9,299
2024-11-27T15:00:00Z,35144,1829,3885,37200,14,300
2024-11-21T14:30:00Z,36310,3870,4739,37179,16,301
2024-10-31T17:30:00Z,32289,1688,6577,37178,6,302
2024-11-10T17:30:00Z,33521,1663,5310,37168,8,303
2024-11-24T16:00:00Z,31488,5226,10904,37166,0,304
2024-12-05T09:00:00Z,32686,2837,7313,37162,6,305
2024-11-18T12:30:00Z,34231,2172,5098,37157,11,306
2024-11-10T17:00:00Z,33641,1629,5102,37114,7,307
2024-10-10T17:30:00Z,31979,1170,6293,37102,6,308
2024-11-08T16:30:00Z,34261,695,3526,37092,5,309
2024-12-04T10:00:00Z,34522,2566,5135,37091,6,310
2024-12-04T09:30:00Z,34822,2340,4607,37089,4,311
2024-11-29T19:00:00Z,34208,4084,6961,37085,7,312
2024-11-01T18:00:00Z,32324,453,5197,37068,4,313
2024-11-11T17:30:00Z,35602,1230,2687,37059,4,314
2024-11-11T19:00:00Z,34615,1210,3630,37035,9,315
2024-10-23T19:00:00Z,32729,2203,6507,37033,12,316
2024-11-20T15:30:00Z,36442,2739,3328,37031,5,317
2024-11-12T17:30:00Z,35499,1140,2661,37020,6,318
2024-11-15T17:00:00Z,34949,2764,4835,37020,11,319
2024-11-30T16:30:00Z,31311,3496,9204,37019,3,320
2024-10-31T17:00:00Z,32341,1707,6370,37004,6,321
2024-10-15T19:00:00Z,32661,2787,7121,36995,14,322
2024-10-03T20:00:00Z,30290,1123,7822,36989,2,323
2024-12-03T14:00:00Z,33964,2511,5504,36957,5,324
2024-11-20T22:00:00Z,30648,1735,8025,36938,13,325
2024-10-10T18:00:00Z,32298,890,5522,36930,6,326
2024-12-05T09:30:00Z,32488,2986,7427,36929,11,327
2024-11-11T17:00:00Z,35478,1194,2639,36923,4,328
2024-10-22T18:30:00Z,33192,1120,4847,36919,0,329
2024-11-01T16:30:00Z,31755,533,5696,36918,6,330
2024-11-30T18:00:00Z,31696,3919,9140,36917,6,331
2024-10-30T16:30:00Z,32737,492,4652,36897,7,332
2024-12-04T15:30:00Z,35135,3559,5307,36883,5,333
2024-10-30T19:00:00Z,32412,756,5160,36816,6,334
2024-12-04T11:00:00Z,34350,3173,5626,36803,10,335
2024-10-23T18:30:00Z,32883,2123,6037,36797,8,336
2024-11-24T18:00:00Z,31997,5308,10104,36793,0,337
2024-10-08T20:00:00Z,30352,1839,8264,36777,8,338
2024-10-14T19:30:00Z,32500,913,5190,36777,3,339
2024-12-03T10:30:00Z,34494,3127,5377,36744,10,340
2024-11-19T21:00:00Z,32217,2756,7281,36742,11,341
2024-11-15T18:30:00Z,33889,2885,5729,36733,11,342
2024-11-29T18:00:00Z,35155,4037,5597,36715,4,343
2024-11-07T18:00:00Z,34707,1520,3526,36713,6,344
2024-12-03T13:30:00Z,34054,2954,5612,36712,5,345
2024-11-16T16:00:00Z,30222,2128,8598,36692,7,346
2024-12-04T10:30:00Z,34326,2945,5298,36679,8,347
2024-10-26T18:00:00Z,29535,1915,9052,36672,6,348
2024-11-25T16:30:00Z,34652,4445,6465,36672,3,349
2024-12-05T20:30:00Z,30212,5379,11834,36667,8,350
2024-09-13T20:00:00Z,28171,798,9279,36652,9,351
2024-12-03T12:00:00Z,34283,3517,5882,36648,13,352
2024-10-22T19:00:00Z,32870,1137,4907,36640,0,353
2024-11-26T15:30:00Z,33840,520,3315,36635,0,354
2024-11-06T19:30:00Z,33156,902,4380,36634,7,355
2024-10-13T18:00:00Z,31506,499,5626,36633,0,356
2024-10-11T19:00:00Z,31576,1227,6277,36626,5,357
2024-10-03T18:00:00Z,30411,1016,7217,36612,2,358
2024-11-13T16:00:00Z,34275,1277,3611,36609,4,359
2024-11-18T12:00:00Z,34218,2309,4694,36603,9,360
2024-10-29T18:00:00Z,33451,713,3848,36586,0,361
2024-10-26T18:30:00Z,29155,1823,9246,36578,9,362
2024-12-03T12:30:00Z,34289,3564,5846,36571,9,363
2024-11-01T19:00:00Z,31429,425,5549,36553,5,364
2024-12-04T11:30:00Z,34385,3351,5504,36538,9,365
2024-10-27T18:00:00Z,30472,2209,8273,36536,10,366
2024-11-22T14:30:00Z,34352,2833,5000,36519,15,367
2024-09-26T19:00:00Z,29925,3258,9832,36499,6,368
2024-12-02T20:30:00Z,32259,1404,5641,36496,6,369
2024-11-07T16:00:00Z,33708,1512,4293,36489,7,370
2024-11-06T16:00:00Z,32755,726,4442,36471,6,371
2024-10-28T18:00:00Z,33286,662,3826,36450,5,372
2024-11-17T15:30:00Z,31129,1676,6980,36433,10,373
2024-11-29T19:30:00Z,33020,4070,7465,36415,7,374
2024-11-25T20:00:00Z,32359,4030,8085,36414,11,375
2024-10-13T17:30:00Z,31184,502,5713,36395,0,376
2024-10-22T18:00:00Z,32739,1256,4893,36376,0,377
2024-10-10T20:00:00Z,31061,902,6204,36363,10,378
2024-10-23T18:00:00Z,32625,2156,5890,36359,6,379
2024-11-07T19:00:00Z,33450,1440,4345,36355,11,380
2024-11-28T10:30:00Z,34619,5264,6999,36354,15,381
2024-11-15T19:00:00Z,33404,2854,5775,36325,8,382
2024-11-28T12:30:00Z,33778,5617,8157,36318,9,383
2024-11-11T19:30:00Z,33879,1203,3625,36301,8,384
2024-11-19T08:30:00Z,34405,2064,3953,36294,12,385
2024-11-29T16:30:00Z,35185,4003,5108,36290,6,386
2024-12-03T13:00:00Z,34225,3339,5403,36289,5,387
2024-11-08T19:30:00Z,31958,529,4858,36287,5,388
2024-10-28T19:00:00Z,32370,625,4539,36284,4,389
2024-11-10T16:30:00Z,33035,1595,4842,36282,7,390
2024-11-04T16:30:00Z,33636,394,3039,36281,4,391
2024-11-04T19:30:00Z,32672,415,4006,36263,10,392
2024-11-09T16:30:00Z,31857,293,4699,36263,10,393
2024-11-03T18:30:00Z,31797,491,4949,36255,6,394
2024-11-13T20:00:00Z,33005,1324,4570,36251,11,395
2024-11-01T18:30:00Z,31657,439,5030,36248,6,396
2024-11-18T21:00:00Z,30833,1681,7093,36245,13,397
2024-10-13T18:30:00Z,31328,534,5431,36225,0,398
2024-11-29T17:30:00Z,35257,3976,4928,36209,4,399
2024-11-29T17:00:00Z,35352,3990,4833,36195,5,400
2024-11-29T18:30:00Z,34527,4098,5766,36195,8,401
2024-10-28T18:30:00Z,32890,639,3940,36191,3,402
2024-11-17T19:30:00Z,31117,1479,6534,36172,12,403
2024-11-05T16:00:00Z,33073,426,3513,36160,9,404
2024-11-05T19:00:00Z,33289,596,3450,36143,7,405
2024-11-26T21:00:00Z,32551,552,4143,36142,8,406
2024-10-29T17:30:00Z,33661,750,3217,36128,0,407
2024-11-18T11:30:00Z,33917,2422,4628,36123,10,408
2024-12-01T19:30:00Z,29988,2177,8298,36109,10,409
2024-11-15T16:30:00Z,34280,2646,4471,36105,11,410
2024-11-30T18:30:00Z,31089,4030,9044,36103,9,411
2024-10-29T18:30:00Z,32912,676,3864,36100,3,412
2024-10-29T19:00:00Z,32456,642,4280,36094,7,413
2024-10-23T19:30:00Z,31869,2283,6491,36077,14,414
2024-10-14T17:00:00Z,31999,1125,5200,36074,10,415
2024-10-28T16:30:00Z,32840,766,4000,36074,8,416
2024-11-07T17:00:00Z,34529,1545,3084,36068,0,417
2024-11-14T20:30:00Z,32198,615,4466,36049,8,418
2024-10-31T16:30:00Z,31704,1725,6068,36047,6,419
2024-10-13T19:00:00Z,30906,583,5684,36007,0,420
2024-11-20T08:00:00Z,34996,3161,4169,36004,13,421
2024-11-30T16:00:00Z,30195,3402,9205,35998,4,422
2024-11-07T17:30:00Z,34725,1544,2795,35976,2,423
2024-11-23T18:00:00Z,31801,4046,8213,35968,0,424
2024-11-27T11:00:00Z,35418,3008,3555,35965,13,425
2024-11-18T11:00:00Z,34010,2990,4925,35945,10,426
2024-10-30T19:30:00Z,31654,816,5106,35944,11,427
2024-10-21T19:00:00Z,32859,2561,5645,35943,7,428
2024-10-03T20:30:00Z,29298,1176,7798,35920,6,429
2024-10-16T18:00:00Z,33045,1090,3953,35908,10,430
2024-10-11T19:30:00Z,30794,1283,6381,35892,7,431
2024-11-10T18:00:00Z,32663,1687,4910,35886,12,432
2024-11-08T16:00:00Z,33215,700,3366,35881,5,433
2024-10-27T19:00:00Z,30362,2288,7805,35879,11,434
2024-10-03T17:30:00Z,29775,1624,7699,35850,3,435
2024-11-24T18:30:00Z,31184,5287,9946,35843,0,436
2024-11-27T14:30:00Z,34788,2463,3515,35840,6,437
2024-11-16T19:00:00Z,30641,2186,7382,35837,5,438
2024-11-24T15:30:00Z,30298,5227,10766,35837,5,439
2024-10-08T18:30:00Z,32198,1800,5419,35817,4,440
2024-10-16T17:30:00Z,32946,1095,3947,35798,10,441
2024-11-01T16:00:00Z,30835,592,5544,35787,11,442
2024-10-29T17:00:00Z,33457,783,3109,35783,0,443
2024-11-19T08:00:00Z,33606,1868,4042,35780,12,444
2024-09-13T19:30:00Z,28035,808,8546,35773,9,445
2024-12-01T15:30:00Z,30249,2335,7857,35771,15,446
2024-11-03T16:00:00Z,31178,416,4995,35757,6,447
2024-11-09T19:00:00Z,31337,382,4800,35755,11,448
2024-10-31T18:00:00Z,31719,1687,5721,35753,6,449
2024-11-11T16:30:00Z,34656,1158,2254,35752,3,450
2024-11-27T21:30:00Z,31371,980,5356,35747,7,451
2024-11-22T21:30:00Z,30968,938,5713,35743,8,452
2024-12-03T11:30:00Z,34013,3505,5233,35741,14,453
2024-11-07T18:30:00Z,33845,1496,3381,35730,14,454
2024-09-13T20:30:00Z,27291,859,9279,35711,9,455
2024-10-16T18:30:00Z,32986,1092,3803,35697,10,456
2024-11-05T09:00:00Z,32174,869,4377,35682,9,457
2024-11-17T15:00:00Z,30397,1798,7083,35682,8,458
2024-10-15T19:30:00Z,31502,2841,7016,35677,13,459
2024-09-26T19:30:00Z,29222,3270,9723,35675,8,460
2024-12-02T15:30:00Z,33872,2575,4378,35675,12,461
2024-10-22T19:30:00Z,32065,1153,4760,35672,2,462
2024-11-23T17:30:00Z,32051,3983,7602,35670,0,463
2024-11-01T19:30:00Z,30695,411,5380,35664,7,464
2024-11-21T20:30:00Z,35767,3143,3008,35632,7,465
2024-10-06T18:00:00Z,30020,1361,6970,35629,6,466
2024-10-25T18:00:00Z,30999,852,5474,35621,6,467
2024-10-30T16:00:00Z,31828,472,4261,35617,5,468
2024-12-02T21:00:00Z,30938,1274,5951,35615,4,469
2024-10-10T20:30:00Z,30226,917,6304,35613,10,470
2024-11-23T18:30:00Z,31282,4108,8439,35613,0,471
2024-10-15T18:30:00Z,32708,2732,5628,35604,6,472
2024-11-18T09:00:00Z,33655,2070,4005,35590,9,473
2024-10-16T19:00:00Z,32714,1114,3981,35581,7,474
2024-11-29T16:00:00Z,34280,3958,5247,35569,6,475
2024-10-11T20:00:00Z,30233,1337,6662,35558,11,476
2024-10-22T17:30:00Z,31861,1145,4836,35552,0,477
2024-11-30T13:30:00Z,28329,3654,10877,35552,6,478
2024-11-06T15:30:00Z,32326,749,3966,35543,6,479
2024-11-08T20:00:00Z,31167,531,4903,35539,7,480
2024-10-26T19:00:00Z,28575,1756,8718,35537,7,481
2024-10-08T20:30:00Z,28947,1852,8435,35530,8,482
2024-10-11T08:00:00Z,30342,2060,7245,35527,14,483
2024-11-28T12:00:00Z,33853,6000,7665,35518,9,484
2024-11-28T11:30:00Z,34064,5879,7330,35515,11,485
2024-10-25T18:30:00Z,31000,811,5324,35513,7,486
2024-11-25T20:30:00Z,31329,4032,8215,35512,11,487
2024-11-15T19:30:00Z,32510,2822,5818,35506,11,488
2024-11-10T18:30:00Z,32220,1711,4970,35479,14,489
2024-11-27T11:30:00Z,35300,3512,3674,35462,9,490
2024-11-20T09:00:00Z,35296,4637,4790,35449,13,491
2024-11-20T22:30:00Z,29020,1711,8140,35449,12,492
2024-12-03T11:00:00Z,33925,3487,5000,35438,11,493
2024-11-10T16:00:00Z,31702,1544,5264,35422,11,494
2024-11-17T20:00:00Z,30220,1412,6608,35416,11,495
2024-11-28T11:00:00Z,34213,5797,6990,35406,17,496
2024-10-31T19:00:00Z,31095,1676,5971,35390,7,497
2024-12-01T20:00:00Z,29099,2149,8438,35388,10,498
2024-10-31T18:30:00Z,31362,1686,5702,35378,6,499
2024-11-17T14:30:00Z,29656,2053,7755,35358,12,500
2024-10-06T17:30:00Z,29879,1499,6951,35331,6,501
2024-11-08T15:30:00Z,32638,719,3408,35327,6,502
2024-10-15T18:00:00Z,32481,2698,5539,35322,4,503
2024-10-06T18:30:00Z,29723,1323,6906,35306,8,504
2024-10-25T19:00:00Z,30657,806,5443,35294,6,505
2024-10-13T17:00:00Z,30395,690,5577,35282,0,506
2024-10-29T19:30:00Z,31642,608,4245,35279,7,507
2024-11-16T13:30:00Z,28476,3314,10113,35275,8,508
2024-11-05T09:30:00Z,31946,1027,4352,35271,11,509
2024-10-09T19:00:00Z,31383,3473,7347,35257,9,510
2024-11-16T14:30:00Z,28671,2794,9367,35244,8,511
2024-11-23T17:00:00Z,32077,4034,7190,35233,0,512
2024-09-26T18:30:00Z,29307,3250,9168,35225,7,513
2024-11-30T13:00:00Z,28356,3895,10761,35222,6,514
2024-10-23T17:30:00Z,31669,2004,5540,35205,6,515
2024-11-26T15:00:00Z,32850,1039,3394,35205,4,516
2024-11-03T15:30:00Z,30567,446,5083,35204,6,517
2024-11-07T15:30:00Z,32628,1506,4069,35191,6,518
2024-10-28T19:30:00Z,31436,611,4364,35189,6,519
2024-10-16T17:00:00Z,32446,1241,3979,35184,9,520
2024-10-06T19:00:00Z,29467,1320,7027,35174,11,521
2024-11-20T15:00:00Z,35088,3405,3487,35170,12,522
2024-10-27T17:30:00Z,29489,2129,7801,35161,10,523
2024-11-16T13:00:00Z,28570,3422,10010,35158,8,524
2024-11-25T16:00:00Z,33428,4549,6279,35158,8,525
2024-11-26T08:00:00Z,33068,1471,3559,35156,8,526
2024-11-12T20:00:00Z,32609,1075,3617,35151,9,527
2024-11-27T12:00:00Z,35153,3817,3806,35142,9,528
2024-10-10T17:00:00Z,30874,1918,6167,35123,9,529
2024-11-24T15:00:00Z,29480,5226,10854,35108,9,530
2024-11-21T12:00:00Z,36440,5963,4628,35105,7,531
2024-11-07T19:30:00Z,32290,1384,4188,35094,11,532
2024-11-18T09:30:00Z,33493,2552,4143,35084,11,533
2024-11-24T14:30:00Z,29160,5325,11239,35074,10,534
2024-11-15T20:00:00Z,31461,2797,6403,35067,15,535
2024-10-23T20:00:00Z,30851,2358,6573,35066,13,536
2024-10-15T09:00:00Z,31445,2244,5852,35053,7,537
2024-11-12T16:30:00Z,34737,1139,1447,35045,2,538
2024-12-04T18:00:00Z,36440,4733,3338,35045,7,539
2024-11-16T15:30:00Z,29210,2172,8001,35039,6,540
2024-10-08T18:00:00Z,31668,1808,5177,35037,5,541
2024-11-19T21:30:00Z,30444,2770,7359,35033,11,542
2024-11-23T10:30:00Z,30972,6085,10129,35016,10,543
2024-11-03T19:00:00Z,30750,495,4753,35008,14,544
2024-11-14T15:30:00Z,32660,562,2905,35003,5,545
2024-11-16T19:30:00Z,29824,2189,7366,35001,5,546
2024-10-21T19:30:00Z,32007,2574,5566,34999,8,547
2024-11-16T14:00:00Z,28336,3196,9858,34998,7,548
2024-09-13T19:00:00Z,27702,700,7966,34968,10,549
2024-11-30T12:30:00Z,28332,4435,11066,34963,6,550
2024-11-18T10:00:00Z,33488,2808,4271,34951,10,551
2024-10-30T15:30:00Z,31043,556,4453,34940,9,552
2024-10-11T18:30:00Z,31252,1171,4851,34932,5,553
2024-11-21T14:00:00Z,35701,4907,4126,34920,9,554
2024-11-07T15:00:00Z,32259,1616,4272,34915,7,555
2024-11-30T15:30:00Z,29438,3310,8776,34904,5,556
2024-11-14T21:00:00Z,30791,602,4713,34902,8,557
2024-10-16T19:30:00Z,31886,1136,4148,34898,7,558
2024-11-21T06:30:00Z,31634,2036,5296,34894,9,559
2024-11-07T13:30:00Z,31976,2309,5216,34883,9,560
2024-11-18T10:30:00Z,33572,2947,4247,34872,10,561
2024-10-14T20:00:00Z,31796,951,4018,34863,9,562
2024-11-18T21:30:00Z,29007,1816,7670,34861,13,563
2024-10-21T18:00:00Z,32795,2565,4630,34860,0,564
2024-10-21T18:30:00Z,32929,2548,4479,34860,0,565
2024-10-13T19:30:00Z,29998,631,5490,34857,6,566
2024-11-06T20:00:00Z,32029,934,3762,34857,8,567
2024-10-27T19:30:00Z,29667,2327,7515,34855,11,568
2024-11-23T16:30:00Z,31734,4085,7201,34850,0,569
2024-10-31T19:30:00Z,30484,1665,6027,34846,7,570
2024-11-04T09:30:00Z,31988,1157,4009,34840,10,571
2024-11-17T20:30:00Z,29250,1345,6921,34826,10,572
2024-11-09T13:00:00Z,30005,974,5791,34822,9,573
2024-10-24T18:00:00Z,32296,2133,4652,34815,7,574
2024-07-09T18:30:00Z,27423,2937,10320,34806,7,575
2024-11-06T13:30:00Z,31937,1441,4310,34806,8,576
2024-11-20T08:30:00Z,34805,3884,3872,34793,14,577
2024-11-15T16:00:00Z,33056,2537,4269,34788,12,578
2024-12-03T21:00:00Z,32625,1942,4105,34788,11,579
2024-12-02T15:00:00Z,33146,2761,4394,34779,12,580
2024-11-04T16:00:00Z,32637,394,2532,34775,9,581
2024-11-04T20:00:00Z,31652,408,3528,34772,12,582
2024-11-09T16:00:00Z,30605,292,4446,34759,11,583
2024-10-06T17:00:00Z,29601,1681,6835,34755,8,584
2024-10-14T16:30:00Z,31361,1581,4970,34750,0,585
2024-11-24T14:00:00Z,28957,5509,11302,34750,14,586
2024-09-24T19:00:00Z,30357,1335,5723,34745,8,587
2024-11-26T21:30:00Z,30961,553,4337,34745,6,588
2024-12-01T15:00:00Z,29262,2599,8079,34742,17,589
2024-10-25T19:30:00Z,30150,800,5382,34732,6,590
2024-11-04T12:30:00Z,32330,1635,4035,34730,14,591
2024-09-13T21:00:00Z,26255,922,9394,34727,10,592
2024-10-24T18:30:00Z,32215,2085,4594,34724,10,593
2024-12-05T08:30:00Z,31822,2694,5591,34719,2,594
2024-11-05T13:00:00Z,31799,1509,4422,34712,8,595
2024-11-13T20:30:00Z,31701,1250,4259,34710,10,596
2024-09-26T20:00:00Z,28093,3266,9879,34706,11,597
2024-11-11T20:00:00Z,32578,1147,3273,34704,8,598
2024-11-09T13:30:00Z,29891,839,5641,34693,9,599
2024-10-31T16:00:00Z,30739,1815,5765,34689,8,600
2024-11-05T19:30:00Z,32170,626,3143,34687,8,601
2024-12-01T14:30:00Z,28844,3028,8870,34686,16,602
2024-10-30T20:00:00Z,30340,878,5222,34684,11,603
2024-11-04T12:00:00Z,32433,1727,3975,34681,13,604
2024-11-09T19:30:00Z,30358,406,4725,34677,14,605
2024-11-07T13:00:00Z,31989,2522,5201,34668,8,606
2024-11-23T11:00:00Z,31041,6054,9675,34662,8,607
2024-09-09T19:30:00Z,28006,1984,8625,34647,0,608
2024-11-30T12:00:00Z,28345,4549,10849,34645,6,609
2024-11-27T10:30:00Z,35010,2610,2225,34625,7,610
2024-11-08T15:00:00Z,32008,823,3430,34615,6,611
2024-11-08T14:30:00Z,31966,1013,3659,34612,6,612
2024-11-30T11:30:00Z,28136,4219,10692,34609,6,613
2024-10-10T21:00:00Z,29051,941,6498,34608,15,614
2024-11-04T09:00:00Z,31549,909,3965,34605,12,615
2024-11-06T12:30:00Z,31932,1766,4419,34585,7,616
2024-11-22T14:00:00Z,33582,4091,5088,34579,11,617
2024-11-04T10:00:00Z,32042,1315,3840,34567,10,618
2024-11-08T09:00:00Z,31662,1097,4000,34565,8,619
2024-11-08T20:30:00Z,30160,532,4936,34564,9,620
2024-11-06T15:00:00Z,31719,847,3688,34560,6,621
2024-11-24T19:00:00Z,30197,5313,9674,34558,3,622
2024-11-17T14:00:00Z,29006,2391,7940,34555,10,623
2024-11-05T13:30:00Z,31589,1370,4334,34553,8,624
2024-11-16T12:30:00Z,28347,3604,9805,34548,8,625
2024-10-26T19:30:00Z,27852,1689,8367,34530,10,626
2024-11-08T12:30:00Z,32082,1782,4227,34527,8,627
2024-11-23T10:00:00Z,30596,6109,10027,34514,10,628
2024-07-09T18:00:00Z,27571,3202,10137,34506,7,629
2024-11-05T15:30:00Z,32232,445,2713,34500,2,630
2024-11-06T13:00:00Z,31862,1625,4263,34500,8,631
2024-11-28T21:00:00Z,32116,3396,5778,34498,11,632
2024-11-06T12:00:00Z,31908,1954,4543,34497,11,633
2024-11-27T12:30:00Z,34939,3989,3544,34494,6,634
2024-11-29T20:00:00Z,31843,4015,6665,34493,6,635
2024-11-27T14:00:00Z,34298,3184,3376,34490,5,636
2024-10-17T19:00:00Z,31312,1362,4538,34488,4,637
2024-10-15T09:30:00Z,31206,2619,5890,34477,7,638
2024-11-21T13:30:00Z,35531,5682,4623,34472,9,639
2024-10-11T20:30:00Z,29253,1390,6604,34467,13,640
2024-11-29T09:00:00Z,33781,4629,5315,34467,11,641
2024-11-30T10:00:00Z,28126,4030,10369,34465,8,642
2024-07-09T19:30:00Z,26985,2332,9811,34464,1,643
2024-09-09T19:00:00Z,27719,1984,8729,34464,0,644
2024-10-31T20:00:00Z,29524,1670,6610,34464,3,645
2024-11-16T15:00:00Z,28817,2460,8106,34463,9,646
2024-09-30T19:00:00Z,30812,2499,6143,34456,5,647
2024-12-03T07:30:00Z,32799,334,1990,34455,7,648
2024-11-27T10:00:00Z,34898,2370,1924,34452,9,649
2024-11-23T12:30:00Z,31242,5481,8690,34451,8,650
2024-11-08T12:00:00Z,32046,1857,4252,34441,9,651
2024-10-08T08:00:00Z,28794,1727,7359,34426,12,652
2024-11-18T08:00:00Z,32338,1180,3268,34426,10,653
2024-07-09T19:00:00Z,27167,2632,9887,34422,2,654
2024-10-15T17:30:00Z,31765,2692,5343,34416,0,655
2024-11-05T10:00:00Z,31570,1223,4063,34410,11,656
2024-10-12T17:30:00Z,27581,3680,10508,34409,12,657
2024-11-23T11:30:00Z,31117,5966,9255,34406,8,658
2024-11-23T16:00:00Z,31504,4236,7136,34404,0,659
2024-11-16T20:00:00Z,28811,2240,7829,34400,9,660
2024-11-16T10:00:00Z,28005,3100,9493,34398,6,661
2024-11-18T08:30:00Z,32936,1807,3262,34391,13,662
2024-09-24T19:30:00Z,30113,1273,5547,34387,6,663
2024-10-03T21:00:00Z,28121,1236,7501,34386,6,664
2024-11-21T13:00:00Z,35877,5985,4485,34377,9,665
2024-11-20T23:00:00Z,27600,1660,8427,34367,11,666
2024-11-23T12:00:00Z,31216,5720,8870,34366,8,667
2024-10-08T17:30:00Z,31319,1931,4972,34360,5,668
2024-11-01T15:30:00Z,30225,745,4880,34360,9,669
2024-11-08T11:00:00Z,31779,1715,4292,34356,9,670
2024-10-13T20:00:00Z,29314,696,5737,34355,8,671
2024-11-04T13:00:00Z,32105,1576,3825,34354,14,672
2024-11-10T15:30:00Z,30470,1611,5491,34350,10,673
2024-11-22T22:00:00Z,29575,969,5730,34336,8,674
2024-11-30T10:30:00Z,28128,4078,10283,34333,8,675
2024-11-27T13:00:00Z,34659,3752,3424,34331,6,676
2024-11-07T12:30:00Z,31897,2708,5140,34329,13,677
2024-11-23T19:00:00Z,30071,4164,8396,34303,9,678
2024-10-29T16:30:00Z,32393,816,2722,34299,0,679
2024-11-20T09:30:00Z,34943,5433,4789,34299,12,680
2024-10-22T20:00:00Z,30911,1183,4566,34294,6,681
2024-12-01T20:30:00Z,27988,2121,8427,34294,10,682
2024-11-27T13:30:00Z,34285,3491,3494,34288,5,683
2024-10-07T19:00:00Z,31788,871,3359,34276,6,684
2024-11-08T11:30:00Z,31778,1811,4298,34265,10,685
2024-10-28T16:00:00Z,31349,864,3777,34262,12,686
2024-11-07T14:30:00Z,31849,1779,4191,34261,12,687
2024-09-30T17:30:00Z,31097,2780,5943,34260,6,688
2024-10-24T19:00:00Z,31651,2061,4655,34245,8,689
2024-11-05T11:00:00Z,31579,1500,4159,34238,11,690
2024-11-26T09:00:00Z,33214,3621,4638,34231,10,691
2024-09-26T18:00:00Z,28895,3362,8694,34227,3,692
2024-11-27T09:00:00Z,34694,1948,1480,34226,8,693
2024-11-08T14:00:00Z,31704,1225,3743,34222,6,694
2024-11-01T20:00:00Z,29755,403,4869,34221,7,695
2024-11-30T14:30:00Z,28303,3332,9250,34221,11,696
2024-11-03T15:00:00Z,29670,584,5130,34216,7,697
2024-11-08T13:00:00Z,32020,1703,3892,34209,6,698
2024-11-04T10:30:00Z,32021,1458,3634,34197,10,699
2024-09-09T20:00:00Z,27823,2073,8438,34188,10,700
2024-11-09T12:30:00Z,29708,1069,5549,34188,8,701
2024-11-06T14:00:00Z,31746,1237,3676,34185,6,702
2024-11-04T13:30:00Z,31858,1399,3724,34183,14,703
2024-11-30T19:00:00Z,30018,4185,8343,34176,11,704
2024-11-26T08:30:00Z,32954,2309,3530,34175,8,705
2024-12-02T21:30:00Z,29471,1144,5845,34172,8,706
2024-10-11T18:00:00Z,30637,1140,4672,34169,4,707
2024-10-15T20:00:00Z,30121,2881,6929,34169,11,708
2024-11-05T10:30:00Z,31476,1333,4025,34168,12,709
2024-11-27T09:30:00Z,34790,2173,1540,34157,9,710
2024-11-09T15:30:00Z,30133,322,4342,34153,11,711
2024-11-13T15:30:00Z,32682,1382,2841,34141,4,712
2024-11-06T14:30:00Z,31540,1014,3609,34135,7,713
2024-11-30T11:00:00Z,28095,4203,10241,34133,6,714
2024-11-05T12:30:00Z,31657,1577,4043,34123,9,715
2024-09-30T18:00:00Z,31031,2569,5652,34114,7,716
2024-11-05T11:30:00Z,31552,1622,4176,34106,11,717
2024-11-05T08:00:00Z,31043,464,3525,34104,9,718
2024-11-01T14:30:00Z,30009,1263,5357,34103,11,719
2024-11-23T19:30:00Z,29120,4220,9192,34092,10,720
2024-12-05T08:00:00Z,31585,2862,5364,34087,5,721
2024-10-04T19:00:00Z,30398,2092,5777,34083,7,722
2024-11-08T09:30:00Z,31521,1258,3816,34079,8,723
2024-11-08T10:30:00Z,31466,1587,4195,34074,9,724
2024-10-06T19:30:00Z,28422,1317,6960,34065,11,725
2024-11-11T16:00:00Z,32998,1046,2110,34062,8,726
2024-11-04T20:30:00Z,30732,400,3724,34056,12,727
2024-10-11T08:30:00Z,29922,3375,7504,34051,16,728
2024-11-23T13:00:00Z,30857,5311,8504,34050,8,729
2024-09-30T18:30:00Z,30864,2503,5688,34049,6,730
2024-11-07T12:00:00Z,31823,2816,5038,34045,14,731
2024-11-09T12:00:00Z,29585,1119,5579,34045,9,732
2024-11-16T12:00:00Z,28244,3903,9704,34045,8,733
2024-11-21T12:30:00Z,35892,6133,4285,34044,11,734
2024-11-05T08:30:00Z,31189,634,3483,34038,11,735
2024-09-13T18:30:00Z,27371,973,7637,34035,11,736
2024-10-08T21:00:00Z,27307,1867,8589,34029,10,737
2024-10-01T19:00:00Z,30909,2862,5979,34026,7,738
2024-11-07T14:00:00Z,31563,2031,4491,34023,10,739
2024-10-31T08:00:00Z,28546,2177,7649,34018,13,740
2024-10-31T08:30:00Z,28918,2692,7791,34017,13,741
2024-11-05T12:00:00Z,31634,1605,3987,34016,11,742
2024-11-16T09:30:00Z,27784,2765,8978,33997,8,743
2024-11-15T20:30:00Z,30176,2772,6590,33994,15,744
2024-09-30T19:30:00Z,30154,2495,6318,33977,7,745
2024-12-04T18:30:00Z,35825,4900,3035,33960,9,746
2024-11-22T08:00:00Z,34400,2907,2453,33946,10,747
2024-11-06T11:30:00Z,31656,2012,4286,33930,11,748
2024-11-01T15:00:00Z,30110,996,4809,33923,10,749
2024-10-09T19:30:00Z,30117,3472,7259,33904,13,750
2024-11-08T10:00:00Z,31462,1398,3840,33904,8,751
2024-10-28T20:00:00Z,30267,610,4245,33902,8,752
2024-10-16T16:30:00Z,31428,1543,4016,33901,9,753
2024-11-30T15:00:00Z,28576,3232,8548,33892,8,754
2024-11-06T09:00:00Z,31480,1267,3678,33891,15,755
2024-10-30T20:30:00Z,29319,939,5510,33890,10,756
2024-11-10T19:00:00Z,31350,1710,4245,33885,12,757
2024-11-04T11:00:00Z,31953,1607,3533,33879,13,758
2024-10-08T07:30:00Z,28147,1413,7144,33878,9,759
2024-10-09T18:30:00Z,31007,3472,6324,33859,7,760
2024-11-09T15:00:00Z,29800,404,4455,33851,13,761
2024-11-04T11:30:00Z,32049,1696,3491,33844,13,762
2024-10-22T17:00:00Z,30406,1595,5020,33831,6,763
2024-10-02T19:00:00Z,31389,1558,3999,33830,4,764
2024-09-24T18:30:00Z,29831,1372,5368,33827,7,765
2024-10-23T17:00:00Z,30576,2285,5536,33827,8,766
2024-11-24T13:30:00Z,28527,5716,11014,33825,14,767
2024-11-19T22:00:00Z,28604,2709,7924,33819,11,768
2024-11-29T20:30:00Z,31052,3959,6724,33817,12,769
2024-10-08T17:00:00Z,31069,2143,4872,33798,5,770
2024-10-17T19:30:00Z,30560,1311,4548,33797,7,771
2024-11-19T07:30:00Z,32194,1785,3378,33787,12,772
2024-10-23T20:30:00Z,29362,2432,6849,33779,9,773
2024-10-26T17:30:00Z,28207,2010,7577,33774,5,774
2024-09-27T19:30:00Z,29217,2168,6723,33772,3,775
2024-11-01T14:00:00Z,29877,1642,5534,33769,7,776
2024-11-23T13:30:00Z,30672,5110,8207,33769,8,777
2024-11-12T20:30:00Z,31306,1046,3503,33763,13,778
2024-09-26T17:30:00Z,28675,3676,8763,33762,1,779
2024-10-29T20:00:00Z,30379,577,3959,33761,9,780
2024-11-26T07:30:00Z,32198,1300,2859,33757,12,781
2024-10-03T17:00:00Z,28659,2572,7667,33754,8,782
2024-11-22T09:00:00Z,35189,4805,3368,33752,5,783
2024-10-22T08:00:00Z,30348,2005,5406,33749,9,784
2024-10-16T20:00:00Z,30600,1138,4282,33744,10,785
2024-12-02T09:00:00Z,31522,4603,6819,33738,12,786
2024-12-02T12:30:00Z,32037,5228,6917,33726,11,787
2024-11-14T21:30:00Z,29073,588,5240,33725,8,788
2024-11-03T19:30:00Z,29617,499,4600,33718,12,789
2024-10-09T08:00:00Z,28317,2753,8148,33712,11,790
2024-10-25T20:00:00Z,29166,796,5341,33711,5,791
2024-09-30T17:00:00Z,30707,2999,6000,33708,6,792
2024-11-09T14:30:00Z,29627,527,4608,33708,9,793
2024-11-21T00:30:00Z,26730,1755,8733,33708,14,794
2024-11-12T16:00:00Z,33548,1118,1276,33706,8,795
2024-10-01T19:30:00Z,30367,2838,6173,33702,7,796
2024-11-10T14:30:00Z,29093,1993,6602,33702,10,797
2024-11-06T11:00:00Z,31609,1962,4054,33701,11,798
2024-10-21T17:30:00Z,31707,2582,4574,33699,1,799
2024-11-25T21:00:00Z,29750,4019,7963,33694,9,800
2024-11-06T09:30:00Z,31549,1501,3640,33688,11,801
2024-12-02T08:00:00Z,30737,3485,6425,33677,16,802
2024-11-05T15:00:00Z,31636,612,2652,33676,3,803
2024-11-09T11:30:00Z,29461,1121,5334,33674,9,804
2024-11-16T09:00:00Z,27551,2526,8648,33673,12,805
2024-10-15T17:00:00Z,31060,2842,5454,33672,5,806
2024-11-16T10:30:00Z,28064,3639,9242,33667,6,807
2024-11-29T15:30:00Z,32990,3758,4428,33660,12,808
2024-11-27T22:00:00Z,29311,961,5301,33651,8,809
2024-11-03T14:30:00Z,29082,782,5349,33649,17,810
2024-10-14T08:30:00Z,31292,1486,3834,33640,10,811
2024-11-30T14:00:00Z,27879,3530,9285,33634,9,812
2024-11-01T08:30:00Z,28635,1774,6767,33628,9,813
2024-11-06T10:00:00Z,31494,1701,3833,33626,11,814
2024-11-29T08:00:00Z,32800,3472,4288,33616,12,815
2024-10-09T18:00:00Z,30529,3424,6510,33615,7,816
2024-07-09T17:30:00Z,27378,3544,9776,33610,10,817
2024-10-01T18:30:00Z,30897,2885,5593,33605,7,818
2024-11-07T09:00:00Z,31188,2120,4527,33595,14,819
2024-11-15T15:30:00Z,32273,2524,3845,33594,9,820
2024-11-17T13:30:00Z,28458,2702,7833,33589,9,821
2024-11-20T07:30:00Z,33626,2932,2894,33588,17,822
2024-10-30T14:30:00Z,30375,1017,4223,33581,12,823
2024-10-03T21:30:00Z,26892,1295,7975,33572,6,824
2024-11-29T09:30:00Z,33559,5193,5198,33564,11,825
2024-10-14T09:00:00Z,31576,2010,3987,33553,5,826
2024-11-06T20:30:00Z,31075,965,3442,33552,14,827
2024-11-09T14:00:00Z,29614,678,4605,33541,11,828
2024-10-27T17:00:00Z,28121,2280,7695,33536,8,829
2024-10-11T21:00:00Z,28137,1437,6833,33533,13,830
2024-11-23T20:00:00Z,28069,4431,9891,33529,10,831
2024-12-05T21:00:00Z,28652,5378,10253,33527,250,832
2024-11-29T08:30:00Z,33095,4037,4448,33506,12,833
2024-11-14T15:00:00Z,31595,1046,2954,33503,6,834
2024-09-09T18:30:00Z,27382,2331,8448,33499,0,835
2024-11-11T20:30:00Z,31285,1090,3304,33499,8,836
2024-10-31T20:30:00Z,28466,1675,6705,33496,6,837
2024-09-27T19:00:00Z,29208,2402,6689,33495,1,838
2024-11-02T18:00:00Z,30422,812,3883,33493,7,839
2024-10-14T08:00:00Z,30796,1085,3781,33492,9,840
2024-10-22T20:30:00Z,29953,1212,4751,33492,13,841
2024-10-30T09:00:00Z,29649,1268,5108,33489,9,842
2024-07-09T20:00:00Z,26339,2062,9209,33486,1,843
2024-10-16T09:00:00Z,29995,2598,6085,33482,4,844
2024-10-30T15:00:00Z,30411,772,3843,33482,11,845
2024-10-04T08:00:00Z,28578,2826,7723,33475,1,846
2024-09-26T20:30:00Z,26788,3262,9944,33470,11,847
2024-10-31T09:00:00Z,29029,3264,7696,33461,12,848
2024-11-17T21:00:00Z,27809,1305,6955,33459,6,849
2024-12-01T21:00:00Z,26874,2118,8679,33435,8,850
2024-10-15T11:00:00Z,30560,3688,6544,33416,7,851
2024-11-08T13:30:00Z,31152,1497,3760,33415,10,852
2024-10-04T19:30:00Z,29839,2124,5699,33414,7,853
2024-09-13T21:30:00Z,25158,985,9236,33409,11,854
2024-11-06T08:30:00Z,31045,1039,3396,33402,16,855
2024-10-13T16:30:00Z,29302,1010,5108,33400,4,856
2024-10-04T18:30:00Z,30114,2060,5334,33388,5,857
2024-11-10T14:00:00Z,29012,2226,6596,33382,10,858
2024-11-26T14:30:00Z,32053,2168,3495,33380,7,859
2024-10-02T19:30:00Z,30985,1567,3957,33375,7,860
2024-12-02T14:30:00Z,32599,3138,3913,33374,11,861
2024-11-09T11:00:00Z,29277,1082,5174,33369,6,862
2024-11-21T21:00:00Z,33711,3113,2761,33359,5,863
2024-10-24T20:00:00Z,29969,2008,5397,33358,8,864
2024-11-06T10:30:00Z,31486,1873,3745,33358,11,865
2024-10-24T19:30:00Z,30780,2036,4613,33357,10,866
2024-10-15T11:30:00Z,30461,4100,6994,33355,8,867
2024-11-22T22:30:00Z,28389,999,5964,33354,8,868
2024-11-24T12:30:00Z,28318,6024,11058,33352,11,869
2024-11-24T12:00:00Z,28170,6126,11301,33345,112,870
2024-10-16T09:30:00Z,30225,2703,5805,33327,7,871
2024-10-14T20:30:00Z,30524,989,3776,33311,14,872
2024-09-24T20:00:00Z,29196,1234,5347,33309,8,873
2024-12-02T12:00:00Z,31570,5276,7014,33308,11,874
2024-10-07T19:30:00Z,30892,839,3250,33303,9,875
2024-11-07T20:00:00Z,31339,1411,3374,33302,11,876
2024-12-04T07:30:00Z,32345,779,1730,33296,7,877
2024-11-16T20:30:00Z,27705,2291,7872,33286,9,878
2024-10-15T12:00:00Z,30515,4425,7192,33282,7,879
2024-11-23T20:30:00Z,27259,4642,10661,33278,16,880
2024-10-18T08:00:00Z,29166,2462,6571,33275,16,881
2024-10-21T20:00:00Z,30989,2563,4845,33271,14,882
2024-10-15T10:00:00Z,30814,3070,5523,33267,3,883
2024-11-16T11:30:00Z,28036,4169,9396,33263,8,884
2024-11-23T15:30:00Z,31069,4388,6581,33262,1,885
2024-10-09T08:30:00Z,28199,3295,8353,33257,11,886
2024-11-07T09:30:00Z,31176,2417,4495,33254,15,887
2024-11-03T14:00:00Z,28859,1012,5406,33253,14,888
2024-11-30T09:00:00Z,27611,3361,9003,33253,9,889
2024-12-01T13:00:00Z,28641,4533,9142,33250,16,890
2024-10-01T18:00:00Z,30626,2983,5602,33245,7,891
2024-09-04T19:00:00Z,28229,824,5824,33229,10,892
2024-10-27T20:00:00Z,28549,2344,7022,33227,12,893
2024-10-30T09:30:00Z,29638,1533,5117,33222,10,894
2024-11-24T13:00:00Z,28346,6075,10948,33219,14,895
2024-07-09T17:00:00Z,26997,4040,10260,33217,10,896
2024-10-29T16:00:00Z,31269,897,2840,33212,2,897
2024-11-28T06:30:00Z,29849,855,4217,33211,10,898
2024-11-22T08:30:00Z,34699,3753,2257,33203,6,899
2024-11-23T14:00:00Z,30396,4939,7743,33200,8,900
2024-11-01T13:30:00Z,29521,1974,5648,33195,9,901
2024-11-10T15:00:00Z,29445,1790,5534,33189,10,902
2024-12-01T14:00:00Z,28475,3636,8350,33189,16,903
2024-09-16T20:00:00Z,28431,728,5484,33187,9,904
2024-10-30T08:30:00Z,29353,929,4759,33183,9,905
2024-11-01T20:30:00Z,28692,394,4873,33171,6,906
2024-10-11T07:30:00Z,29460,1373,5079,33166,9,907
2024-10-08T08:30:00Z,28554,2390,6981,33145,9,908
2024-11-30T09:30:00Z,27686,3684,9142,33144,8,909
2024-11-01T13:00:00Z,29484,2348,6007,33143,9,910
2024-11-02T17:30:00Z,30500,819,3461,33142,2,911
2024-10-24T08:00:00Z,28913,3202,7430,33141,13,912
2024-10-30T14:00:00Z,30258,1322,4191,33127,9,913
2024-10-16T08:00:00Z,29201,2431,6355,33125,14,914
2024-11-02T17:00:00Z,30455,839,3508,33124,1,915
2024-10-30T13:30:00Z,30167,1588,4533,33112,12,916
2024-11-05T14:30:00Z,31241,842,2712,33111,5,917
2024-12-03T21:30:00Z,30953,1956,4114,33111,13,918
2024-09-10T19:00:00Z,27603,3206,8713,33110,1,919
2024-09-05T09:00:00Z,26559,3189,9737,33107,10,920
2024-11-10T13:30:00Z,28869,2445,6683,33107,12,921
2024-11-01T08:00:00Z,27822,1511,6795,33106,12,922
2024-10-21T09:30:00Z,29917,4082,7268,33103,15,923
2024-11-23T14:30:00Z,30319,4750,7534,33103,8,924
2024-11-14T14:30:00Z,31050,1668,3720,33102,10,925
2024-12-02T08:30:00Z,30948,3952,6106,33102,12,926
2024-11-17T13:00:00Z,28167,2888,7821,33100,8,927
2024-10-17T20:00:00Z,29581,1257,4775,33099,13,928
2024-10-16T08:30:00Z,29383,2455,6169,33097,11,929
2024-09-10T19:30:00Z,27664,3002,8428,33090,0,930
2024-09-24T18:00:00Z,29572,1647,5161,33086,7,931
2024-09-27T18:30:00Z,28643,2345,6785,33083,5,932
2024-10-12T18:00:00Z,27554,3553,9080,33081,7,933
2024-10-16T16:00:00Z,30977,1760,3864,33081,11,934
2024-11-01T09:00:00Z,28745,2102,6435,33078,13,935
2024-11-27T08:30:00Z,33858,1836,1045,33067,8,936
2024-11-30T19:30:00Z,29050,4340,8351,33061,11,937
2024-10-14T16:00:00Z,30533,2109,4634,33058,0,938
2024-09-13T18:00:00Z,27231,1745,7571,33057,11,939
2024-10-25T09:00:00Z,29665,1747,5131,33049,10,940
2024-10-11T17:30:00Z,29956,1361,4453,33048,4,941
2024-11-13T21:00:00Z,30032,1175,4188,33045,9,942
2024-10-15T12:30:00Z,30370,4504,7177,33043,6,943
2024-11-20T14:30:00Z,34094,4750,3685,33029,12,944
2024-10-13T20:30:00Z,28252,760,5536,33028,11,945
2024-11-09T20:00:00Z,29329,421,4116,33024,10,946
2024-10-15T10:30:00Z,30659,3442,5805,33022,7,947
2024-10-06T20:00:00Z,27580,1306,6744,33018,13,948
2024-10-31T15:30:00Z,29811,2222,5428,33017,10,949
2024-11-25T15:30:00Z,32052,4618,5574,33008,7,950
2024-09-04T19:30:00Z,28053,704,5655,33004,10,951
2024-10-23T08:00:00Z,29887,1708,4823,33002,7,952
2024-09-10T18:30:00Z,27626,3605,8977,32998,7,953
2024-11-04T15:30:00Z,31934,477,1532,32989,4,954
2024-10-17T18:30:00Z,30990,1412,3410,32988,3,955
2024-11-24T11:30:00Z,27739,6171,11415,32983,395,956
2024-11-21T01:00:00Z,26076,1807,8712,32981,14,957
2024-10-25T17:30:00Z,30132,860,3707,32979,3,958
2024-11-16T11:00:00Z,27975,4220,9221,32976,8,959
2024-10-25T09:30:00Z,29586,2019,5400,32967,12,960
2024-10-23T09:00:00Z,30232,2856,5581,32957,13,961
2024-11-08T08:30:00Z,30829,981,3101,32949,9,962
2024-10-12T18:30:00Z,28046,3657,8556,32945,2,963
2024-11-24T19:30:00Z,29053,5338,9224,32939,7,964
2024-10-09T17:30:00Z,30042,3557,6447,32932,9,965
2024-09-27T20:00:00Z,28504,2073,6500,32931,8,966
2024-10-07T18:00:00Z,31275,805,2460,32930,0,967
2024-10-08T21:30:00Z,25782,1882,9024,32924,14,968
2024-10-12T08:30:00Z,25033,2384,10273,32922,17,969
2024-11-07T10:00:00Z,31212,2603,4310,32919,13,970
2024-10-01T17:30:00Z,30335,3176,5757,32916,9,971
2024-10-25T20:30:00Z,28259,791,5447,32915,5,972
2024-11-22T09:30:00Z,34949,5870,3823,32902,10,973
2024-11-29T15:00:00Z,32439,3974,4435,32900,9,974
2024-11-19T07:00:00Z,30599,1733,4031,32897,8,975
2024-09-30T20:00:00Z,29171,2488,6201,32884,5,976
2024-10-30T10:00:00Z,29635,1846,5087,32876,10,977
2024-07-09T20:30:00Z,25777,1878,8976,32875,3,978
2024-10-06T16:30:00Z,28649,1821,6038,32866,10,979
2024-10-16T10:00:00Z,30244,2961,5578,32861,7,980
2024-10-26T20:00:00Z,26989,1695,7544,32838,10,981
2024-11-07T10:30:00Z,31302,2827,4363,32838,14,982
2024-11-07T11:30:00Z,31623,2922,4132,32833,14,983
2024-10-23T08:30:00Z,30067,2114,4877,32830,8,984
2024-07-09T16:30:00Z,26425,4489,10891,32827,15,985
2024-10-21T17:00:00Z,31034,2978,4769,32825,4,986
2024-11-18T22:00:00Z,27241,1957,7535,32819,13,987
2024-11-15T21:00:00Z,28984,2810,6642,32816,10,988
2024-11-27T08:00:00Z,33383,1714,1141,32810,8,989
2024-11-20T23:30:00Z,26182,1608,8233,32807,116,990
2024-10-21T10:00:00Z,30011,4586,7380,32805,14,991
2024-10-25T10:00:00Z,29552,2327,5578,32803,12,992
2024-10-12T19:00:00Z,28108,3724,8414,32798,10,993
2024-11-06T08:00:00Z,30562,847,3080,32795,16,994
2024-10-22T08:30:00Z,30082,2694,5394,32782,11,995
2024-11-01T12:30:00Z,29123,2471,6130,32782,10,996
2024-10-28T20:30:00Z,29054,608,4335,32781,8,997
2024-10-29T15:30:00Z,30663,1141,3253,32775,9,998
2024-10-30T12:30:00Z,30064,2087,4795,32772,10,999
2024-11-25T08:00:00Z,30232,4777,7313,32768,15,1000
2024-11-03T20:00:00Z,28517,497,4738,32758,11,1001
2024-09-02T09:00:00Z,27181,1635,7207,32753,11,1002
2024-10-10T21:30:00Z,27232,964,6481,32749,17,1003
2024-12-01T13:30:00Z,28392,4108,8454,32738,16,1004
2024-11-01T12:00:00Z,29045,2488,6180,32737,10,1005
2024-10-25T08:30:00Z,29301,1392,4827,32736,11,1006
2024-11-23T09:30:00Z,29516,6036,9253,32733,10,1007
2024-11-21T00:00:00Z,26207,1682,8202,32727,11,1008
2024-10-30T08:00:00Z,28889,627,4464,32726,11,1009
2024-11-07T11:00:00Z,31481,2929,4171,32723,14,1010
2024-09-10T20:00:00Z,27316,2925,8331,32722,0,1011
2024-10-07T18:30:00Z,31480,902,2141,32719,1,1012
2024-10-08T07:00:00Z,26759,1243,7202,32718,13,1013
2024-11-26T22:00:00Z,28991,549,4270,32712,5,1014
2024-12-02T09:30:00Z,31333,5025,6403,32711,12,1015
2024-10-15T13:00:00Z,30164,4594,7139,32709,8,1016
2024-09-06T20:00:00Z,27406,1256,6555,32705,11,1017
2024-11-04T08:30:00Z,30882,679,2501,32704,12,1018
2024-11-03T13:30:00Z,28500,1223,5423,32700,9,1019
2024-11-08T21:00:00Z,28445,524,4778,32699,9,1020
2024-10-01T09:00:00Z,28520,3408,7583,32695,5,1021
2024-11-12T21:00:00Z,30144,1030,3580,32694,12,1022
2024-09-29T19:00:00Z,28378,3476,7791,32693,12,1023
2024-12-02T13:30:00Z,31891,4396,5198,32693,10,1024
2024-12-01T12:30:00Z,28382,4786,9083,32679,17,1025
2024-11-04T14:30:00Z,31165,893,2394,32666,17,1026
2024-11-01T09:30:00Z,28728,2378,6301,32651,8,1027
2024-11-02T16:30:00Z,29817,858,3691,32650,5,1028
2024-11-28T21:30:00Z,30283,3460,5827,32650,11,1029
2024-11-12T15:30:00Z,32815,1268,1101,32648,9,1030
2024-11-11T08:00:00Z,29977,1825,4494,32646,15,1031
2024-10-24T08:30:00Z,28923,3932,7654,32645,15,1032
2024-09-30T16:30:00Z,29986,3203,5857,32640,9,1033
2024-10-09T20:00:00Z,28842,3464,7257,32635,15,1034
2024-10-22T21:00:00Z,28873,1248,5010,32635,11,1035
2024-11-04T14:00:00Z,31263,1162,2534,32635,14,1036
2024-09-30T09:00:00Z,29292,3018,6356,32630,10,1037
2024-11-05T20:00:00Z,31187,649,2091,32629,10,1038
2024-11-01T11:00:00Z,28899,2629,6354,32624,10,1039
2024-10-03T22:00:00Z,25204,1328,8745,32621,5,1040
2024-11-05T14:00:00Z,30959,1117,2769,32611,6,1041
2024-11-29T10:00:00Z,32969,6024,5664,32609,11,1042
2024-10-07T20:00:00Z,29798,834,3644,32608,12,1043
2024-11-22T13:30:00Z,32975,5264,4897,32608,9,1044
2024-10-08T16:30:00Z,29981,2572,5189,32598,10,1045
2024-10-12T19:30:00Z,27883,3791,8502,32594,12,1046
2024-10-31T09:30:00Z,28883,3826,7537,32594,12,1047
2024-11-09T09:00:00Z,27983,591,5199,32591,9,1048
2024-10-21T09:00:00Z,29584,3742,6747,32589,13,1049
2024-12-02T13:00:00Z,31731,4868,5726,32589,9,1050
2024-09-02T09:30:00Z,27278,1771,7080,32587,11,1051
2024-09-05T17:30:00Z,27628,3846,8801,32583,10,1052
2024-10-30T21:00:00Z,27741,1006,5846,32581,8,1053
2024-11-01T11:30:00Z,29003,2523,6100,32580,7,1054
2024-10-14T09:30:00Z,31303,2551,3823,32575,6,1055
2024-09-05T09:30:00Z,26575,3686,9685,32574,10,1056
2024-11-09T09:30:00Z,28357,741,4957,32573,11,1057
2024-11-17T21:30:00Z,26633,1264,7201,32570,5,1058
2024-09-26T17:00:00Z,28181,4180,8565,32566,1,1059
2024-11-01T21:00:00Z,27645,402,5307,32550,5,1060
2024-10-15T16:30:00Z,30103,3114,5557,32546,10,1061
2024-10-04T18:00:00Z,29508,2143,5178,32543,1,1062
2024-10-15T20:30:00Z,28571,2920,6886,32537,9,1063
2024-09-09T20:30:00Z,26792,2162,7899,32529,13,1064
2024-10-14T21:00:00Z,29293,1031,4266,32528,12,1065
2024-12-03T07:00:00Z,31038,332,1818,32524,15,1066
2024-11-30T08:30:00Z,26781,2994,8736,32523,8,1067
2024-11-23T15:00:00Z,30551,4553,6514,32512,7,1068
2024-10-16T10:30:00Z,30353,3296,5448,32505,7,1069
2024-11-25T08:30:00Z,30542,5427,7389,32504,15,1070
2024-10-12T09:00:00Z,25536,2823,9785,32498,14,1071
2024-12-01T12:00:00Z,27973,4635,9160,32498,13,1072
2024-11-26T07:00:00Z,30810,1353,3038,32495,9,1073
2024-10-05T19:00:00Z,27796,2488,7177,32485,10,1074
2024-10-16T20:30:00Z,29390,1140,4235,32485,9,1075
2024-11-07T20:30:00Z,30586,1438,3323,32471,6,1076
2024-11-21T01:30:00Z,25633,1858,8692,32467,122,1077
2024-09-02T08:30:00Z,26834,1447,7079,32466,12,1078
2024-11-14T14:00:00Z,30926,2252,3790,32464,9,1079
2024-07-05T18:30:00Z,26255,1662,7870,32463,5,1080
2024-09-16T20:30:00Z,27615,736,5582,32461,9,1081
2024-07-01T18:30:00Z,26326,3512,9639,32453,6,1082
2024-10-10T07:30:00Z,28257,1782,5973,32448,11,1083
2024-12-01T21:30:00Z,25547,2115,9009,32441,108,1084
2024-10-29T20:30:00Z,29272,546,3713,32439,10,1085
2024-10-09T09:00:00Z,28110,4132,8457,32435,10,1086
2024-11-02T18:30:00Z,29513,804,3725,32434,4,1087
2024-11-10T12:30:00Z,28354,2828,6906,32432,13,1088
2024-11-11T09:00:00Z,30600,3155,4982,32427,11,1089
2024-11-03T13:00:00Z,28462,1499,5462,32425,9,1090
2024-10-12T08:00:00Z,24427,1984,9980,32423,16,1091
2024-11-24T11:00:00Z,27371,6290,11329,32410,817,1092
2024-10-26T17:00:00Z,27333,2310,7382,32405,5,1093
2024-10-17T18:00:00Z,30418,1411,3375,32382,4,1094
2024-11-15T15:00:00Z,31271,2794,3902,32379,16,1095
2024-10-22T16:30:00Z,29336,2458,5499,32377,6,1096
2024-10-11T21:30:00Z,26666,1484,7183,32365,14,1097
2024-12-01T11:30:00Z,27658,4632,9332,32358,13,1098
2024-11-15T08:00:00Z,31999,1694,2049,32354,12,1099
2024-09-11T19:00:00Z,28497,2512,6366,32351,2,1100
2024-10-09T07:30:00Z,27775,2384,6949,32340,8,1101
2024-10-10T08:00:00Z,28550,2131,5919,32338,11,1102
2024-10-21T10:30:00Z,29796,4946,7488,32338,14,1103
2024-12-02T11:00:00Z,31140,5165,6357,32332,11,1104
2024-10-31T21:00:00Z,27205,1686,6810,32329,9,1105
2024-11-26T09:30:00Z,32498,4581,4411,32328,6,1106
2024-10-04T20:00:00Z,28751,2144,5720,32327,7,1107
2024-11-21T02:00:00Z,25447,1793,8671,32325,247,1108
2024-10-01T08:30:00Z,27965,3013,7371,32323,7,1109
2024-10-24T09:00:00Z,28901,5027,8449,32323,15,1110
2024-11-14T09:00:00Z,31919,2292,2696,32323,10,1111
2024-10-25T10:30:00Z,29395,2704,5625,32316,10,1112
2024-10-01T17:00:00Z,29957,3524,5878,32311,9,1113
2024-10-16T15:30:00Z,30663,2089,3726,32300,10,1114
2024-10-04T07:30:00Z,27445,1834,6685,32296,4,1115
2024-12-02T11:30:00Z,31167,5180,6305,32292,11,1116
2024-10-23T21:00:00Z,27956,2506,6840,32290,15,1117
2024-10-21T11:00:00Z,29934,5379,7734,32289,14,1118
2024-10-17T20:30:00Z,28797,1203,4688,32282,9,1119
2024-11-04T08:00:00Z,30310,505,2474,32279,12,1120
2024-10-30T12:00:00Z,29712,2167,4732,32277,10,1121
2024-10-30T10:30:00Z,29417,2093,4951,32275,10,1122
2024-11-14T08:00:00Z,31455,931,1751,32275,10,1123
2024-09-02T12:00:00Z,27535,2464,7203,32274,14,1124
2024-10-07T17:30:00Z,30517,1066,2816,32267,1,1125
2024-11-15T09:00:00Z,32369,2533,2428,32264,9,1126
2024-10-13T21:00:00Z,27367,835,5731,32263,11,1127
2024-09-05T08:30:00Z,25820,2919,9361,32262,12,1128
2024-09-10T20:30:00Z,26358,2848,8751,32261,0,1129
2024-10-18T08:30:00Z,28895,3381,6746,32260,10,1130
2024-10-24T17:30:00Z,31213,2184,3230,32259,6,1131
2024-10-28T15:30:00Z,30366,1096,2987,32257,10,1132
2024-12-02T10:00:00Z,31183,5410,6483,32256,12,1133
2024-10-30T13:00:00Z,29812,1870,4311,32253,10,1134
2024-11-27T22:30:00Z,28088,941,5098,32245,5,1135
2024-07-09T16:00:00Z,26084,4793,10949,32240,12,1136
2024-12-02T22:00:00Z,28062,1076,5250,32236,8,1137
2024-11-20T07:00:00Z,32325,2879,2788,32234,6,1138
2024-11-10T19:30:00Z,30074,1709,3861,32226,12,1139
2024-11-02T13:00:00Z,27457,2031,6797,32223,3,1140
2024-10-15T14:00:00Z,29399,4345,7166,32220,8,1141
2024-10-06T20:30:00Z,26767,1294,6743,32216,16,1142
2024-07-01T18:00:00Z,26298,4056,9972,32214,7,1143
2024-11-11T21:00:00Z,29663,1068,3618,32213,7,1144
2024-11-02T12:30:00Z,27195,2268,7280,32207,12,1145
2024-09-02T11:00:00Z,27316,2296,7182,32202,14,1146
2024-09-02T11:30:00Z,27366,2384,7217,32199,14,1147
2024-10-15T13:30:00Z,29601,4559,7141,32183,7,1148
2024-11-11T08:30:00Z,30077,2368,4474,32183,11,1149
2024-09-11T19:30:00Z,28510,2408,6080,32182,2,1150
2024-10-24T20:30:00Z,28825,1980,5334,32179,9,1151
2024-11-15T08:30:00Z,32060,2096,2215,32179,14,1152
2024-12-02T14:00:00Z,31841,3798,4135,32178,11,1153
2024-10-09T17:00:00Z,29335,3800,6632,32167,10,1154
2024-10-25T17:00:00Z,29582,1055,3639,32166,0,1155
2024-09-05T12:00:00Z,26816,4445,9794,32165,10,1156
2024-10-12T17:00:00Z,26148,4309,10326,32165,13,1157
2024-09-30T20:30:00Z,28226,2480,6418,32164,4,1158
2024-09-30T09:30:00Z,29246,3350,6265,32161,10,1159
2024-11-23T00:30:00Z,25869,1392,7673,32150,5,1160
2024-12-01T10:00:00Z,26951,3911,9106,32146,13,1161
2024-09-10T18:00:00Z,27446,4210,8897,32133,7,1162
2024-11-21T06:00:00Z,28583,2016,5565,32132,13,1163
2024-11-07T08:30:00Z,30429,1851,3552,32130,13,1164
2024-11-29T21:00:00Z,29689,3883,6321,32127,11,1165
2024-10-01T08:00:00Z,27713,2673,7086,32126,3,1166
2024-11-23T01:00:00Z,25319,1510,8316,32125,9,1167
2024-10-15T08:30:00Z,30496,1915,3535,32116,11,1168
2024-10-01T20:00:00Z,29111,2768,5770,32113,9,1169
2024-09-28T19:30:00Z,27483,609,5233,32107,7,1170
2024-09-24T20:30:00Z,28043,1195,5240,32088,12,1171
2024-11-08T21:30:00Z,27582,515,5020,32087,11,1172
2024-09-02T12:30:00Z,27425,2713,7366,32078,14,1173
2024-10-15T15:30:00Z,29355,3756,6479,32078,6,1174
2024-11-03T12:30:00Z,28161,1584,5499,32076,6,1175
2024-10-12T20:00:00Z,26930,3826,8971,32075,15,1176
2024-09-25T19:00:00Z,30661,1695,3105,32071,5,1177
2024-11-09T10:00:00Z,28570,884,4381,32067,11,1178
2024-09-27T20:30:00Z,27614,1977,6426,32063,11,1179
2024-11-30T08:00:00Z,26018,2773,8812,32057,9,1180
2024-10-12T09:30:00Z,25673,3281,9664,32056,16,1181
2024-10-09T09:30:00Z,27787,4455,8723,32055,12,1182
2024-11-02T13:30:00Z,27344,1853,6563,32054,14,1183
2024-10-15T08:00:00Z,29989,1672,3734,32051,8,1184
2024-10-02T18:30:00Z,30702,1549,2892,32045,4,1185
2024-10-21T11:30:00Z,29735,5519,7827,32043,14,1186
2024-10-26T20:30:00Z,26222,1700,7519,32041,10,1187
2024-11-10T13:00:00Z,28624,2744,6161,32041,10,1188
2024-12-01T10:30:00Z,27113,4238,9161,32036,13,1189
2024-10-16T11:00:00Z,30273,3379,5135,32029,7,1190
2024-11-23T09:00:00Z,28713,5915,9227,32025,20,1191
2024-11-01T10:30:00Z,28648,2646,6017,32019,6,1192
2024-11-22T07:30:00Z,32911,2677,1781,32015,12,1193
2024-11-01T10:00:00Z,28637,2548,5924,32013,8,1194
2024-10-21T20:30:00Z,29973,2551,4587,32009,14,1195
2024-11-09T10:30:00Z,28693,1000,4312,32005,6,1196
2024-12-01T22:00:00Z,24436,2039,9602,31999,408,1197
2024-11-14T22:00:00Z,27298,619,5307,31986,8,1198
2024-11-07T08:00:00Z,30117,1620,3488,31985,14,1199
2024-09-26T21:00:00Z,25476,3281,9786,31981,5,1200
2024-10-29T15:00:00Z,30499,1581,3062,31980,10,1201
2024-10-15T14:30:00Z,29123,4303,7159,31979,8,1202
2024-10-07T08:00:00Z,28198,1915,5692,31975,16,1203
2024-11-14T13:30:00Z,30780,2667,3858,31971,9,1204
2024-10-01T09:30:00Z,28399,3856,7415,31958,8,1205
2024-11-02T12:00:00Z,27089,2389,7258,31958,10,1206
2024-12-01T11:00:00Z,27374,4663,9243,31954,13,1207
2024-11-03T20:30:00Z,27457,494,4977,31940,10,1208
2024-11-04T15:00:00Z,30988,676,1628,31940,14,1209
2024-10-28T13:30:00Z,29703,2313,4528,31918,7,1210
2024-09-26T08:00:00Z,26950,3351,8318,31917,11,1211
2024-11-13T15:00:00Z,31493,1983,2389,31899,6,1212
2024-09-05T10:00:00Z,26357,3845,9377,31889,10,1213
2024-10-16T07:30:00Z,28154,2458,6187,31883,14,1214
2024-10-23T16:30:00Z,29409,2908,5372,31873,13,1215
2024-10-22T09:00:00Z,29958,3756,5667,31869,11,1216
2024-12-05T21:30:00Z,27212,5377,10034,31869,736,1217
2024-09-16T19:00:00Z,28343,689,4209,31863,10,1218
2024-07-01T17:30:00Z,26213,4610,10244,31847,7,1219
2024-09-02T10:30:00Z,27217,2210,6836,31843,10,1220
2024-11-05T20:30:00Z,30393,671,2121,31843,4,1221
2024-11-25T21:30:00Z,27969,4005,7879,31843,11,1222
2024-10-31T10:00:00Z,28737,4255,7359,31841,14,1223
2024-11-09T20:30:00Z,28301,436,3976,31841,9,1224
2024-09-27T18:00:00Z,27909,2869,6800,31840,6,1225
2024-11-20T10:00:00Z,34179,6588,4249,31840,14,1226
2024-09-05T10:30:00Z,26444,4033,9426,31837,10,1227
2024-09-05T11:30:00Z,26718,4424,9530,31824,10,1228
2024-10-30T11:00:00Z,29360,2222,4681,31819,10,1229
2024-09-30T16:00:00Z,29445,3525,5895,31815,9,1230
2024-10-28T21:00:00Z,27772,612,4650,31810,8,1231
2024-09-02T10:00:00Z,27044,1986,6745,31803,12,1232
2024-09-05T17:00:00Z,27277,4049,8573,31801,14,1233
2024-12-01T09:30:00Z,26297,3494,8994,31797,11,1234
2024-11-02T16:00:00Z,28914,885,3762,31791,7,1235
2024-11-11T15:30:00Z,31508,1231,1497,31774,12,1236
2024-11-08T08:00:00Z,29958,847,2655,31766,10,1237
2024-11-22T10:00:00Z,34497,6582,3840,31755,9,1238
2024-11-19T06:30:00Z,28023,1681,5411,31753,99,1239
2024-10-14T10:00:00Z,31078,3211,3876,31743,7,1240
2024-09-05T11:00:00Z,26576,4190,9353,31739,10,1241
2024-09-06T20:30:00Z,26471,1226,6492,31737,12,1242
2024-09-11T20:00:00Z,28203,2387,5920,31736,3,1243
2024-10-30T11:30:00Z,29420,2222,4538,31736,10,1244
2024-12-04T19:00:00Z,35003,4971,1702,31734,8,1245
2024-10-25T16:30:00Z,29008,1399,4120,31729,5,1246
2024-11-04T21:00:00Z,29021,398,3106,31729,11,1247
2024-11-29T10:30:00Z,32545,6685,5858,31718,8,1248
2024-09-05T20:00:00Z,26435,2991,8271,31715,9,1249
2024-11-24T10:30:00Z,26887,6122,10947,31712,884,1250
2024-10-10T16:30:00Z,29221,2681,5162,31702,9,1251
2024-09-16T19:30:00Z,28331,819,4183,31695,10,1252
2024-11-01T07:30:00Z,26408,1329,6611,31690,12,1253
2024-10-16T11:30:00Z,30418,3555,4822,31685,7,1254
2024-10-28T13:00:00Z,29659,2662,4686,31683,6,1255
2024-09-30T08:30:00Z,28418,2798,6061,31681,10,1256
2024-11-02T20:00:00Z,27676,774,4779,31681,11,1257
2024-10-01T16:30:00Z,29068,3880,6489,31677,9,1258
2024-10-15T16:00:00Z,29487,3456,5643,31674,11,1259
2024-11-25T09:00:00Z,30729,6433,7377,31673,11,1260
2024-10-12T20:30:00Z,26101,3861,9431,31671,417,1261
2024-09-28T19:00:00Z,27337,639,4968,31666,5,1262
2024-10-02T20:00:00Z,29901,1549,3313,31665,7,1263
2024-11-13T21:30:00Z,28597,1100,4162,31659,9,1264
2024-10-27T20:30:00Z,27183,2361,6835,31657,17,1265
2024-11-21T02:30:00Z,24920,1727,8462,31655,389,1266
2024-10-31T15:00:00Z,29157,2957,5454,31654,17,1267
2024-09-05T16:30:00Z,26820,4232,9064,31652,14,1268
2024-10-25T11:00:00Z,29314,3170,5505,31649,10,1269
2024-10-06T21:00:00Z,25860,1283,7065,31642,16,1270
2024-09-04T20:00:00Z,28040,731,4328,31637,7,1271
2024-09-30T10:00:00Z,29127,3578,6088,31637,9,1272
2024-11-22T13:00:00Z,32786,5978,4829,31637,7,1273
2024-11-10T20:00:00Z,29210,1710,4134,31634,13,1274
2024-10-10T22:00:00Z,26017,1000,6614,31631,17,1275
2024-09-09T18:00:00Z,26707,3110,8016,31613,0,1276
2024-10-25T08:00:00Z,28396,1156,4371,31611,10,1277
2024-11-26T14:00:00Z,31528,3298,3379,31609,8,1278
2024-11-19T22:30:00Z,26606,2647,7649,31608,11,1279
2024-10-12T10:00:00Z,25730,3753,9623,31600,17,1280
2024-11-16T08:30:00Z,26470,2268,7397,31599,12,1281
2024-11-18T07:30:00Z,31027,793,1364,31598,4,1282
2024-10-04T20:30:00Z,27661,2164,6100,31597,8,1283
2024-07-01T19:00:00Z,26022,3113,8674,31583,3,1284
2024-09-13T22:00:00Z,23702,1059,8939,31582,11,1285
2024-10-01T10:30:00Z,28566,4590,7604,31580,8,1286
2024-09-29T20:00:00Z,26664,3660,8571,31575,12,1287
2024-12-04T07:00:00Z,30920,754,1386,31552,9,1288
2024-09-05T08:00:00Z,25334,2642,8848,31540,12,1289
2024-10-19T18:30:00Z,28082,731,4189,31540,9,1290
2024-07-05T18:00:00Z,25762,2178,7951,31535,6,1291
2024-07-09T15:30:00Z,25816,5092,10807,31531,12,1292
2024-10-09T10:00:00Z,27692,5195,9033,31530,13,1293
2024-10-11T07:00:00Z,28302,1311,4530,31521,4,1294
2024-09-28T20:00:00Z,26787,606,5337,31518,8,1295
2024-10-11T09:00:00Z,29080,4933,7370,31517,15,1296
2024-10-29T09:00:00Z,29418,2912,5000,31506,11,1297
2024-09-05T18:00:00Z,27495,3599,7606,31502,7,1298
2024-11-10T12:00:00Z,27938,2957,6521,31502,13,1299
2024-11-16T21:00:00Z,26577,2317,7237,31497,7,1300
2024-09-29T19:30:00Z,27402,3588,7680,31494,11,1301
2024-10-30T21:30:00Z,26427,1073,6140,31494,14,1302
2024-11-22T23:00:00Z,26559,1088,6023,31494,8,1303
2024-10-14T15:30:00Z,30259,2698,3922,31483,5,1304
2024-07-05T19:00:00Z,26007,1289,6760,31478,5,1305
2024-09-15T18:30:00Z,26916,1317,5863,31462,6,1306
2024-10-26T21:00:00Z,25139,1717,8038,31460,10,1307
2024-10-23T09:30:00Z,29747,3738,5449,31458,10,1308
2024-10-24T17:00:00Z,30536,2354,3268,31450,7,1309
2024-10-19T19:30:00Z,27271,822,4998,31447,12,1310
2024-10-31T14:30:00Z,28731,3601,6314,31444,11,1311
2024-11-13T08:00:00Z,31579,1485,1345,31439,3,1312
2024-11-23T01:30:00Z,24391,1627,8675,31439,10,1313
2024-10-03T22:30:00Z,23767,1360,9030,31437,5,1314
2024-09-17T19:00:00Z,28301,819,3951,31433,6,1315
2024-10-07T20:30:00Z,28400,829,3856,31427,11,1316
2024-11-15T21:30:00Z,27756,2847,6506,31415,13,1317
2024-09-24T17:30:00Z,28908,2080,4583,31411,7,1318
2024-11-03T12:00:00Z,27556,1604,5451,31403,8,1319
2024-10-28T15:00:00Z,29797,1388,2987,31396,10,1320
2024-10-01T20:30:00Z,28290,2697,5796,31389,12,1321
2024-10-21T14:30:00Z,28764,4675,7300,31389,14,1322
2024-10-01T10:00:00Z,28341,4314,7361,31388,8,1323
2024-10-15T21:00:00Z,27343,2954,6998,31387,10,1324
2024-10-03T07:30:00Z,27744,1089,4725,31380,4,1325
2024-09-02T13:00:00Z,27106,3145,7413,31374,16,1326
2024-11-11T09:30:00Z,30352,3705,4725,31372,12,1327
2024-09-05T18:30:00Z,27143,3377,7604,31370,8,1328
2024-11-21T21:30:00Z,31914,3083,2539,31370,8,1329
2024-11-21T03:00:00Z,24722,1791,8435,31366,580,1330
2024-10-19T19:00:00Z,27647,777,4495,31365,16,1331
2024-09-17T19:30:00Z,28268,836,3925,31357,7,1332
2024-11-15T09:30:00Z,32079,3129,2404,31354,13,1333
2024-10-21T14:00:00Z,28881,5084,7556,31353,14,1334
2024-11-01T21:30:00Z,26449,409,5313,31353,5,1335
2024-11-02T11:30:00Z,26766,2583,7167,31350,5,1336
2024-10-05T19:30:00Z,27142,2595,6799,31346,10,1337
2024-10-06T16:00:00Z,27458,2020,5901,31339,16,1338
2024-10-14T21:30:00Z,27800,1073,4606,31333,12,1339
2024-10-10T08:30:00Z,28469,2870,5732,31331,8,1340
2024-10-11T22:00:00Z,25315,1530,7541,31326,12,1341
2024-07-02T20:30:00Z,25184,1200,7339,31323,7,1342
2024-09-02T08:00:00Z,25973,1427,6777,31323,15,1343
2024-11-18T22:30:00Z,25694,2098,7725,31321,50,1344
2024-10-29T21:00:00Z,27935,528,3909,31316,10,1345
2024-11-08T22:00:00Z,26067,510,5751,31308,16,1346
2024-11-14T08:30:00Z,31246,1635,1695,31306,10,1347
2024-11-20T13:30:00Z,33093,7033,5239,31299,15,1348
2024-12-02T10:30:00Z,30911,5603,5991,31299,10,1349
2024-09-05T12:30:00Z,26626,4763,9434,31297,9,1350
2024-11-23T02:00:00Z,23911,1884,9266,31293,283,1351
2024-11-21T04:30:00Z,24618,1940,8612,31290,228,1352
2024-10-31T07:30:00Z,27020,1752,6021,31289,13,1353
2024-10-02T18:00:00Z,30176,1684,2794,31286,3,1354
2024-09-05T19:00:00Z,26945,3214,7554,31285,7,1355
2024-10-04T07:00:00Z,26181,1550,6653,31284,6,1356
2024-10-03T08:00:00Z,27928,1906,5255,31277,6,1357
2024-10-16T13:00:00Z,30296,3681,4662,31277,10,1358
2024-11-03T21:00:00Z,26400,489,5364,31275,10,1359
2024-11-09T21:00:00Z,27223,455,4503,31271,11,1360
2024-10-31T21:30:00Z,26096,1697,6866,31265,12,1361
2024-10-12T10:30:00Z,25711,4290,9841,31262,16,1362
2024-10-08T22:00:00Z,24209,1895,8946,31260,12,1363
2024-10-17T21:00:00Z,27653,1156,4763,31260,8,1364
2024-09-27T21:00:00Z,26898,1921,6275,31252,12,1365
2024-11-06T21:00:00Z,29604,990,2635,31249,15,1366
2024-10-17T08:00:00Z,27748,1867,5367,31248,9,1367
2024-10-07T07:30:00Z,27420,1318,5145,31247,16,1368
2024-09-06T08:00:00Z,25549,2731,8428,31246,18,1369
2024-11-14T13:00:00Z,30580,3144,3808,31244,9,1370
2024-10-16T15:00:00Z,30108,2675,3810,31243,10,1371
2024-10-25T21:00:00Z,26889,799,5146,31236,5,1372
2024-09-17T20:00:00Z,27775,844,4287,31218,8,1373
2024-11-30T20:00:00Z,28136,4451,7530,31215,8,1374
2024-11-14T09:30:00Z,31784,3163,2591,31212,9,1375
2024-11-21T03:30:00Z,24386,1855,8674,31205,583,1376
2024-11-10T11:30:00Z,27362,2709,6549,31202,13,1377
2024-11-20T11:00:00Z,33853,7812,5158,31199,14,1378
2024-07-20T20:00:00Z,23889,788,8095,31196,8,1379
2024-09-11T20:30:00Z,27663,2365,5891,31189,12,1380
2024-10-28T14:30:00Z,29758,1776,3207,31189,10,1381
2024-11-02T19:00:00Z,28628,793,3351,31186,6,1382
2024-06-26T19:30:00Z,26801,2126,6510,31185,5,1383
2024-10-25T11:30:00Z,29354,3425,5254,31183,10,1384
2024-11-24T10:00:00Z,26272,5727,10634,31179,860,1385
2024-11-25T15:00:00Z,30613,5154,5720,31179,10,1386
2024-09-30T10:30:00Z,29073,3722,5823,31174,6,1387
2024-08-14T20:00:00Z,26496,1440,6117,31173,6,1388
2024-07-09T12:30:00Z,26259,5136,10044,31167,14,1389
2024-10-09T20:30:00Z,27421,3461,7204,31164,12,1390
2024-09-25T19:30:00Z,29804,1766,3125,31163,6,1391
2024-11-29T14:30:00Z,31664,4681,4180,31163,9,1392
2024-09-26T08:30:00Z,26790,4224,8579,31145,14,1393
2024-09-30T11:00:00Z,29159,3835,5815,31139,10,1394
2024-10-13T21:30:00Z,26135,910,5911,31136,11,1395
2024-09-16T18:30:00Z,27877,938,4196,31135,10,1396
2024-09-24T21:00:00Z,26767,1158,5522,31131,12,1397
2024-09-28T18:30:00Z,27155,585,4559,31129,6,1398
2024-09-15T17:30:00Z,26818,2339,6647,31126,11,1399
2024-10-31T10:30:00Z,28610,4680,7194,31124,15,1400
2024-11-11T21:30:00Z,28352,1045,3817,31124,7,1401
2024-10-16T12:30:00Z,30294,3452,4279,31121,6,1402
2024-10-21T08:30:00Z,28988,3398,5526,31116,12,1403
2024-09-10T17:30:00Z,27000,4885,8998,31113,11,1404
2024-11-12T15:00:00Z,31811,1659,957,31109,16,1405
2024-11-29T07:30:00Z,31588,3316,2837,31109,10,1406
2024-09-30T21:00:00Z,27132,2472,6448,31108,6,1407
2024-10-21T13:00:00Z,29323,5657,7442,31108,14,1408
2024-09-05T19:30:00Z,26558,3106,7654,31106,7,1409
2024-10-22T21:30:00Z,27070,1283,5311,31098,11,1410
2024-10-16T12:00:00Z,30360,3616,4353,31097,1,1411
2024-10-27T21:00:00Z,26259,2384,7220,31095,100,1412
2024-11-17T22:00:00Z,25430,1251,6908,31087,123,1413
2024-07-09T21:00:00Z,24945,1812,7952,31085,10,1414
2024-09-30T08:00:00Z,27765,2617,5936,31084,74,1415
2024-10-04T08:30:00Z,28010,4150,7223,31083,9,1416
2024-10-01T12:30:00Z,28663,5217,7636,31082,7,1417
2024-10-09T16:30:00Z,28427,4148,6802,31081,6,1418
2024-09-15T18:00:00Z,26862,1807,6023,31078,7,1419
2024-10-27T16:30:00Z,26209,2867,7735,31077,2,1420
2024-07-05T20:00:00Z,25452,876,6494,31070,5,1421
2024-10-21T12:00:00Z,29442,5693,7321,31070,14,1422
2024-07-02T21:00:00Z,24978,1035,7119,31062,7,1423
2024-07-24T17:30:00Z,26680,3548,7926,31058,14,1424
2024-10-13T16:00:00Z,28085,1430,4402,31057,7,1425
2024-10-04T17:30:00Z,28772,2540,4814,31046,3,1426
2024-09-03T09:00:00Z,26615,2507,6934,31042,9,1427
2024-07-09T12:00:00Z,26425,5183,9795,31037,14,1428
2024-10-05T18:30:00Z,27549,2380,5863,31032,4,1429
2024-07-05T19:30:00Z,25575,1037,6491,31029,3,1430
2024-09-05T20:30:00Z,25710,2876,8194,31028,9,1431
2024-11-12T21:30:00Z,28663,1013,3375,31025,11,1432
2024-09-30T15:30:00Z,28766,3558,5816,31024,9,1433
2024-11-29T11:00:00Z,32133,7139,6027,31021,13,1434
2024-11-23T02:30:00Z,23197,2140,9945,31002,501,1435
2024-12-01T09:00:00Z,25461,3427,8965,30999,13,1436
2024-10-18T07:30:00Z,28092,1978,4873,30987,12,1437
2024-11-02T11:00:00Z,26528,2633,7091,30986,7,1438
2024-06-11T20:00:00Z,26542,1319,5760,30983,7,1439
2024-10-21T15:30:00Z,29341,4241,5883,30983,15,1440
2024-07-01T17:00:00Z,25693,4922,10210,30981,7,1441
2024-11-29T21:30:00Z,28366,3806,6421,30981,12,1442
2024-10-31T11:00:00Z,28578,5100,7502,30980,11,1443
2024-09-13T17:30:00Z,26326,2820,7466,30972,9,1444
2024-09-26T07:30:00Z,26132,2705,7542,30969,9,1445
2024-10-08T09:00:00Z,27811,2866,6015,30960,0,1446
2024-11-20T10:30:00Z,33806,7158,4312,30960,14,1447
2024-12-02T07:30:00Z,29462,3484,4980,30958,12,1448
2024-11-17T12:30:00Z,27408,3795,7344,30957,8,1449
2024-10-08T16:00:00Z,28693,3059,5322,30956,12,1450
2024-09-29T16:30:00Z,26753,4277,8464,30940,12,1451
2024-11-14T07:30:00Z,30332,602,1206,30936,6,1452
2024-07-01T19:30:00Z,25422,2720,8223,30925,1,1453
2024-10-15T15:00:00Z,28820,4276,6378,30922,6,1454
2024-11-24T20:00:00Z,28077,5387,8232,30922,13,1455
2024-10-28T14:00:00Z,29555,2007,3371,30919,10,1456
2024-09-05T16:00:00Z,26331,4358,8942,30915,14,1457
2024-09-25T20:00:00Z,28955,1813,3773,30915,12,1458
2024-09-26T16:30:00Z,27014,4713,8613,30914,9,1459
2024-10-19T18:00:00Z,27535,714,4091,30912,5,1460
2024-11-02T09:00:00Z,25795,1729,6844,30910,14,1461
2024-10-24T21:00:00Z,27552,1915,5272,30909,9,1462
2024-07-01T21:00:00Z,24919,1884,7872,30907,1,1463
2024-10-08T15:30:00Z,27966,3647,6581,30900,13,1464
2024-10-21T16:30:00Z,29908,3560,4550,30898,13,1465
2024-10-26T09:00:00Z,25515,2388,7764,30891,9,1466
2024-10-09T10:30:00Z,27172,5368,9078,30882,11,1467
2024-10-16T21:00:00Z,27869,1139,4151,30881,9,1468
2024-11-21T04:00:00Z,24313,1898,8462,30877,354,1469
2024-10-01T11:00:00Z,28315,5133,7690,30872,8,1470
2024-10-31T12:00:00Z,28697,5704,7874,30867,10,1471
2024-10-11T17:00:00Z,28698,2192,4354,30860,7,1472
2024-11-26T13:30:00Z,31138,4236,3958,30860,7,1473
2024-09-16T21:00:00Z,26457,737,5124,30844,10,1474
2024-07-20T18:30:00Z,24113,1887,8609,30835,8,1475
2024-11-23T03:00:00Z,22590,2438,10682,30834,542,1476
2024-10-10T07:00:00Z,26820,1783,5788,30825,16,1477
2024-09-15T19:00:00Z,26773,1077,5125,30821,6,1478
2024-11-03T11:30:00Z,27080,1648,5389,30821,8,1479
2024-09-02T13:30:00Z,26594,3019,7243,30818,17,1480
2024-06-11T20:30:00Z,26105,980,5685,30810,8,1481
2024-10-01T12:00:00Z,28477,5441,7761,30797,9,1482
2024-11-02T10:30:00Z,26249,2460,7003,30792,9,1483
2024-11-15T14:30:00Z,30872,3306,3207,30773,13,1484
2024-09-10T21:00:00Z,25109,2825,8488,30772,4,1485
2024-09-15T20:00:00Z,26340,941,5373,30772,10,1486
2024-07-01T20:00:00Z,25232,2279,7805,30758,1,1487
2024-09-29T17:30:00Z,27575,3429,6612,30758,2,1488
2024-10-16T13:30:00Z,29810,3501,4444,30753,11,1489
2024-09-06T08:30:00Z,25675,3309,8378,30744,18,1490
2024-11-21T05:30:00Z,25876,1995,6857,30738,11,1491
2024-10-21T13:30:00Z,28984,5623,7374,30735,14,1492
2024-10-20T18:30:00Z,28353,5040,7420,30733,0,1493
2024-11-02T09:30:00Z,26016,2135,6851,30732,12,1494
2024-12-02T22:30:00Z,26685,1007,5051,30729,124,1495
2024-12-04T19:30:00Z,34396,5041,1373,30728,13,1496
2024-08-14T20:30:00Z,26311,1489,5904,30726,8,1497
2024-11-09T08:30:00Z,26510,451,4666,30725,9,1498
2024-11-23T00:00:00Z,25234,1284,6775,30725,6,1499
2024-11-28T22:00:00Z,28214,3458,5965,30721,9,1500
2024-12-05T07:30:00Z,30261,3112,3571,30720,5,1501
2024-09-30T11:30:00Z,29089,3998,5623,30714,10,1502
2024-10-28T08:00:00Z,27709,2280,5285,30714,13,1503
2024-09-26T21:30:00Z,24153,3299,9854,30708,7,1504
2024-07-15T17:30:00Z,27468,2047,5279,30700,13,1505
2024-09-19T19:00:00Z,28228,1298,3767,30697,14,1506
2024-10-17T07:30:00Z,27182,1432,4944,30694,11,1507
2024-10-21T12:30:00Z,29250,5831,7275,30694,14,1508
2024-11-16T08:00:00Z,25529,2080,7240,30689,13,1509
2024-06-29T21:00:00Z,22848,911,8750,30687,8,1510
2024-07-09T15:00:00Z,25437,5292,10539,30684,12,1511
2024-08-14T19:30:00Z,26293,1605,5996,30684,6,1512
2024-10-20T19:00:00Z,27853,5015,7846,30684,2,1513
2024-11-20T14:00:00Z,33230,6052,3505,30683,10,1514
2024-11-26T22:30:00Z,26927,545,4297,30679,5,1515
2024-11-14T22:30:00Z,25920,650,5406,30676,8,1516
2024-06-26T20:30:00Z,26180,1368,5860,30672,7,1517
2024-11-03T11:00:00Z,26854,1556,5374,30672,8,1518
2024-07-01T20:30:00Z,25037,2014,7640,30663,1,1519
2024-09-17T20:30:00Z,27235,852,4280,30663,7,1520
2024-09-28T20:30:00Z,25917,602,5342,30657,9,1521
2024-11-02T10:00:00Z,26225,2369,6801,30657,11,1522
2024-10-31T13:30:00Z,28282,4786,7160,30656,10,1523
2024-09-05T15:30:00Z,26173,4563,9039,30649,12,1524
2024-06-10T21:00:00Z,24980,1795,7458,30643,9,1525
2024-10-31T12:30:00Z,28533,5766,7876,30643,10,1526
2024-11-01T07:00:00Z,25093,1299,6844,30638,43,1527
2024-06-10T20:30:00Z,25321,2024,7337,30634,12,1528
2024-07-09T21:30:00Z,24520,1788,7902,30634,18,1529
2024-07-02T20:00:00Z,25065,1604,7172,30633,7,1530
2024-07-09T22:00:00Z,24010,1773,8394,30631,16,1531
2024-10-19T20:00:00Z,26822,884,4692,30630,9,1532
2024-10-31T14:00:00Z,28255,4249,6621,30627,10,1533
2024-12-01T22:30:00Z,23272,1962,9316,30626,473,1534
2024-09-25T09:00:00Z,28189,1899,4333,30623,11,1535
2024-10-29T08:30:00Z,29095,2331,3850,30614,13,1536
2024-09-24T09:00:00Z,27717,1950,4841,30608,5,1537
2024-11-25T07:30:00Z,29086,4648,6164,30602,15,1538
2024-10-03T16:30:00Z,27046,3550,7104,30600,11,1539
2024-11-02T14:30:00Z,27386,1350,4564,30600,11,1540
2024-07-20T20:30:00Z,23577,643,7665,30599,8,1541
2024-10-07T17:00:00Z,29393,1735,2941,30599,4,1542
2024-10-26T21:30:00Z,24244,1733,8086,30597,10,1543
2024-11-02T20:30:00Z,26600,766,4762,30596,11,1544
2024-10-29T09:30:00Z,28937,3424,5079,30592,8,1545
2024-10-14T10:30:00Z,30530,3802,3862,30590,9,1546
2024-10-25T12:00:00Z,29064,3738,5255,30581,10,1547
2024-11-28T06:00:00Z,27135,812,4256,30579,264,1548
2024-09-12T20:00:00Z,28795,1019,2799,30575,9,1549
2024-10-06T15:30:00Z,26745,2450,6277,30572,15,1550
2024-10-01T11:30:00Z,28287,5417,7695,30565,8,1551
2024-10-28T09:00:00Z,28752,2947,4758,30563,10,1552
2024-06-26T19:00:00Z,26783,2782,6561,30562,5,1553
2024-10-31T13:00:00Z,28450,5279,7384,30555,10,1554
2024-09-06T19:30:00Z,26740,1285,5098,30553,13,1555
2024-10-14T07:30:00Z,29425,934,2061,30552,5,1556
2024-10-07T08:30:00Z,27806,2830,5572,30548,16,1557
2024-11-09T21:30:00Z,26264,474,4755,30545,11,1558
2024-10-22T07:30:00Z,28899,1801,3445,30543,9,1559
2024-10-23T21:30:00Z,26410,2579,6710,30541,15,1560
2024-10-15T07:30:00Z,28617,1544,3466,30539,9,1561
2024-10-01T13:00:00Z,28356,5245,7421,30532,9,1562
2024-10-10T09:00:00Z,28437,3638,5730,30529,6,1563
2024-07-23T20:00:00Z,25548,705,5681,30524,6,1564
2024-10-06T21:30:00Z,24505,1271,7284,30518,16,1565
2024-09-25T08:00:00Z,27998,1037,3556,30517,15,1566
2024-11-27T07:30:00Z,32141,1659,34,30516,8,1567
2024-11-15T07:30:00Z,30846,1459,1127,30514,17,1568
2024-10-01T16:00:00Z,28410,4347,6447,30510,9,1569
2024-11-22T07:00:00Z,31433,2777,1854,30510,14,1570
2024-11-03T10:30:00Z,26325,1419,5600,30506,10,1571
2024-10-31T11:30:00Z,28504,5528,7514,30490,10,1572
2024-09-02T20:00:00Z,28129,1138,3498,30489,10,1573
2024-11-24T09:30:00Z,25607,5199,10079,30487,673,1574
2024-10-24T09:30:00Z,28233,6106,8345,30472,12,1575
2024-09-19T19:30:00Z,28119,1343,3695,30471,14,1576
2024-09-02T14:00:00Z,26265,2965,7166,30466,14,1577
2024-09-28T21:00:00Z,25335,596,5727,30466,8,1578
2024-10-26T09:30:00Z,25630,3139,7975,30466,9,1579
2024-09-15T16:30:00Z,25812,3474,8120,30458,9,1580
2024-10-02T20:30:00Z,28788,1530,3198,30456,8,1581
2024-07-09T13:00:00Z,26059,5299,9695,30455,13,1582
2024-06-26T20:00:00Z,26223,1657,5888,30454,5,1583
2024-10-03T23:00:00Z,22376,1381,9459,30454,5,1584
2024-10-09T07:00:00Z,26183,2329,6599,30453,11,1585
2024-10-21T15:00:00Z,28683,4518,6286,30451,13,1586
2024-07-02T19:30:00Z,25323,2183,7310,30450,5,1587
2024-10-08T10:30:00Z,27431,4307,7322,30446,10,1588
2024-11-27T23:00:00Z,26689,945,4701,30445,10,1589
2024-07-15T18:00:00Z,27587,1849,4695,30433,9,1590
2024-09-06T18:30:00Z,26980,1640,5087,30427,12,1591
2024-11-14T12:30:00Z,30438,3576,3565,30427,9,1592
2024-10-30T22:00:00Z,25060,1138,6503,30425,14,1593
2024-10-07T21:00:00Z,27072,827,4178,30423,14,1594
2024-06-29T21:30:00Z,22534,857,8745,30422,7,1595
2024-07-15T18:30:00Z,27274,1470,4616,30420,12,1596
2024-10-05T18:00:00Z,26917,2401,5901,30417,6,1597
2024-09-12T20:30:00Z,28346,986,3054,30414,10,1598
2024-06-09T19:30:00Z,23635,2070,8839,30404,8,1599
2024-11-07T21:00:00Z,28910,1401,2895,30404,6,1600
2024-09-26T09:00:00Z,26668,5054,8786,30400,13,1601
2024-09-06T19:00:00Z,26863,1369,4905,30399,10,1602
2024-09-08T19:00:00Z,26067,1598,5930,30399,10,1603
2024-09-15T19:30:00Z,26687,980,4686,30393,6,1604
2024-11-08T22:30:00Z,25009,505,5887,30391,16,1605
2024-10-31T07:00:00Z,25853,1570,6107,30390,12,1606
2024-10-22T09:30:00Z,29248,4560,5695,30383,11,1607
2024-06-11T18:30:00Z,26964,2858,6268,30374,10,1608
2024-11-02T19:30:00Z,27918,782,3236,30372,12,1609
2024-09-04T20:30:00Z,27001,758,4123,30366,13,1610
2024-07-20T19:30:00Z,23762,1038,7637,30361,8,1611
2024-07-23T20:30:00Z,25235,484,5609,30360,6,1612
2024-09-01T20:00:00Z,25651,985,5690,30356,15,1613
2024-10-09T11:00:00Z,26825,5826,9357,30356,9,1614
2024-09-26T07:00:00Z,25153,2411,7612,30354,9,1615
2024-09-25T20:30:00Z,28024,1863,4191,30352,12,1616
2024-09-30T07:30:00Z,26818,2506,6038,30350,17,1617
2024-09-24T08:30:00Z,27625,1538,4259,30346,5,1618
2024-10-21T16:00:00Z,29467,3965,4842,30344,14,1619
2024-07-05T20:30:00Z,24732,770,6371,30333,8,1620
2024-07-24T17:00:00Z,26298,4006,8038,30330,14,1621
2024-10-04T09:00:00Z,28004,5353,7675,30326,12,1622
2024-11-10T20:30:00Z,28015,1711,4016,30320,13,1623
2024-09-29T18:30:00Z,27851,3364,5832,30319,4,1624
2024-09-15T17:00:00Z,26330,2935,6918,30313,9,1625
2024-10-16T14:00:00Z,29733,2983,3560,30310,11,1626
2024-09-04T18:30:00Z,27376,1183,4110,30303,7,1627
2024-06-10T20:00:00Z,25628,2535,7207,30300,10,1628
2024-06-09T19:00:00Z,23754,2573,9117,30298,8,1629
2024-10-26T08:30:00Z,24810,1751,7232,30291,9,1630
2024-10-29T08:00:00Z,28441,1652,3500,30289,13,1631
2024-11-10T11:00:00Z,26748,2452,5985,30281,14,1632
2024-09-23T09:00:00Z,28072,1469,3677,30280,12,1633
2024-09-27T21:30:00Z,25723,1865,6413,30271,10,1634
2024-11-30T20:30:00Z,27215,4561,7617,30271,11,1635
2024-10-02T17:30:00Z,29653,2136,2751,30268,4,1636
2024-06-13T17:30:00Z,27319,4472,7414,30261,5,1637
2024-07-15T17:00:00Z,27330,2296,5223,30257,13,1638
2024-10-10T22:30:00Z,24388,1036,6904,30256,14,1639
2024-09-25T08:30:00Z,27901,1444,3797,30254,14,1640
2024-11-16T21:30:00Z,25412,2342,7183,30253,7,1641
2024-07-20T18:00:00Z,23862,2223,8607,30246,8,1642
2024-10-03T07:00:00Z,26540,851,4553,30242,5,1643
2024-10-07T07:00:00Z,26243,1157,5138,30224,9,1644
2024-11-15T00:30:00Z,23962,781,7039,30220,35,1645
2024-11-03T10:00:00Z,25782,1342,5779,30219,9,1646
2024-11-22T10:30:00Z,33807,7117,3526,30216,7,1647
2024-11-14T12:00:00Z,30561,3883,3535,30213,10,1648
2024-10-11T22:30:00Z,23926,1576,7862,30212,9,1649
2024-10-16T07:00:00Z,26630,2571,6150,30209,12,1650
2024-10-13T15:30:00Z,27060,1929,5076,30207,13,1651
2024-10-09T11:30:00Z,26825,6017,9398,30206,9,1652
2024-10-09T12:00:00Z,26885,6013,9332,30204,9,1653
2024-10-06T15:00:00Z,26472,2669,6397,30200,11,1654
2024-09-29T20:30:00Z,25545,3731,8373,30187,61,1655
2024-10-23T10:00:00Z,29221,4746,5712,30187,10,1656
2024-09-05T21:00:00Z,25038,2775,7923,30186,5,1657
2024-09-11T18:30:00Z,27665,2953,5459,30171,7,1658
2024-09-18T20:00:00Z,27157,1470,4484,30171,12,1659
2024-09-29T18:00:00Z,27573,3307,5902,30168,5,1660
2024-10-28T08:30:00Z,28290,2733,4609,30166,12,1661
2024-11-04T21:30:00Z,27515,395,3046,30166,10,1662
2024-09-05T13:00:00Z,26388,4765,8542,30165,14,1663
2024-11-29T14:00:00Z,31397,5590,4358,30165,9,1664
2024-10-28T12:30:00Z,29254,2911,3820,30163,8,1665
2024-09-08T18:30:00Z,26045,1763,5880,30162,13,1666
2024-11-02T14:00:00Z,27002,1575,4734,30161,8,1667
2024-07-09T14:00:00Z,25722,5523,9956,30155,12,1668
2024-09-07T20:00:00Z,25649,611,5117,30155,8,1669
2024-10-17T08:30:00Z,27360,2821,5615,30154,9,1670
2024-11-02T21:00:00Z,25669,767,5250,30152,9,1671
2024-11-20T12:00:00Z,33114,8464,5502,30152,12,1672
2024-09-06T09:00:00Z,25814,3914,8247,30147,17,1673
2024-10-25T21:30:00Z,25809,806,5140,30143,5,1674
2024-10-17T17:30:00Z,29578,1573,2136,30141,7,1675
2024-09-25T09:30:00Z,28098,2360,4394,30132,10,1676
2024-10-18T09:00:00Z,28901,4484,5712,30129,10,1677
2024-07-09T14:30:00Z,25479,5371,10020,30128,12,1678
2024-06-10T21:30:00Z,24450,1704,7380,30126,8,1679
2024-11-06T21:30:00Z,28304,1015,2831,30120,12,1680
2024-10-21T21:00:00Z,28258,2530,4389,30117,13,1681
2024-09-24T17:00:00Z,28121,2735,4724,30110,13,1682
2024-11-03T21:30:00Z,25211,484,5382,30109,12,1683
2024-07-09T13:30:00Z,25857,5470,9720,30107,13,1684
2024-10-27T21:30:00Z,25167,2406,7346,30107,130,1685
2024-09-09T21:00:00Z,25402,2239,6942,30105,12,1686
2024-10-08T09:30:00Z,27544,3491,6051,30104,4,1687
2024-11-14T07:00:00Z,29028,557,1629,30100,10,1688
2024-10-28T21:30:00Z,26246,615,4464,30095,8,1689
2024-09-08T18:00:00Z,25979,1937,6052,30094,13,1690
2024-11-20T01:00:00Z,24625,2779,8246,30092,343,1691
2024-11-22T12:30:00Z,32688,6824,4228,30092,7,1692
2024-10-30T07:30:00Z,27357,428,3161,30090,12,1693
2024-08-15T18:30:00Z,26283,2941,6742,30084,7,1694
2024-09-28T21:30:00Z,24791,589,5878,30080,9,1695
2024-10-18T09:30:00Z,28226,5513,7362,30075,10,1696
2024-10-12T11:00:00Z,25215,4809,9668,30074,12,1697
2024-10-24T07:30:00Z,27604,3040,5510,30074,10,1698
2024-07-23T21:00:00Z,24861,425,5635,30071,9,1699
2024-10-10T16:00:00Z,28172,3514,5409,30067,12,1700
2024-11-20T13:00:00Z,32892,7848,5023,30067,15,1701
2024-10-31T22:00:00Z,25032,1701,6735,30066,11,1702
2024-11-29T12:30:00Z,31418,7314,5962,30066,10,1703
2024-07-24T18:00:00Z,26689,3137,6512,30064,19,1704
2024-12-03T00:30:00Z,24362,665,6362,30059,15,1705
2024-06-26T22:00:00Z,25388,1415,6085,30058,4,1706
2024-11-13T08:30:00Z,31253,2378,1182,30057,10,1707
2024-11-19T00:30:00Z,23080,2132,9106,30054,139,1708
2024-06-11T21:00:00Z,25635,828,5243,30050,8,1709
2024-10-01T13:30:00Z,27866,5256,7440,30050,9,1710
2024-11-29T22:00:00Z,27096,3712,6660,30044,14,1711
2024-10-08T10:00:00Z,27334,3805,6512,30041,10,1712
2024-11-14T10:00:00Z,31128,3687,2598,30039,10,1713
2024-10-20T18:00:00Z,28021,5119,7129,30031,0,1714
2024-11-18T07:00:00Z,29638,839,1228,30027,3,1715
2024-09-28T18:00:00Z,26489,799,4329,30019,7,1716
2024-11-02T08:30:00Z,24857,1385,6546,30018,17,1717
2024-10-09T21:00:00Z,26098,3427,7341,30012,15,1718
2024-09-02T14:30:00Z,26176,3357,7191,30010,14,1719
2024-09-24T08:00:00Z,27154,1189,4044,30009,9,1720
2024-09-03T09:30:00Z,26078,3214,7140,30004,10,1721
2024-07-02T21:30:00Z,24439,1000,6563,30002,7,1722
2024-06-11T19:30:00Z,26420,1720,5293,29993,9,1723
2024-09-23T09:30:00Z,28105,1827,3712,29990,11,1724
2024-11-10T10:30:00Z,26497,2241,5733,29989,16,1725
2024-07-05T17:30:00Z,25491,2775,7272,29988,4,1726
2024-10-04T21:00:00Z,26686,2187,5489,29988,8,1727
2024-09-16T18:00:00Z,27482,1761,4265,29986,10,1728
2024-11-20T12:30:00Z,32807,8321,5500,29986,15,1729
2024-10-17T21:30:00Z,26190,1108,4903,29985,8,1730
2024-11-25T14:30:00Z,29641,6167,6511,29985,12,1731
2024-10-21T08:00:00Z,28209,3251,5026,29984,10,1732
2024-06-29T22:00:00Z,22146,865,8697,29978,7,1733
2024-09-25T07:30:00Z,27373,576,3181,29978,10,1734
2024-09-25T18:30:00Z,30072,1619,1524,29977,4,1735
2024-09-30T12:00:00Z,29158,4302,5111,29967,3,1736
2024-09-08T17:30:00Z,25757,2222,6428,29963,18,1737
2024-10-19T20:30:00Z,26086,946,4822,29962,9,1738
2024-10-16T14:30:00Z,29716,3088,3332,29960,11,1739
2024-10-15T21:30:00Z,25903,2987,7043,29959,17,1740
2024-10-18T17:30:00Z,29397,3178,3740,29959,7,1741
2024-10-14T15:00:00Z,29428,3280,3809,29957,5,1742
2024-10-26T08:00:00Z,24317,1315,6951,29953,7,1743
2024-11-15T14:00:00Z,30738,3798,3012,29952,13,1744
2024-11-20T00:30:00Z,24826,2777,7902,29951,15,1745
2024-09-29T17:00:00Z,26922,3706,6734,29950,6,1746
2024-06-09T22:00:00Z,22098,1227,9074,29945,15,1747
2024-07-15T16:30:00Z,27106,2698,5536,29944,12,1748
2024-11-10T10:00:00Z,26414,2200,5730,29944,11,1749
2024-08-15T20:00:00Z,25751,1897,6088,29942,6,1750
2024-09-10T17:00:00Z,26600,5541,8881,29940,16,1751
2024-11-01T22:00:00Z,25214,421,5145,29938,5,1752
2024-11-12T08:00:00Z,31281,1835,487,29933,12,1753
2024-09-23T17:30:00Z,29873,1207,1256,29922,5,1754
2024-09-01T20:30:00Z,25280,948,5583,29915,13,1755
2024-11-15T22:00:00Z,26402,2812,6325,29915,13,1756
2024-11-29T13:30:00Z,31093,6404,5226,29915,10,1757
2024-11-17T22:30:00Z,24214,1237,6929,29906,17,1758
2024-09-08T19:30:00Z,25784,1634,5754,29904,10,1759
2024-07-24T18:30:00Z,26519,2774,6155,29900,19,1760
2024-08-14T19:00:00Z,26170,2086,5816,29900,2,1761
2024-11-13T22:00:00Z,27003,1025,3920,29898,9,1762
2024-08-01T20:30:00Z,25769,560,4684,29893,13,1763
2024-10-14T11:00:00Z,30358,4315,3850,29893,8,1764
2024-07-17T19:30:00Z,25892,1596,5595,29891,3,1765
2024-08-15T19:00:00Z,26339,2544,6087,29882,2,1766
2024-10-28T09:30:00Z,28709,3359,4532,29882,12,1767
2024-08-01T20:00:00Z,25921,791,4750,29880,12,1768
2024-11-05T21:00:00Z,29064,693,1505,29876,8,1769
2024-06-09T20:30:00Z,23031,1381,8225,29875,8,1770
2024-08-15T20:30:00Z,25502,1736,6102,29868,4,1771
2024-10-25T12:30:00Z,28752,3867,4983,29868,10,1772
2024-10-26T16:30:00Z,25863,3085,7090,29868,9,1773
2024-07-01T21:30:00Z,23839,1814,7842,29867,10,1774
2024-11-25T09:30:00Z,30205,7575,7233,29863,15,1775
2024-10-29T21:30:00Z,26591,510,3779,29860,10,1776
2024-10-08T06:30:00Z,24245,1210,6821,29856,13,1777
2024-09-16T21:30:00Z,25310,737,5276,29849,10,1778
2024-06-26T21:00:00Z,25793,1319,5374,29848,10,1779
2024-09-03T20:00:00Z,27907,712,2653,29848,7,1780
2024-11-23T21:00:00Z,25663,4867,9049,29845,14,1781
2024-11-11T07:30:00Z,28698,1432,2578,29844,16,1782
2024-11-22T23:30:00Z,25239,1176,5778,29841,8,1783
2024-09-15T20:30:00Z,25429,902,5311,29838,10,1784
2024-09-23T10:00:00Z,28140,2071,3756,29825,11,1785
2024-10-03T23:30:00Z,21397,1402,9830,29825,5,1786
2024-12-02T23:00:00Z,25011,885,5699,29825,16,1787
2024-11-11T15:00:00Z,30541,2062,1345,29824,10,1788
2024-11-02T15:30:00Z,27881,959,2901,29823,4,1789
2024-10-22T22:00:00Z,25440,1335,5712,29817,9,1790
2024-06-30T20:00:00Z,23510,1298,7604,29816,10,1791
2024-11-02T15:00:00Z,27702,1136,3245,29811,11,1792
2024-11-06T07:30:00Z,29252,687,1243,29808,16,1793
2024-11-23T03:30:00Z,21668,2735,10871,29804,588,1794
2024-06-19T20:00:00Z,25303,1811,6311,29803,10,1795
2024-10-18T19:00:00Z,29597,3330,3534,29801,14,1796
2024-09-24T21:30:00Z,25350,1120,5570,29800,12,1797
2024-10-25T16:00:00Z,28143,2028,3685,29800,9,1798
2024-11-29T07:00:00Z,30202,3334,2925,29793,16,1799
2024-11-14T23:00:00Z,24578,685,5889,29782,8,1800
2024-06-11T21:30:00Z,25255,774,5299,29780,5,1801
2024-10-24T21:30:00Z,26314,1849,5315,29780,8,1802
2024-09-24T09:30:00Z,27474,2636,4935,29773,10,1803
2024-07-20T19:00:00Z,23592,1448,7622,29766,8,1804
2024-06-09T21:30:00Z,22517,1221,8469,29765,13,1805
2024-08-28T08:30:00Z,24259,3358,8863,29764,11,1806
2024-06-09T21:00:00Z,22731,1270,8296,29757,12,1807
2024-10-07T09:00:00Z,27848,3919,5819,29748,16,1808
2024-06-11T19:00:00Z,26625,2241,5355,29739,12,1809
2024-09-20T08:00:00Z,26640,1902,5001,29739,11,1810
2024-11-13T09:00:00Z,31407,3235,1567,29739,8,1811
2024-09-25T21:00:00Z,26788,1878,4828,29738,11,1812
2024-06-12T20:30:00Z,25584,680,4826,29730,6,1813
2024-07-20T21:30:00Z,23182,687,7230,29725,11,1814
2024-08-15T19:30:00Z,26006,2187,5905,29724,5,1815
2024-11-15T10:00:00Z,31661,3898,1960,29723,11,1816
2024-10-15T07:00:00Z,27634,1474,3562,29722,5,1817
2024-10-14T14:30:00Z,29501,3599,3818,29720,7,1818
2024-09-13T08:00:00Z,26208,3225,6735,29718,13,1819
2024-09-26T16:00:00Z,26278,5035,8475,29718,7,1820
2024-11-15T01:00:00Z,23370,809,7156,29717,439,1821
2024-10-19T17:30:00Z,26692,772,3793,29713,4,1822
2024-07-20T21:00:00Z,23203,642,7151,29712,8,1823
2024-12-03T01:00:00Z,23917,629,6424,29712,331,1824
2024-06-12T19:30:00Z,25907,1656,5458,29709,5,1825
2024-09-03T08:00:00Z,25893,1505,5320,29708,7,1826
2024-09-05T14:30:00Z,25906,4792,8593,29707,14,1827
2024-09-13T22:30:00Z,22409,1132,8428,29705,16,1828
2024-06-13T17:00:00Z,26929,4626,7399,29702,5,1829
2024-10-01T21:00:00Z,26684,2649,5666,29701,8,1830
2024-11-15T00:00:00Z,23451,751,6987,29687,12,1831
2024-12-02T07:00:00Z,28116,3365,4936,29687,7,1832
2024-09-26T09:30:00Z,26500,5547,8724,29677,13,1833
2024-09-05T15:00:00Z,25699,4678,8655,29676,14,1834
2024-10-08T22:30:00Z,22887,1908,8696,29675,14,1835
2024-10-12T07:30:00Z,22738,1846,8779,29671,15,1836
2024-10-08T14:30:00Z,27014,4824,7475,29665,12,1837
2024-11-12T14:30:00Z,31257,2172,576,29661,13,1838
2024-10-11T16:30:00Z,27289,3251,5619,29657,12,1839
2024-11-20T11:30:00Z,33025,8427,5059,29657,14,1840
2024-09-30T13:00:00Z,28693,4253,5216,29656,9,1841
2024-11-24T20:30:00Z,27210,5436,7880,29654,72,1842
2024-06-09T18:30:00Z,23477,3204,9380,29653,9,1843
2024-06-30T19:30:00Z,23323,1723,8052,29652,7,1844
2024-09-05T14:00:00Z,25892,4719,8478,29651,13,1845
2024-11-09T08:00:00Z,25534,356,4471,29649,12,1846
2024-09-03T19:30:00Z,27833,735,2547,29645,7,1847
2024-09-06T18:00:00Z,26698,2093,5040,29645,8,1848
2024-10-05T08:00:00Z,22647,2908,9903,29642,6,1849
2024-09-02T20:30:00Z,27445,1154,3348,29639,14,1850
2024-10-01T15:30:00Z,27667,4720,6685,29632,9,1851
2024-09-18T19:30:00Z,27567,1434,3496,29629,13,1852
2024-11-18T23:00:00Z,23805,2083,7904,29626,79,1853
2024-11-02T21:30:00Z,24973,768,5415,29620,10,1854
2024-09-30T21:30:00Z,25355,2463,6727,29619,7,1855
2024-11-09T22:00:00Z,25094,493,5017,29618,10,1856
2024-11-28T05:30:00Z,24758,768,5625,29615,900,1857
2024-10-29T10:00:00Z,28500,3897,5008,29611,8,1858
2024-10-01T07:30:00Z,26551,2443,5500,29608,11,1859
2024-06-12T19:00:00Z,26160,2243,5689,29606,3,1860
2024-08-14T21:00:00Z,25954,1584,5236,29606,10,1861
2024-10-22T16:00:00Z,27743,3702,5564,29605,10,1862
2024-09-18T20:30:00Z,26552,1506,4556,29602,7,1863
2024-09-30T12:30:00Z,28884,4525,5241,29600,9,1864
2024-09-19T20:00:00Z,27320,1363,3640,29597,14,1865
2024-11-07T07:30:00Z,28664,1501,2434,29597,14,1866
2024-11-26T10:00:00Z,31583,5509,3517,29591,7,1867
2024-12-03T22:00:00Z,28882,1881,2590,29591,11,1868
2024-06-12T21:00:00Z,25349,486,4724,29587,6,1869
2024-11-19T00:00:00Z,22757,2100,8930,29587,130,1870
2024-09-10T21:30:00Z,24126,2801,8256,29581,2,1871
2024-11-22T12:00:00Z,32774,7393,4189,29570,7,1872
2024-07-16T20:00:00Z,25337,1197,5426,29566,3,1873
2024-12-03T00:00:00Z,24131,714,6148,29565,15,1874
2024-07-24T16:30:00Z,25550,4446,8459,29563,11,1875
2024-08-28T08:00:00Z,23793,2745,8514,29562,7,1876
2024-11-29T12:00:00Z,31476,7707,5792,29561,10,1877
2024-09-18T19:00:00Z,27479,1384,3465,29560,12,1878
2024-10-26T22:00:00Z,23331,1720,7943,29554,13,1879
2024-09-23T10:30:00Z,28297,2469,3723,29551,11,1880
2024-07-17T19:00:00Z,25875,2118,5792,29549,4,1881
2024-09-02T15:30:00Z,26105,3274,6710,29541,14,1882
2024-10-09T16:00:00Z,27283,4564,6820,29539,11,1883
2024-07-02T19:00:00Z,25081,2746,7198,29533,7,1884
2024-06-11T22:00:00Z,24454,738,5809,29525,10,1885
2024-09-02T19:30:00Z,27848,1124,2800,29524,10,1886
2024-09-02T15:00:00Z,26056,3308,6771,29519,14,1887
2024-10-10T09:30:00Z,28051,4214,5682,29519,10,1888
2024-09-30T15:00:00Z,28352,3846,5008,29514,9,1889
2024-10-11T23:00:00Z,22501,1607,8619,29513,8,1890
2024-06-11T18:00:00Z,26551,3420,6379,29510,7,1891
2024-06-19T20:30:00Z,24847,1391,6050,29506,8,1892
2024-07-09T11:30:00Z,26241,5097,8359,29503,13,1893
2024-09-08T20:00:00Z,25518,1688,5673,29503,3,1894
2024-09-23T18:00:00Z,29977,1058,584,29503,7,1895
2024-09-09T17:30:00Z,25925,3775,7351,29501,4,1896
2024-06-10T22:00:00Z,23679,1673,7491,29497,10,1897
2024-06-26T21:30:00Z,25382,1384,5498,29496,4,1898
2024-09-05T13:30:00Z,25988,4856,8362,29494,12,1899
2024-10-23T16:00:00Z,28205,3727,5013,29491,10,1900
2024-06-19T21:00:00Z,24606,1145,6024,29485,11,1901
2024-11-26T13:00:00Z,30700,5214,3997,29483,8,1902
2024-06-12T21:30:00Z,25142,463,4802,29481,6,1903
2024-08-15T18:00:00Z,26016,3496,6956,29476,7,1904
2024-10-04T17:00:00Z,27718,3121,4875,29472,2,1905
2024-11-21T05:00:00Z,24720,1968,6706,29458,14,1906
2024-06-19T21:30:00Z,24279,1105,6281,29455,16,1907
2024-09-03T08:30:00Z,26162,1955,5247,29454,8,1908
2024-10-30T23:00:00Z,22397,1286,8333,29444,9,1909
2024-07-09T08:30:00Z,25405,3667,7704,29442,14,1910
2024-11-03T09:30:00Z,25010,1242,5673,29441,9,1911
2024-11-30T21:00:00Z,26093,4637,7982,29438,11,1912
2024-07-31T20:30:00Z,25986,603,4053,29436,10,1913
2024-11-30T07:30:00Z,24507,2772,7701,29436,14,1914
2024-07-15T19:00:00Z,26902,1134,3665,29433,7,1915
2024-11-11T22:00:00Z,26639,1079,3869,29429,7,1916
2024-11-29T11:30:00Z,31428,7589,5588,29427,11,1917
2024-07-25T17:30:00Z,26704,3198,5920,29426,8,1918
2024-10-29T14:30:00Z,29804,2157,1776,29423,10,1919
2024-10-28T12:00:00Z,28954,3274,3737,29417,8,1920
2024-06-12T20:00:00Z,25667,1126,4873,29414,6,1921
2024-10-13T22:00:00Z,24369,971,6012,29410,11,1922
2024-11-05T07:30:00Z,28954,350,802,29406,8,1923
2024-07-17T18:30:00Z,25865,2716,6254,29403,5,1924
2024-11-20T06:30:00Z,29500,2830,2727,29397,10,1925
2024-10-03T08:30:00Z,27558,3116,4953,29395,8,1926
2024-10-18T18:00:00Z,29847,3230,2776,29393,7,1927
2024-07-16T20:30:00Z,24962,906,5334,29390,7,1928
2024-11-25T07:00:00Z,27728,4724,6385,29389,13,1929
2024-07-01T16:30:00Z,24788,5250,9849,29387,7,1930
2024-09-27T17:30:00Z,26745,4014,6656,29387,7,1931
2024-11-12T07:30:00Z,30539,1289,137,29387,11,1932
2024-10-12T21:00:00Z,24694,3849,8536,29381,844,1933
2024-10-08T14:00:00Z,27045,5032,7366,29379,12,1934
2024-09-30T14:30:00Z,28270,3943,5051,29378,9,1935
2024-09-03T19:00:00Z,27867,928,2436,29375,7,1936
2024-11-13T07:30:00Z,30387,972,-44,29371,3,1937
2024-06-09T20:00:00Z,23062,1686,7994,29370,7,1938
2024-08-13T20:30:00Z,26247,1617,4740,29370,7,1939
2024-10-31T00:30:00Z,21781,1406,8994,29369,49,1940
2024-06-11T17:30:00Z,26403,3721,6686,29368,15,1941
2024-09-27T08:00:00Z,25909,4122,7581,29368,8,1942
2024-10-26T10:00:00Z,25294,4042,8113,29365,9,1943
2024-11-02T08:00:00Z,24136,1170,6395,29361,16,1944
2024-10-23T07:30:00Z,28125,1526,2747,29346,10,1945
2024-10-29T22:00:00Z,25145,492,4688,29341,10,1946
2024-06-30T20:30:00Z,23063,964,7241,29340,11,1947
2024-09-02T17:30:00Z,28177,2023,3180,29334,14,1948
2024-07-23T21:30:00Z,24288,408,5452,29332,9,1949
2024-11-24T09:00:00Z,24885,4945,9392,29332,826,1950
2024-08-22T21:00:00Z,24765,1943,6505,29327,2,1951
2024-10-09T12:30:00Z,26464,6216,9079,29327,10,1952
2024-08-13T20:00:00Z,26352,1740,4714,29326,7,1953
2024-10-20T19:30:00Z,26789,4990,7521,29320,6,1954
2024-07-17T20:30:00Z,25395,858,4782,29319,2,1955
2024-06-29T22:30:00Z,21416,873,8769,29312,7,1956
2024-09-17T21:00:00Z,26156,864,4012,29304,8,1957
2024-08-15T21:00:00Z,25157,1645,5788,29300,0,1958
2024-08-22T20:30:00Z,25049,1919,6167,29297,0,1959
2024-09-30T13:30:00Z,28404,4337,5230,29297,9,1960
2024-10-14T11:30:00Z,30095,4668,3868,29295,6,1961
2024-10-16T21:30:00Z,26205,1137,4227,29295,8,1962
2024-10-17T07:00:00Z,26145,1401,4549,29293,9,1963
2024-09-02T19:00:00Z,27820,1191,2663,29292,12,1964
2024-10-18T18:30:00Z,29991,3292,2591,29290,7,1965
2024-12-05T07:00:00Z,28989,3261,3553,29281,7,1966
2024-10-01T14:00:00Z,27463,5228,7044,29279,9,1967
2024-07-09T22:30:00Z,22632,1757,8402,29277,14,1968
2024-09-06T21:00:00Z,24959,1177,5494,29276,15,1969
2024-11-20T01:30:00Z,23927,2781,8126,29272,409,1970
2024-09-25T18:00:00Z,29713,1682,1237,29268,3,1971
2024-09-03T20:30:00Z,27319,690,2629,29258,8,1972
2024-09-04T18:00:00Z,26897,1654,4014,29257,5,1973
2024-11-11T07:00:00Z,27822,1407,2842,29257,18,1974
2024-11-13T14:30:00Z,30533,2851,1574,29256,9,1975
2024-09-12T19:30:00Z,28926,1315,1641,29252,5,1976
2024-06-30T19:00:00Z,23176,2153,8226,29249,6,1977
2024-07-31T20:00:00Z,26076,835,4007,29248,10,1978
2024-09-27T07:30:00Z,25352,3750,7646,29248,14,1979
2024-11-28T00:30:00Z,25283,944,4907,29246,5,1980
2024-11-26T23:00:00Z,25316,594,4522,29244,5,1981
2024-09-02T18:30:00Z,28221,1366,2387,29242,12,1982
2024-10-08T11:00:00Z,27432,5491,7301,29242,12,1983
2024-11-15T01:30:00Z,22809,837,7262,29234,584,1984
2024-07-31T21:00:00Z,25933,570,3870,29233,7,1985
2024-06-19T19:30:00Z,25524,2429,6134,29229,5,1986
2024-07-17T20:00:00Z,25530,1163,4857,29224,4,1987
2024-11-18T23:30:00Z,22924,2067,8366,29223,53,1988
2024-11-17T12:00:00Z,26675,4546,7092,29221,8,1989
2024-10-11T09:30:00Z,28202,6254,7271,29219,15,1990
2024-09-14T20:00:00Z,24672,2605,7139,29206,8,1991
2024-08-22T20:00:00Z,25244,1956,5915,29203,0,1992
2024-06-13T16:30:00Z,26377,4958,7779,29198,8,1993
2024-08-07T19:30:00Z,24960,2658,6895,29197,6,1994
2024-09-23T18:30:00Z,29837,1008,366,29195,6,1995
2024-09-07T20:30:00Z,24905,605,4890,29190,12,1996
2024-08-01T19:30:00Z,25829,1218,4577,29188,11,1997
2024-07-09T11:00:00Z,26234,4986,7934,29182,14,1998
2024-09-12T21:00:00Z,27438,962,2702,29178,12,1999
2024-07-23T19:30:00Z,25394,1087,4870,29177,4,2000
2024-09-19T18:30:00Z,27437,1352,3087,29172,14,2001
2024-10-28T10:00:00Z,28478,3660,4353,29171,11,2002
2024-11-04T07:30:00Z,28869,399,694,29164,11,2003
2024-09-01T19:30:00Z,25341,1026,4848,29163,10,2004
2024-09-20T19:00:00Z,26940,1493,3715,29162,11,2005
2024-09-06T07:30:00Z,24730,2179,6606,29157,15,2006
2024-06-24T22:00:00Z,24493,798,5460,29155,7,2007
2024-08-01T21:00:00Z,25379,528,4304,29155,12,2008
2024-10-18T17:00:00Z,28786,3359,3728,29155,7,2009
2024-12-04T20:00:00Z,33128,5063,1082,29147,12,2010
2024-09-27T22:00:00Z,24402,1795,6534,29141,8,2011
2024-10-31T00:00:00Z,21696,1388,8833,29141,20,2012
2024-10-04T00:00:00Z,20841,1408,9697,29130,3,2013
2024-10-18T07:00:00Z,26225,1855,4750,29120,10,2014
2024-11-15T10:30:00Z,31408,4201,1912,29119,13,2015
2024-10-02T21:00:00Z,27483,1501,3136,29118,8,2016
2024-06-06T21:00:00Z,24967,1138,5282,29111,1,2017
2024-11-01T06:30:00Z,22878,1344,7576,29110,343,2018
2024-11-23T21:30:00Z,24911,5091,9289,29109,592,2019
2024-08-30T20:00:00Z,25428,681,4360,29107,9,2020
2024-09-30T14:00:00Z,28465,4508,5150,29107,9,2021
2024-07-16T21:00:00Z,24572,839,5372,29105,6,2022
2024-09-26T22:00:00Z,22802,3281,9584,29105,18,2023
2024-09-14T19:30:00Z,24957,2639,6784,29102,9,2024
2024-08-12T21:00:00Z,25872,993,4212,29091,1,2025
2024-09-12T19:00:00Z,28708,1120,1500,29088,8,2026
2024-11-22T11:00:00Z,33073,7402,3415,29086,7,2027
2024-09-20T20:00:00Z,26420,1501,4166,29085,15,2028
2024-11-29T13:00:00Z,31124,7008,4966,29082,10,2029
2024-06-19T22:00:00Z,23898,1086,6263,29075,10,2030
2024-09-23T11:00:00Z,28007,2692,3759,29074,11,2031
2024-08-30T20:30:00Z,25270,673,4476,29073,9,2032
2024-11-13T23:00:00Z,23839,959,6192,29072,9,2033
2024-11-20T02:00:00Z,23720,2834,8175,29061,762,2034
2024-10-28T22:00:00Z,25221,626,4465,29060,8,2035
2024-09-19T20:30:00Z,26618,1382,3821,29057,14,2036
2024-11-17T09:00:00Z,24919,3417,7552,29054,13,2037
2024-09-06T09:30:00Z,25434,4592,8207,29049,17,2038
2024-11-14T11:30:00Z,30321,4025,2753,29049,11,2039
2024-07-15T15:30:00Z,25967,3103,6183,29047,13,2040
2024-08-14T18:30:00Z,25853,2682,5876,29047,5,2041
2024-10-08T15:00:00Z,27061,4608,6593,29046,12,2042
2024-06-25T19:30:00Z,26555,1886,4376,29045,8,2043
2024-11-27T23:30:00Z,25444,948,4547,29043,7,2044
2024-07-25T17:00:00Z,26114,3266,6191,29039,8,2045
2024-09-17T18:30:00Z,27277,983,2741,29035,9,2046
2024-09-23T19:00:00Z,29808,992,219,29035,6,2047
2024-07-09T08:00:00Z,24981,3332,7375,29024,9,2048
2024-10-25T14:00:00Z,27610,3367,4781,29024,7,2049
2024-10-07T21:30:00Z,25454,825,4389,29018,16,2050
2024-11-15T13:30:00Z,30683,4235,2568,29016,13,2051
2024-10-28T10:30:00Z,28518,3588,4081,29011,9,2052
2024-11-20T00:00:00Z,24202,2730,7539,29011,16,2053
2024-10-14T14:00:00Z,29386,4068,3690,29008,6,2054
2024-09-25T07:00:00Z,25945,374,3429,29000,13,2055
2024-08-13T21:00:00Z,25824,1534,4705,28995,7,2056
2024-09-20T08:30:00Z,26406,2561,5148,28993,9,2057
2024-10-12T07:00:00Z,21769,1834,9057,28992,12,2058
2024-11-14T10:30:00Z,30526,4188,2652,28990,7,2059
2024-10-11T23:30:00Z,21578,1638,9049,28989,9,2060
2024-10-24T16:30:00Z,29319,2903,2573,28989,13,2061
2024-08-07T18:30:00Z,25165,3844,7667,28988,8,2062
2024-06-26T18:30:00Z,26391,3621,6215,28985,5,2063
2024-08-07T20:00:00Z,24739,2316,6562,28985,1,2064
2024-12-02T23:30:00Z,24144,763,5598,28979,15,2065
2024-07-13T20:30:00Z,23300,939,6615,28976,12,2066
2024-10-18T20:00:00Z,27793,3346,4529,28976,7,2067
2024-11-14T00:30:00Z,23121,1104,6958,28975,13,2068
2024-09-23T20:00:00Z,28479,957,1450,28972,10,2069
2024-07-20T17:30:00Z,23372,2397,7995,28970,8,2070
2024-09-01T17:30:00Z,24964,2674,6675,28965,11,2071
2024-10-05T08:30:00Z,23094,3954,9824,28964,3,2072
2024-11-19T23:00:00Z,24735,2665,6892,28962,7,2073
2024-08-28T09:00:00Z,24340,3924,8543,28959,9,2074
2024-10-25T14:30:00Z,27612,3256,4601,28957,8,2075
2024-10-25T15:30:00Z,27621,2470,3806,28957,10,2076
2024-11-06T22:00:00Z,26594,1023,3383,28954,10,2077
2024-10-14T22:00:00Z,25772,1123,4302,28951,12,2078
2024-11-19T01:00:00Z,22804,2164,8311,28951,374,2079
2024-11-19T06:00:00Z,25201,1675,5424,28950,100,2080
2024-09-28T17:30:00Z,25804,1476,4620,28948,11,2081
2024-10-14T12:00:00Z,30081,4934,3797,28944,7,2082
2024-09-02T21:00:00Z,26260,1160,3843,28943,13,2083
2024-07-13T20:00:00Z,23532,1205,6614,28941,15,2084
2024-09-11T18:00:00Z,27452,4012,5499,28939,7,2085
2024-11-03T22:00:00Z,24097,472,5312,28937,22,2086
2024-10-29T12:30:00Z,28824,3929,4037,28932,9,2087
2024-11-18T01:00:00Z,21989,1266,8203,28926,796,2088
2024-12-03T01:30:00Z,23150,592,6360,28918,763,2089
2024-11-10T09:30:00Z,25939,1888,4865,28916,11,2090
2024-11-12T08:30:00Z,31060,2513,366,28913,12,2091
2024-09-14T19:00:00Z,24877,2697,6732,28912,5,2092
2024-11-28T01:00:00Z,24899,903,4916,28912,5,2093
2024-06-08T21:00:00Z,21701,2166,9376,28911,6,2094
2024-08-06T21:00:00Z,24818,1782,5875,28911,7,2095
2024-09-29T16:00:00Z,25208,4657,8357,28908,10,2096
2024-11-17T08:30:00Z,24129,2530,7309,28908,13,2097
2024-09-20T19:30:00Z,26871,1495,3531,28907,14,2098
2024-11-27T00:30:00Z,24735,770,4941,28906,5,2099
2024-09-21T20:00:00Z,24974,1337,5268,28905,9,2100
2024-10-22T10:00:00Z,28535,5259,5624,28900,11,2101
2024-11-10T09:00:00Z,25408,1470,4962,28900,11,2102
2024-06-08T21:30:00Z,21688,2102,9312,28898,6,2103
2024-09-05T21:30:00Z,23715,2674,7857,28898,13,2104
2024-07-28T21:00:00Z,23089,905,6713,28897,14,2105
2024-11-25T22:00:00Z,26215,3861,6542,28896,11,2106
2024-09-23T17:00:00Z,29221,1443,1116,28894,6,2107
2024-09-09T21:30:00Z,24082,2316,7118,28884,15,2108
2024-10-14T13:30:00Z,29500,4521,3903,28882,5,2109
2024-10-22T22:30:00Z,24133,1387,6134,28880,8,2110
2024-11-09T23:00:00Z,22917,517,6475,28875,11,2111
2024-10-19T21:00:00Z,24833,1014,5055,28874,9,2112
2024-11-28T23:00:00Z,25078,3512,7307,28873,11,2113
2024-10-25T13:00:00Z,28276,4207,4803,28872,10,2114
2024-11-09T22:30:00Z,24004,512,5378,28870,11,2115
2024-10-01T07:00:00Z,25713,2358,5514,28869,8,2116
2024-10-25T22:00:00Z,24532,823,5156,28865,5,2117
2024-10-01T15:00:00Z,27187,4945,6621,28863,9,2118
2024-10-30T22:30:00Z,23451,1202,6613,28862,11,2119
2024-07-14T19:30:00Z,23716,1273,6418,28861,17,2120
2024-11-02T22:00:00Z,23649,756,5958,28851,14,2121
2024-09-25T10:00:00Z,27698,3307,4456,28847,10,2122
2024-10-02T08:00:00Z,27329,2468,3986,28847,9,2123
2024-10-27T16:00:00Z,24709,3923,8058,28844,9,2124
2024-10-30T23:30:00Z,21527,1369,8684,28842,16,2125
2024-11-28T22:30:00Z,26279,3456,6018,28841,11,2126
2024-10-01T14:30:00Z,27167,5075,6748,28840,9,2127
2024-07-15T19:30:00Z,26237,877,3477,28837,7,2128
2024-09-08T17:00:00Z,25206,2583,6210,28833,18,2129
2024-10-28T11:30:00Z,28783,3436,3484,28831,9,2130
2024-12-03T06:30:00Z,28394,330,767,28831,16,2131
2024-10-13T15:00:00Z,26069,2474,5233,28828,18,2132
2024-10-06T22:00:00Z,22981,1261,7103,28823,13,2133
2024-11-03T09:00:00Z,24090,1034,5767,28823,10,2134
2024-07-25T16:30:00Z,25622,3746,6946,28822,8,2135
2024-10-17T09:00:00Z,27120,4021,5723,28822,9,2136
2024-06-29T20:30:00Z,22587,1067,7294,28814,5,2137
2024-09-24T10:00:00Z,27403,3320,4730,28813,10,2138
2024-06-25T20:00:00Z,25935,1296,4173,28812,6,2139
2024-09-18T18:30:00Z,27197,1507,3118,28808,18,2140
2024-11-15T11:00:00Z,31117,4314,2002,28805,11,2141
2024-11-28T02:30:00Z,24008,835,5629,28802,939,2142
2024-07-03T17:30:00Z,25224,5261,8832,28795,8,2143
2024-10-04T21:30:00Z,25385,2210,5616,28791,6,2144
2024-09-02T18:00:00Z,28108,1622,2300,28786,13,2145
2024-10-30T07:00:00Z,26109,331,3003,28781,14,2146
2024-11-18T00:30:00Z,22201,1258,7834,28777,418,2147
2024-06-25T22:00:00Z,24751,636,4659,28774,11,2148
2024-10-29T10:30:00Z,28260,4495,5009,28774,8,2149
2024-11-08T07:30:00Z,28617,783,940,28774,9,2150
2024-09-27T08:30:00Z,25846,4536,7461,28771,7,2151
2024-08-04T19:30:00Z,22443,2585,8907,28765,15,2152
2024-10-09T15:30:00Z,26854,5122,7029,28761,9,2153
2024-10-31T22:30:00Z,23687,1705,6775,28757,13,2154
2024-09-26T15:30:00Z,25759,5553,8550,28756,9,2155
2024-11-06T07:00:00Z,28286,666,1134,28754,12,2156
2024-07-15T16:00:00Z,26219,3129,5661,28751,17,2157
2024-11-07T21:30:00Z,27494,1363,2618,28749,6,2158
2024-10-06T14:30:00Z,25665,3081,6164,28748,6,2159
2024-11-21T22:00:00Z,29742,3132,2138,28748,9,2160
2024-07-28T21:30:00Z,23013,959,6692,28746,14,2161
2024-10-24T10:00:00Z,27710,6948,7984,28746,12,2162
2024-11-22T11:30:00Z,32744,7570,3571,28745,7,2163
2024-08-01T21:30:00Z,25074,510,4180,28744,3,2164
2024-11-27T07:00:00Z,30451,1659,-51,28741,9,2165
2024-10-28T11:00:00Z,28586,3597,3750,28739,9,2166
2024-10-24T07:00:00Z,26656,3059,5139,28736,13,2167
2024-11-13T22:30:00Z,25501,950,4185,28736,9,2168
2024-10-23T10:30:00Z,28625,5672,5781,28734,10,2169
2024-11-14T23:30:00Z,23349,720,6105,28734,8,2170
2024-06-25T20:30:00Z,25610,879,4000,28731,6,2171
2024-08-15T17:30:00Z,25754,4190,7167,28731,8,2172
2024-08-13T19:30:00Z,26291,1967,4401,28725,2,2173
2024-09-23T08:30:00Z,27414,1224,2534,28724,13,2174
2024-09-15T16:00:00Z,24542,4072,8252,28722,9,2175
2024-11-15T07:00:00Z,29467,1405,659,28721,14,2176
2024-06-29T23:00:00Z,20327,888,9280,28719,7,2177
2024-06-09T22:30:00Z,20752,1233,9198,28717,15,2178
2024-07-31T21:30:00Z,25363,549,3902,28716,15,2179
2024-10-02T08:30:00Z,27925,3071,3861,28715,9,2180
2024-10-22T07:00:00Z,27392,1867,3185,28710,9,2181
2024-11-29T00:30:00Z,24329,3625,8004,28708,73,2182
2024-06-24T20:00:00Z,26283,1297,3717,28703,4,2183
2024-12-05T22:00:00Z,25477,5486,8708,28699,868,2184
2024-10-01T21:30:00Z,25349,2601,5950,28698,8,2185
2024-10-18T19:30:00Z,28515,3368,3549,28696,13,2186
2024-07-28T20:30:00Z,22889,889,6695,28695,14,2187
2024-11-28T01:30:00Z,24673,861,4881,28693,16,2188
2024-08-13T19:00:00Z,26362,2400,4721,28683,5,2189
2024-10-10T15:30:00Z,27108,4056,5624,28676,12,2190
2024-08-10T21:00:00Z,23442,929,6159,28672,1,2191
2024-11-01T22:30:00Z,23767,433,5336,28670,5,2192
2024-10-14T07:00:00Z,27886,971,1752,28667,9,2193
2024-07-23T19:00:00Z,25554,1685,4797,28666,4,2194
2024-11-12T14:00:00Z,30905,2802,560,28663,13,2195
2024-07-09T09:00:00Z,25683,4121,7100,28662,17,2196
2024-11-20T02:30:00Z,23326,2886,8222,28662,510,2197
2024-08-06T20:00:00Z,25202,2003,5461,28660,4,2198
2024-09-01T18:30:00Z,25094,1603,5167,28658,14,2199
2024-11-10T21:00:00Z,26550,1701,3809,28658,13,2200
2024-10-05T20:00:00Z,25916,2700,5436,28652,13,2201
2024-06-24T20:30:00Z,25766,961,3843,28648,14,2202
2024-09-28T22:00:00Z,23599,595,5644,28648,9,2203
2024-09-13T07:00:00Z,25092,1072,4622,28642,9,2204
2024-11-28T04:00:00Z,23533,757,5857,28633,931,2205
2024-10-10T06:30:00Z,24458,1849,6022,28631,86,2206
2024-09-21T20:30:00Z,24561,1342,5409,28628,9,2207
2024-10-25T13:30:00Z,27743,3950,4835,28628,10,2208
2024-10-29T14:00:00Z,29159,2524,1990,28625,10,2209
2024-12-03T02:00:00Z,22712,540,6452,28624,881,2210
2024-09-06T07:00:00Z,23908,1804,6515,28619,15,2211
2024-10-05T07:30:00Z,21709,2254,9156,28611,10,2212
2024-06-10T19:30:00Z,25475,3238,6373,28610,6,2213
2024-09-03T10:00:00Z,25687,3906,6828,28609,9,2214
2024-10-24T22:00:00Z,24999,1754,5364,28609,9,2215
2024-11-10T00:30:00Z,22164,508,6952,28608,18,2216
2024-10-04T06:30:00Z,24281,1550,5873,28604,9,2217
2024-09-18T21:00:00Z,25539,1531,4593,28601,7,2218
2024-06-29T20:00:00Z,22790,1453,7263,28600,5,2219
2024-06-06T21:30:00Z,24511,1103,5190,28598,1,2220
2024-11-25T14:00:00Z,28983,7104,6712,28591,7,2221
2024-08-12T21:30:00Z,25124,1007,4465,28582,6,2222
2024-06-25T21:00:00Z,25351,696,3926,28581,9,2223
2024-07-09T10:30:00Z,25930,4906,7557,28581,13,2224
2024-10-14T13:00:00Z,29608,4874,3841,28575,7,2225
2024-10-08T13:30:00Z,26872,5708,7409,28573,11,2226
2024-07-02T22:00:00Z,23527,996,6040,28571,8,2227
2024-11-23T08:30:00Z,27053,5830,7345,28568,306,2228
2024-11-12T09:00:00Z,31365,3333,529,28561,12,2229
2024-06-30T21:00:00Z,22658,810,6709,28557,10,2230
2024-07-20T22:00:00Z,22311,737,6981,28555,10,2231
2024-10-19T21:30:00Z,24062,1082,5575,28555,9,2232
2024-07-14T19:00:00Z,23951,1903,6501,28549,17,2233
2024-11-15T22:30:00Z,25223,2777,6103,28549,7,2234
2024-07-09T23:00:00Z,21229,1739,9057,28547,93,2235
2024-09-22T19:00:00Z,27013,1063,2590,28540,7,2236
2024-11-15T12:30:00Z,30669,4617,2487,28539,13,2237
2024-07-05T21:00:00Z,24141,721,5117,28537,4,2238
2024-11-17T23:00:00Z,22665,1221,7089,28533,204,2239
2024-07-07T20:00:00Z,23427,1203,6306,28530,6,2240
2024-07-13T19:30:00Z,23401,1556,6684,28529,12,2241
2024-10-21T21:30:00Z,26585,2508,4451,28528,11,2242
2024-06-09T18:00:00Z,23006,3780,9301,28527,8,2243
2024-07-01T22:00:00Z,22842,1776,7456,28522,14,2244
2024-11-28T02:00:00Z,24216,848,5154,28522,555,2245
2024-06-12T22:00:00Z,24351,466,4635,28520,7,2246
2024-09-23T11:30:00Z,27739,2974,3754,28519,11,2247
2024-10-10T23:00:00Z,22683,1082,6918,28519,14,2248
2024-08-07T21:00:00Z,24062,2018,6473,28517,1,2249
2024-10-04T00:30:00Z,20369,1413,9556,28512,2,2250
2024-06-08T20:30:00Z,21792,2389,9103,28506,6,2251
2024-11-28T05:00:00Z,23659,756,5603,28506,928,2252
2024-11-15T12:00:00Z,30771,4653,2384,28502,13,2253
2024-07-16T18:30:00Z,26107,2615,5009,28501,9,2254
2024-11-16T22:00:00Z,24485,2348,6362,28499,7,2255
2024-09-23T19:30:00Z,29247,978,225,28494,6,2256
2024-08-07T19:00:00Z,24999,3253,6746,28492,2,2257
2024-09-23T08:00:00Z,27216,967,2241,28490,12,2258
2024-11-19T23:30:00Z,24100,2682,7070,28488,10,2259
2024-11-17T09:30:00Z,25099,4172,7560,28487,13,2260
2024-08-07T20:30:00Z,24279,2070,6277,28486,1,2261
2024-11-14T00:00:00Z,22623,1036,6899,28486,11,2262
2024-11-15T02:00:00Z,22262,863,7085,28484,819,2263
2024-11-15T13:00:00Z,30582,4543,2443,28482,10,2264
2024-11-29T22:30:00Z,25452,3618,6648,28482,14,2265
2024-11-29T23:00:00Z,24292,3621,7810,28481,14,2266
2024-10-02T17:00:00Z,28667,2908,2721,28480,8,2267
2024-11-12T22:00:00Z,26820,1021,2681,28480,10,2268
2024-11-14T11:00:00Z,30287,4380,2569,28476,12,2269
2024-08-10T20:30:00Z,23438,987,6024,28475,1,2270
2024-09-07T16:30:00Z,24543,1843,5774,28474,18,2271
2024-11-13T09:30:00Z,30942,4032,1564,28474,8,2272
2024-11-13T07:00:00Z,29189,911,187,28465,7,2273
2024-10-28T07:30:00Z,26199,2006,4271,28464,15,2274
2024-08-13T18:30:00Z,26294,3044,5206,28456,6,2275
2024-09-08T20:30:00Z,24641,1742,5554,28453,6,2276
2024-10-17T17:00:00Z,28708,2386,2131,28453,7,2277
2024-11-18T01:30:00Z,21646,1273,8078,28451,819,2278
2024-10-29T11:30:00Z,28438,4536,4542,28444,8,2279
2024-09-30T07:00:00Z,25121,2542,5859,28438,11,2280
2024-11-05T21:30:00Z,27533,714,1616,28435,9,2281
2024-11-30T21:30:00Z,25166,4712,7981,28435,12,2282
2024-07-15T15:00:00Z,25376,3322,6379,28433,10,2283
2024-10-12T01:30:00Z,20415,1705,9723,28433,12,2284
2024-11-28T00:00:00Z,24972,946,4406,28432,5,2285
2024-11-26T23:30:00Z,24446,643,4627,28430,5,2286
2024-09-25T17:30:00Z,29198,1841,1071,28428,3,2287
2024-08-22T21:30:00Z,23883,1967,6511,28427,4,2288
2024-10-20T20:00:00Z,25719,5029,7730,28420,14,2289
2024-07-05T17:00:00Z,24828,3659,7250,28419,6,2290
2024-08-01T19:00:00Z,25756,1772,4433,28417,6,2291
2024-11-13T23:30:00Z,22958,967,6426,28417,9,2292
2024-09-17T08:00:00Z,25838,2848,5420,28410,8,2293
2024-07-16T19:30:00Z,25407,1576,4577,28408,3,2294
2024-08-15T21:30:00Z,24201,1554,5761,28408,4,2295
2024-10-26T22:30:00Z,22332,1706,7780,28406,16,2296
2024-10-26T10:30:00Z,24850,4918,8472,28404,7,2297
2024-11-22T00:30:00Z,25430,3403,6376,28403,597,2298
2024-10-23T22:00:00Z,24615,2659,6439,28395,451,2299
2024-06-19T19:00:00Z,25353,3200,6236,28389,5,2300
2024-09-14T20:30:00Z,23877,2571,7080,28386,8,2301
2024-10-11T06:30:00Z,25420,1366,4332,28386,15,2302
2024-10-12T16:30:00Z,23848,5196,9733,28385,14,2303
2024-10-12T11:30:00Z,24714,6146,9812,28380,10,2304
2024-08-30T21:00:00Z,24465,674,4588,28379,9,2305
2024-06-26T22:30:00Z,23977,1446,5847,28378,3,2306
2024-11-12T13:30:00Z,30570,3467,1274,28377,13,2307
2024-10-25T07:30:00Z,26554,1068,2890,28376,12,2308
2024-09-27T09:00:00Z,26033,5180,7520,28373,2,2309
2024-10-08T23:00:00Z,21536,1910,8746,28372,14,2310
2024-11-28T04:30:00Z,23378,744,5737,28371,932,2311
2024-10-12T00:00:00Z,20882,1644,9129,28367,7,2312
2024-10-29T12:00:00Z,28661,4606,4304,28359,8,2313
2024-09-25T21:30:00Z,25018,1892,5230,28356,10,2314
2024-11-28T03:00:00Z,23658,803,5494,28349,935,2315
2024-10-14T12:30:00Z,29694,5179,3830,28345,7,2316
2024-11-11T14:30:00Z,29868,3109,1586,28345,10,2317
2024-11-16T07:30:00Z,23986,1982,6340,28344,14,2318
2024-11-19T01:30:00Z,22261,2195,8277,28343,615,2319
2024-10-29T11:00:00Z,28252,4537,4625,28340,8,2320
2024-09-22T18:00:00Z,26929,1265,2675,28339,10,2321
2024-10-04T09:30:00Z,26918,6564,7978,28332,12,2322
2024-07-16T21:30:00Z,24089,845,5086,28330,10,2323
2024-07-22T21:00:00Z,24395,842,4771,28324,9,2324
2024-09-06T17:30:00Z,26192,2654,4786,28324,11,2325
2024-10-29T23:00:00Z,22646,450,6128,28324,10,2326
2024-06-17T21:00:00Z,24648,802,4477,28323,8,2327
2024-07-23T18:30:00Z,25599,2441,5164,28322,6,2328
2024-11-07T07:00:00Z,27565,1453,2206,28318,11,2329
2024-10-07T06:30:00Z,23621,1161,5854,28314,65,2330
2024-07-28T20:00:00Z,22912,1155,6555,28312,14,2331
2024-12-03T02:30:00Z,22424,488,6369,28305,895,2332
2024-09-20T09:00:00Z,26504,3143,4943,28304,9,2333
2024-09-22T17:30:00Z,26997,1506,2807,28298,7,2334
2024-10-23T07:00:00Z,27146,1553,2702,28295,10,2335
2024-11-27T00:00:00Z,24281,707,4720,28294,5,2336
2024-11-30T00:30:00Z,23061,3493,8721,28289,392,2337
2024-11-20T03:30:00Z,23090,2939,8137,28288,834,2338
2024-09-21T19:00:00Z,25293,1314,4308,28287,10,2339
2024-08-07T18:00:00Z,24914,4387,7759,28286,8,2340
2024-11-08T23:00:00Z,23513,504,5276,28285,245,2341
2024-06-10T22:30:00Z,22768,1642,7157,28283,16,2342
2024-06-20T20:30:00Z,24760,831,4353,28282,7,2343
2024-06-29T23:30:00Z,19543,903,9641,28281,7,2344
2024-06-20T21:00:00Z,24401,680,4559,28280,11,2345
2024-06-24T17:30:00Z,25844,4558,6993,28279,12,2346
2024-09-07T17:30:00Z,25101,1086,4264,28279,7,2347
2024-07-25T18:30:00Z,25827,2610,5061,28278,8,2348
2024-09-19T21:00:00Z,25520,1379,4134,28275,20,2349
2024-10-29T22:30:00Z,23827,473,4921,28275,10,2350
2024-11-17T08:00:00Z,23018,1797,7051,28272,10,2351
2024-08-06T20:30:00Z,24738,1793,5324,28269,7,2352
2024-08-28T09:30:00Z,24377,4658,8549,28268,16,2353
2024-09-13T07:30:00Z,25494,1909,4680,28265,12,2354
2024-10-29T13:30:00Z,28727,3014,2551,28264,10,2355
2024-06-13T16:00:00Z,25690,5357,7930,28263,7,2356
2024-09-27T22:30:00Z,23469,1725,6518,28262,11,2357
2024-09-29T10:00:00Z,23464,4025,8820,28259,13,2358
2024-09-01T19:00:00Z,24915,1203,4546,28258,7,2359
2024-06-17T20:30:00Z,25098,1035,4193,28256,2,2360
2024-11-05T07:00:00Z,27987,321,590,28256,13,2361
2024-07-07T19:30:00Z,23380,1851,6726,28255,4,2362
2024-10-02T09:00:00Z,28135,3513,3633,28255,9,2363
2024-06-19T18:30:00Z,25082,4005,7177,28254,11,2364
2024-09-24T22:00:00Z,23656,1069,5664,28251,12,2365
2024-09-20T20:30:00Z,25378,1507,4379,28250,10,2366
2024-11-09T23:30:00Z,22196,522,6572,28246,9,2367
2024-11-15T02:30:00Z,22029,888,7105,28246,856,2368
2024-11-09T00:30:00Z,22823,439,5861,28245,255,2369
2024-10-09T13:00:00Z,26214,6213,8243,28244,13,2370
2024-06-17T20:00:00Z,25430,1562,4373,28241,5,2371
2024-11-01T23:00:00Z,22657,441,6021,28237,5,2372
2024-06-25T21:30:00Z,25006,663,3892,28235,9,2373
2024-07-03T19:30:00Z,25228,3915,6920,28233,8,2374
2024-08-04T18:30:00Z,22454,3640,9419,28233,14,2375
2024-09-07T19:30:00Z,25228,617,3622,28233,6,2376
2024-07-03T20:00:00Z,25219,3423,6433,28229,8,2377
2024-08-30T19:30:00Z,25173,726,3781,28228,9,2378
2024-07-14T20:30:00Z,22539,552,6233,28220,12,2379
2024-06-22T21:00:00Z,22041,1218,7396,28219,10,2380
2024-09-01T18:00:00Z,24982,2118,5354,28218,5,2381
2024-09-23T12:00:00Z,27582,3149,3780,28213,11,2382
2024-06-11T22:30:00Z,23154,701,5755,28208,8,2383
2024-07-12T19:30:00Z,25619,1258,3846,28207,8,2384
2024-08-06T21:30:00Z,24166,1773,5812,28205,7,2385
2024-06-20T20:00:00Z,25064,1238,4376,28202,8,2386
2024-09-12T08:00:00Z,26060,3935,6077,28202,5,2387
2024-06-30T21:30:00Z,22237,754,6718,28201,8,2388
2024-11-11T10:00:00Z,29533,4747,3414,28200,16,2389
2024-06-20T19:30:00Z,25569,1806,4435,28198,5,2390
2024-09-02T16:30:00Z,26916,2960,4242,28198,14,2391
2024-11-27T01:00:00Z,24316,807,4687,28196,5,2392
2024-10-07T22:00:00Z,24077,819,4934,28192,12,2393
2024-10-04T22:00:00Z,24089,2225,6327,28191,8,2394
2024-09-03T18:30:00Z,27510,1387,2067,28190,7,2395
2024-07-17T18:00:00Z,25442,3468,6215,28189,5,2396
2024-11-28T03:30:00Z,23449,770,5509,28188,933,2397
2024-11-07T22:00:00Z,26147,1332,3372,28187,6,2398
2024-10-03T09:00:00Z,27382,4341,5145,28186,8,2399
2024-08-14T18:00:00Z,25642,3386,5926,28182,2,2400
2024-11-22T01:00:00Z,25004,3490,6667,28181,847,2401
2024-11-29T00:00:00Z,23857,3596,7920,28181,68,2402
2024-09-06T21:30:00Z,24030,1127,5276,28179,14,2403
2024-09-13T17:00:00Z,25001,3921,7096,28176,9,2404
2024-10-20T17:30:00Z,27207,5089,6056,28174,0,2405
2024-10-13T22:30:00Z,22962,1031,6241,28172,11,2406
2024-11-29T01:00:00Z,23940,3515,7746,28171,276,2407
2024-11-20T03:00:00Z,23119,2913,7963,28169,630,2408
2024-11-12T07:00:00Z,29179,1123,110,28166,7,2409
2024-06-24T22:30:00Z,23375,785,5573,28163,7,2410
2024-11-14T06:30:00Z,26720,540,1981,28161,13,2411
2024-11-17T10:00:00Z,25391,4740,7506,28157,13,2412
2024-09-08T16:30:00Z,24231,3222,7145,28154,18,2413
2024-09-23T13:00:00Z,27611,3301,3844,28154,8,2414
2024-10-25T22:30:00Z,23520,840,5473,28153,5,2415
2024-09-19T18:00:00Z,27075,1876,2949,28148,14,2416
2024-10-06T14:00:00Z,25337,3426,6235,28146,7,2417
2024-12-01T23:00:00Z,21746,1985,8384,28145,872,2418
2024-08-04T19:00:00Z,22318,3025,8847,28140,15,2419
2024-07-13T18:30:00Z,23428,2360,7071,28139,5,2420
2024-07-25T18:00:00Z,26015,2947,5071,28139,8,2421
2024-08-12T19:30:00Z,26333,1555,3361,28139,1,2422
2024-07-30T20:30:00Z,25646,718,3209,28137,4,2423
2024-09-01T17:00:00Z,24438,3188,6886,28136,6,2424
2024-06-20T21:30:00Z,24272,698,4561,28135,11,2425
2024-09-20T18:30:00Z,26416,1570,3276,28122,13,2426
2024-06-07T20:30:00Z,23904,2196,6409,28117,1,2427
2024-11-15T11:30:00Z,30631,4596,2080,28115,12,2428
2024-06-13T18:00:00Z,26894,4244,5463,28113,4,2429
2024-10-04T16:30:00Z,26614,3966,5464,28112,4,2430
2024-07-16T19:00:00Z,25643,2048,4514,28109,9,2431
2024-11-10T00:00:00Z,21940,515,6684,28109,12,2432
2024-09-07T17:00:00Z,24914,1429,4623,28108,6,2433
2024-07-23T22:00:00Z,23252,377,5231,28106,10,2434
2024-11-26T10:30:00Z,30733,6173,3545,28105,7,2435
2024-07-03T18:30:00Z,25374,4939,7668,28103,8,2436
2024-07-13T19:00:00Z,23280,1902,6725,28103,11,2437
2024-07-14T20:00:00Z,22801,834,6133,28100,13,2438
2024-08-04T20:30:00Z,22092,2201,8208,28099,6,2439
2024-10-22T15:30:00Z,27091,4926,5933,28098,9,2440
2024-08-04T20:00:00Z,22261,2305,8141,28097,4,2441
2024-09-05T07:30:00Z,24006,2331,6420,28095,12,2442
2024-09-21T19:30:00Z,25113,1331,4313,28095,9,2443
2024-11-02T22:30:00Z,22590,743,6245,28092,102,2444
2024-07-28T19:30:00Z,22977,1660,6773,28090,11,2445
2024-06-22T20:30:00Z,22311,1402,7172,28081,6,2446
2024-08-14T21:30:00Z,24794,1679,4966,28081,10,2447
2024-10-03T16:00:00Z,25557,4422,6945,28080,9,2448
2024-10-19T17:00:00Z,25883,1490,3685,28078,6,2449
2024-09-04T21:00:00Z,25620,789,3245,28076,15,2450
2024-07-07T20:30:00Z,22894,720,5898,28072,6,2451
2024-06-22T21:30:00Z,21946,1197,7319,28068,12,2452
2024-10-27T08:00:00Z,20839,1207,8433,28065,22,2453
2024-10-21T22:00:00Z,25034,2471,5500,28063,11,2454
2024-06-15T21:00:00Z,22400,1127,6788,28061,12,2455
2024-09-02T17:00:00Z,27469,2565,3155,28059,18,2456
2024-09-22T19:30:00Z,26616,1038,2481,28059,11,2457
2024-10-05T17:30:00Z,25852,2788,4994,28058,6,2458
2024-06-24T19:30:00Z,26374,1711,3394,28057,1,2459
2024-11-03T08:30:00Z,22916,809,5949,28056,10,2460
2024-08-02T08:00:00Z,23528,3782,8307,28053,8,2461
2024-09-23T20:30:00Z,27364,935,1623,28052,8,2462
2024-10-25T15:00:00Z,27252,2997,3797,28052,8,2463
2024-11-10T01:00:00Z,21783,519,6786,28050,303,2464
2024-11-23T04:00:00Z,21006,2963,10005,28048,875,2465
2024-09-01T16:30:00Z,23401,3859,8504,28046,14,2466
2024-10-27T08:30:00Z,21507,2000,8537,28044,17,2467
2024-09-26T10:00:00Z,25819,6297,8518,28040,11,2468
2024-10-09T21:30:00Z,24470,3392,6962,28040,98,2469
2024-08-13T21:30:00Z,24906,1450,4582,28038,9,2470
2024-12-03T03:00:00Z,22299,462,6199,28036,882,2471
2024-08-12T20:30:00Z,25851,979,3160,28032,3,2472
2024-06-14T21:00:00Z,23818,751,4963,28030,1,2473
2024-10-27T22:00:00Z,24100,2417,6344,28027,21,2474
2024-07-14T18:30:00Z,23830,2545,6736,28021,18,2475
2024-08-12T20:00:00Z,26264,1093,2850,28021,1,2476
2024-06-12T18:30:00Z,25597,2891,5312,28018,7,2477
2024-08-10T20:00:00Z,23192,1176,5998,28014,0,2478
2024-10-12T21:30:00Z,23694,3836,8154,28012,864,2479
2024-09-11T21:00:00Z,26151,2343,4202,28010,10,2480
2024-09-28T22:30:00Z,22717,600,5893,28010,8,2481
2024-07-18T07:00:00Z,22783,2761,7983,28005,16,2482
2024-11-30T07:00:00Z,23173,2725,7556,28004,58,2483
2024-09-24T10:30:00Z,27376,4177,4801,28000,7,2484
2024-09-16T22:00:00Z,23922,732,4807,27997,10,2485
2024-10-28T22:30:00Z,23830,637,4794,27987,8,2486
2024-06-11T17:00:00Z,25598,3992,6379,27985,13,2487
2024-09-19T08:00:00Z,25937,1903,3949,27983,15,2488
2024-10-22T23:00:00Z,22763,1425,6644,27982,7,2489
2024-11-14T01:00:00Z,22443,1079,6618,27982,471,2490
2024-06-24T21:00:00Z,25316,817,3478,27977,12,2491
2024-06-30T22:00:00Z,21769,739,6946,27976,12,2492
2024-10-17T22:00:00Z,24467,1102,4611,27976,8,2493
2024-07-17T21:00:00Z,25106,822,3690,27974,3,2494
2024-07-03T18:00:00Z,25180,5081,7866,27965,7,2495
2024-08-01T22:00:00Z,24223,507,4249,27965,6,2496
2024-09-17T21:30:00Z,24718,875,4120,27963,8,2497
2024-07-09T10:00:00Z,25508,4813,7263,27958,15,2498
2024-10-09T15:00:00Z,26136,5368,7187,27955,10,2499
2024-08-05T19:30:00Z,26017,1988,3925,27954,6,2500
2024-09-03T21:00:00Z,26312,668,2310,27954,6,2501
2024-10-04T01:30:00Z,20122,1434,9266,27954,5,2502
2024-11-23T08:00:00Z,25941,5591,7603,27953,247,2503
2024-11-11T22:30:00Z,25133,1112,3931,27952,7,2504
2024-10-08T12:30:00Z,27003,6330,7275,27948,11,2505
2024-09-23T12:30:00Z,27646,3473,3770,27943,10,2506
2024-09-23T13:30:00Z,27540,3423,3825,27942,9,2507
2024-06-15T21:30:00Z,22204,1116,6852,27940,12,2508
2024-10-08T06:00:00Z,22012,1165,7092,27939,15,2509
2024-10-04T02:00:00Z,20129,1440,9248,27937,5,2510
2024-11-13T14:00:00Z,29987,3564,1511,27934,7,2511
2024-09-07T19:00:00Z,25018,625,3540,27933,5,2512
2024-11-18T00:00:00Z,21492,1232,7673,27933,575,2513
2024-07-02T18:30:00Z,24620,3608,6919,27931,7,2514
2024-07-29T21:00:00Z,25071,841,3700,27930,10,2515
2024-11-17T11:30:00Z,25916,4848,6862,27930,8,2516
2024-11-06T22:30:00Z,25091,1030,3868,27929,10,2517
2024-06-10T19:00:00Z,25394,3982,6514,27926,6,2518
2024-10-29T07:30:00Z,27095,1147,1977,27925,8,2519
2024-07-01T16:00:00Z,24002,5702,9620,27920,7,2520
2024-07-25T16:00:00Z,24835,4038,7123,27920,7,2521
2024-10-18T20:30:00Z,26337,3324,4897,27910,10,2522
2024-08-01T18:30:00Z,25750,2547,4704,27907,5,2523
2024-09-22T18:30:00Z,26752,1105,2258,27905,9,2524
2024-09-25T22:00:00Z,23697,1914,6119,27902,9,2525
2024-07-22T21:30:00Z,23803,823,4919,27899,7,2526
2024-10-12T01:00:00Z,20260,1677,9316,27899,7,2527
2024-09-06T10:00:00Z,25165,5309,8041,27897,17,2528
2024-09-19T08:30:00Z,26196,2538,4239,27897,15,2529
2024-10-05T07:00:00Z,20932,2088,9051,27895,11,2530
2024-07-09T09:30:00Z,25450,4574,7017,27893,17,2531
2024-08-28T10:00:00Z,24369,5560,9081,27890,17,2532
2024-11-06T23:00:00Z,23574,1030,5344,27888,10,2533
2024-07-15T20:00:00Z,25586,737,3037,27886,9,2534
2024-07-03T17:00:00Z,24945,5736,8676,27885,17,2535
2024-12-03T03:30:00Z,22065,436,6254,27883,876,2536
2024-08-11T19:30:00Z,22861,2335,7352,27878,1,2537
2024-11-30T06:30:00Z,21808,2677,8745,27876,52,2538
2024-06-13T18:30:00Z,26877,3985,4980,27872,6,2539
2024-06-25T19:00:00Z,26163,2555,4259,27867,9,2540
2024-11-16T22:30:00Z,23565,2354,6656,27867,12,2541
2024-11-25T13:30:00Z,28771,8346,7440,27865,8,2542
2024-09-26T22:30:00Z,21694,3263,9432,27863,333,2543
2024-06-15T20:00:00Z,22738,1536,6660,27862,6,2544
2024-10-29T13:00:00Z,28499,3357,2713,27855,6,2545
2024-11-30T00:00:00Z,22989,3558,8422,27853,287,2546
2024-07-05T08:00:00Z,24136,4193,7907,27850,11,2547
2024-08-30T19:00:00Z,25114,1130,3866,27850,9,2548
2024-10-26T16:00:00Z,24716,4003,7136,27849,4,2549
2024-07-25T19:30:00Z,25741,1939,4045,27847,6,2550
2024-07-08T17:30:00Z,26073,3153,4926,27846,8,2551
2024-07-25T08:30:00Z,25014,3086,5917,27845,10,2552
2024-10-07T16:30:00Z,27740,2537,2642,27845,10,2553
2024-09-13T08:30:00Z,25604,4425,6662,27841,8,2554
2024-10-08T11:30:00Z,27187,6637,7285,27835,14,2555
2024-07-10T07:30:00Z,23866,3243,7209,27832,11,2556
2024-10-10T23:30:00Z,21712,1128,7246,27830,16,2557
2024-10-26T11:00:00Z,24658,5683,8854,27829,4,2558
2024-09-14T18:30:00Z,24454,3049,6417,27822,6,2559
2024-10-11T01:30:00Z,20809,1307,8317,27819,13,2560
2024-09-05T22:00:00Z,22601,2578,7791,27814,10,2561
2024-11-28T23:30:00Z,23955,3567,7423,27811,12,2562
2024-06-08T22:00:00Z,21317,2118,8611,27810,6,2563
2024-10-31T01:00:00Z,21185,1422,8047,27810,131,2564
2024-10-11T00:00:00Z,21333,1177,7651,27807,16,2565
2024-06-08T20:00:00Z,21849,3038,8993,27804,4,2566
2024-10-09T14:30:00Z,25997,5724,7525,27798,12,2567
2024-11-02T23:00:00Z,21633,709,6871,27795,291,2568
2024-07-28T22:00:00Z,22143,979,6625,27789,13,2569
2024-07-30T20:00:00Z,25702,996,3083,27789,3,2570
2024-07-24T16:00:00Z,24777,5344,8355,27788,24,2571
2024-11-19T02:00:00Z,21990,2142,7938,27786,498,2572
2024-08-06T19:30:00Z,24867,2525,5443,27785,6,2573
2024-07-10T08:00:00Z,24491,4061,7354,27784,11,2574
2024-10-12T12:00:00Z,24313,6321,9788,27780,12,2575
2024-08-10T21:30:00Z,22653,870,5996,27779,6,2576
2024-06-24T21:30:00Z,24804,811,3780,27773,11,2577
2024-07-21T20:30:00Z,22845,743,5668,27770,7,2578
2024-11-22T00:00:00Z,25032,3303,6040,27769,433,2579
2024-09-23T14:00:00Z,27254,3183,3697,27768,11,2580
2024-11-22T01:30:00Z,24625,3577,6720,27768,887,2581
2024-06-14T21:30:00Z,23568,731,4928,27765,7,2582
2024-07-25T08:00:00Z,24384,2644,6025,27765,10,2583
2024-07-10T07:00:00Z,23125,2655,7294,27764,11,2584
2024-06-15T20:30:00Z,22330,1233,6666,27763,8,2585
2024-07-24T19:00:00Z,25954,2546,4347,27755,13,2586
2024-10-02T21:30:00Z,25839,1471,3387,27755,8,2587
2024-07-08T18:30:00Z,26207,2186,3733,27754,4,2588
2024-07-25T19:00:00Z,25943,2326,4137,27754,6,2589
2024-07-25T20:00:00Z,25679,1628,3702,27753,7,2590
2024-11-18T02:00:00Z,21159,1243,7837,27753,828,2591
2024-09-30T22:00:00Z,23835,2454,6371,27752,7,2592
2024-07-01T22:30:00Z,21870,1738,7614,27746,12,2593
2024-07-20T17:00:00Z,22874,2931,7802,27745,8,2594
2024-09-25T17:00:00Z,28690,2137,1190,27743,5,2595
2024-10-02T09:30:00Z,27924,3939,3758,27743,8,2596
2024-06-22T19:30:00Z,22421,2495,7816,27742,6,2597
2024-06-06T20:30:00Z,24879,1323,4184,27740,1,2598
2024-11-18T02:30:00Z,20774,1212,8178,27740,827,2599
2024-09-12T21:30:00Z,26063,938,2614,27739,14,2600
2024-07-03T19:00:00Z,25209,4487,7012,27734,8,2601
2024-09-10T16:30:00Z,25885,6085,7933,27733,68,2602
2024-12-04T20:30:00Z,31699,5085,1109,27723,13,2603
2024-06-22T22:00:00Z,21732,1211,7198,27719,11,2604
2024-10-17T16:30:00Z,27225,3572,4066,27719,13,2605
2024-08-07T21:30:00Z,23273,1965,6407,27715,2,2606
2024-10-28T23:00:00Z,22123,636,6224,27711,8,2607
2024-10-12T00:30:00Z,20365,1649,8989,27705,8,2608
2024-10-31T23:00:00Z,22502,1668,6871,27705,16,2609
2024-06-17T21:30:00Z,24146,773,4331,27704,12,2610
2024-11-29T01:30:00Z,23317,3404,7787,27700,823,2611
2024-08-13T18:00:00Z,26061,3898,5532,27695,7,2612
2024-10-30T00:30:00Z,21760,396,6329,27693,10,2613
2024-07-15T20:30:00Z,25380,628,2938,27690,17,2614
2024-07-18T07:30:00Z,23308,3630,8009,27687,16,2615
2024-10-13T14:30:00Z,25799,3024,4898,27673,15,2616
2024-11-02T00:30:00Z,21623,470,6520,27673,5,2617
2024-10-12T06:30:00Z,20721,1830,8777,27668,17,2618
2024-12-01T08:30:00Z,23895,3367,7140,27668,39,2619
2024-10-04T01:00:00Z,20000,1424,9089,27665,2,2620
2024-07-22T19:30:00Z,25071,1664,4252,27659,7,2621
2024-09-25T10:30:00Z,27143,4045,4561,27659,10,2622
2024-09-29T21:00:00Z,24229,3772,7198,27655,235,2623
2024-07-12T19:00:00Z,25335,1633,3949,27651,9,2624
2024-11-04T22:00:00Z,25966,387,2069,27648,10,2625
2024-09-05T07:00:00Z,23235,2046,6457,27646,14,2626
2024-10-15T22:00:00Z,24125,3010,6529,27644,309,2627
2024-10-16T22:00:00Z,24418,1124,4350,27644,5,2628
2024-11-27T01:30:00Z,23871,844,4616,27643,61,2629
2024-07-22T18:30:00Z,25369,3122,5392,27639,9,2630
2024-09-29T09:30:00Z,22746,3444,8335,27637,15,2631
2024-10-11T01:00:00Z,20726,1266,8177,27637,16,2632
2024-06-30T18:30:00Z,22447,2615,7804,27636,12,2633
2024-10-11T02:00:00Z,20846,1337,8124,27633,67,2634
2024-07-07T21:00:00Z,22622,529,5537,27630,5,2635
2024-10-12T02:00:00Z,20074,1730,9286,27630,16,2636
2024-11-01T06:00:00Z,21249,1445,7825,27629,611,2637
2024-07-12T18:30:00Z,25174,2085,4533,27622,17,2638
2024-08-30T21:30:00Z,23380,675,4917,27622,11,2639
2024-09-02T16:00:00Z,26317,3191,4493,27619,13,2640
2024-11-14T01:30:00Z,22204,1054,6469,27619,566,2641
2024-06-22T20:00:00Z,22242,1851,7222,27613,6,2642
2024-07-25T15:30:00Z,24875,4497,7233,27611,5,2643
2024-11-26T12:30:00Z,30209,6035,3437,27611,7,2644
2024-07-16T18:00:00Z,26018,3314,4906,27610,10,2645
2024-12-02T00:30:00Z,21496,2180,8291,27607,900,2646
2024-07-25T09:00:00Z,25258,3489,5836,27605,9,2647
2024-10-23T11:00:00Z,28256,6153,5501,27604,9,2648
2024-10-08T12:00:00Z,26916,6535,7221,27602,12,2649
2024-11-23T04:30:00Z,20830,3190,9950,27590,879,2650
2024-11-26T06:30:00Z,27582,1407,1415,27590,10,2651
2024-11-12T13:00:00Z,30316,4061,1333,27588,11,2652
2024-06-19T22:30:00Z,22592,1067,6061,27586,9,2653
2024-06-23T18:30:00Z,23440,3093,7239,27586,12,2654
2024-10-28T07:00:00Z,24949,1836,4473,27586,10,2655
2024-07-17T17:30:00Z,24904,4442,7121,27583,8,2656
2024-09-03T10:30:00Z,25538,4872,6913,27579,12,2657
2024-08-14T17:30:00Z,25088,3911,6399,27576,13,2658
2024-11-25T10:00:00Z,29405,8531,6702,27576,9,2659
2024-11-03T22:30:00Z,22766,459,5268,27575,291,2660
2024-11-29T23:30:00Z,23246,3623,7952,27575,16,2661
2024-07-25T15:00:00Z,24684,4420,7309,27573,7,2662
2024-08-12T22:00:00Z,24106,1014,4477,27569,6,2663
2024-11-09T00:00:00Z,22603,471,5437,27569,301,2664
2024-09-20T18:00:00Z,26307,2008,3269,27568,13,2665
2024-06-07T20:00:00Z,24109,2639,6096,27566,1,2666
2024-09-04T17:30:00Z,26582,2194,3176,27564,9,2667
2024-10-10T10:00:00Z,27374,4984,5169,27559,2,2668
2024-07-03T16:30:00Z,24648,5985,8895,27558,250,2669
2024-06-26T17:30:00Z,25008,5490,8036,27554,10,2670
2024-07-01T15:30:00Z,23537,6119,10134,27552,5,2671
2024-09-20T21:00:00Z,24294,1503,4760,27551,5,2672
2024-06-24T07:00:00Z,22655,2647,7541,27549,12,2673
2024-10-11T00:30:00Z,20870,1225,7904,27549,16,2674
2024-07-03T08:00:00Z,24056,3467,6959,27548,6,2675
2024-09-23T14:30:00Z,27062,3136,3621,27547,14,2676
2024-10-07T09:30:00Z,26837,4878,5588,27547,15,2677
2024-07-20T23:00:00Z,20528,861,7879,27546,49,2678
2024-09-25T16:30:00Z,28239,2684,1989,27544,7,2679
2024-10-05T20:30:00Z,24994,2804,5353,27543,15,2680
2024-11-04T07:00:00Z,27559,374,358,27543,14,2681
2024-07-21T21:00:00Z,22617,685,5609,27541,11,2682
2024-10-21T07:30:00Z,26883,3273,3931,27541,14,2683
2024-09-18T18:00:00Z,26801,2233,2968,27536,11,2684
2024-11-07T00:30:00Z,22202,1011,6344,27535,569,2685
2024-06-25T22:30:00Z,23623,609,4520,27534,7,2686
2024-06-13T19:00:00Z,26600,3798,4730,27532,6,2687
2024-11-17T23:30:00Z,21278,1205,7457,27530,443,2688
2024-09-27T09:30:00Z,25969,6093,7651,27527,2,2689
2024-06-18T19:30:00Z,26220,1988,3291,27523,6,2690
2024-10-31T06:30:00Z,23889,1547,5181,27523,15,2691
2024-10-24T16:00:00Z,28304,3882,3100,27522,8,2692
2024-11-21T23:00:00Z,26224,3192,4489,27521,150,2693
2024-06-18T21:00:00Z,25180,888,3228,27520,12,2694
2024-10-01T22:00:00Z,23595,2529,6454,27520,11,2695
2024-07-31T19:30:00Z,25717,1267,3067,27517,10,2696
2024-07-12T20:00:00Z,25245,945,3215,27515,8,2697
2024-09-07T08:30:00Z,22375,1471,6600,27504,10,2698
2024-11-01T23:30:00Z,21739,448,6213,27504,5,2699
2024-08-01T08:00:00Z,24078,2159,5582,27501,6,2700
2024-06-28T20:30:00Z,22915,1886,6469,27498,11,2701
2024-07-29T21:30:00Z,24607,833,3722,27496,8,2702
2024-10-29T23:30:00Z,21700,426,6221,27495,10,2703
2024-07-23T22:30:00Z,22619,345,5220,27494,12,2704
2024-09-02T21:30:00Z,24856,1165,3800,27491,10,2705
2024-08-23T20:30:00Z,23903,1959,5542,27486,1,2706
2024-09-26T06:30:00Z,23073,2385,6798,27486,14,2707
2024-07-03T15:30:00Z,24089,6554,9950,27485,18,2708
2024-07-30T21:00:00Z,25173,682,2992,27483,8,2709
2024-08-05T19:00:00Z,25886,2386,3982,27482,6,2710
2024-09-29T09:00:00Z,22303,3056,8235,27482,16,2711
2024-09-01T21:00:00Z,24013,911,4375,27477,7,2712
2024-11-01T01:00:00Z,20890,1646,8233,27477,825,2713
2024-11-08T23:30:00Z,22835,503,5139,27471,302,2714
2024-11-10T21:30:00Z,25291,1690,3868,27469,13,2715
2024-07-15T14:00:00Z,25337,4127,6258,27468,8,2716
2024-12-03T22:30:00Z,27277,1806,1996,27467,67,2717
2024-09-20T07:30:00Z,25360,1464,3569,27465,11,2718
2024-10-04T02:30:00Z,19716,1445,9189,27460,3,2719
2024-09-24T16:30:00Z,26917,3379,3918,27456,15,2720
2024-07-21T20:00:00Z,22948,1098,5601,27451,4,2721
2024-10-12T12:30:00Z,23829,6442,10061,27448,12,2722
2024-11-14T02:00:00Z,21877,1042,6611,27446,819,2723
2024-08-05T20:00:00Z,25694,1717,3468,27445,6,2724
2024-10-03T06:30:00Z,24132,871,4179,27440,9,2725
2024-10-08T13:00:00Z,26959,6872,7353,27440,9,2726
2024-10-18T21:00:00Z,25080,3242,5601,27439,14,2727
2024-10-28T23:30:00Z,21335,635,6739,27439,8,2728
2024-11-03T00:30:00Z,20812,633,7258,27437,572,2729
2024-07-03T20:30:00Z,24833,3072,5675,27436,8,2730
2024-06-13T15:30:00Z,24946,5679,8168,27435,7,2731
2024-11-12T23:00:00Z,24134,1039,4338,27433,11,2732
2024-07-09T23:30:00Z,20070,1720,9080,27430,129,2733
2024-11-02T00:00:00Z,21546,459,6340,27427,5,2734
2024-08-12T19:00:00Z,26364,2402,3461,27423,1,2735
2024-09-27T17:00:00Z,25682,5265,7005,27422,7,2736
2024-11-30T01:00:00Z,22553,3474,8341,27420,526,2737
2024-09-27T07:00:00Z,23953,3610,7075,27418,49,2738
2024-07-05T21:30:00Z,23334,714,4790,27410,8,2739
2024-10-14T22:30:00Z,24001,1173,4581,27409,15,2740
2024-07-07T21:30:00Z,22494,503,5417,27408,5,2741
2024-09-26T10:30:00Z,25536,6757,8628,27407,11,2742
2024-10-04T22:30:00Z,22916,2240,6731,27407,7,2743
2024-06-24T18:00:00Z,25720,3756,5442,27406,8,2744
2024-08-01T23:00:00Z,21870,515,6050,27405,9,2745
2024-06-17T22:00:00Z,23751,782,4435,27404,12,2746
2024-10-06T22:30:00Z,21703,1251,6946,27398,13,2747
2024-06-26T18:00:00Z,25805,4601,6192,27396,5,2748
2024-11-18T06:30:00Z,26823,916,1487,27394,9,2749
2024-06-26T23:00:00Z,22396,1480,6477,27393,11,2750
2024-07-24T19:30:00Z,25550,2298,4141,27393,7,2751
2024-06-28T22:00:00Z,22261,1384,6515,27392,6,2752
2024-07-22T20:00:00Z,24643,1174,3923,27392,7,2753
2024-10-05T09:00:00Z,22920,5190,9661,27391,7,2754
2024-09-17T18:00:00Z,26595,1742,2536,27389,9,2755
2024-10-02T07:30:00Z,26431,2118,3075,27388,7,2756
2024-07-15T21:00:00Z,25409,579,2553,27383,11,2757
2024-06-21T21:00:00Z,22974,1435,5843,27382,4,2758
2024-07-14T22:00:00Z,21968,430,5837,27375,18,2759
2024-07-08T19:00:00Z,26026,1827,3173,27372,3,2760
2024-08-31T20:00:00Z,23785,1811,5395,27369,3,2761
2024-06-23T20:30:00Z,23271,777,4874,27368,11,2762
2024-07-12T20:30:00Z,24806,721,3281,27366,8,2763
2024-10-08T23:30:00Z,20690,1911,8585,27364,291,2764
2024-07-29T20:30:00Z,25040,880,3203,27363,6,2765
2024-06-22T22:30:00Z,21137,1225,7446,27358,11,2766
2024-11-09T01:00:00Z,22159,409,5608,27358,319,2767
2024-09-28T23:00:00Z,21508,619,6468,27357,8,2768
2024-11-25T22:30:00Z,24690,3716,6382,27356,55,2769
2024-07-08T18:00:00Z,25993,2598,3958,27353,2,2770
2024-09-13T23:00:00Z,20882,1212,7682,27352,14,2771
2024-06-15T19:30:00Z,22831,1936,6456,27351,7,2772
2024-06-17T19:30:00Z,25549,2190,3992,27351,5,2773
2024-09-15T21:00:00Z,23847,878,4381,27350,10,2774
2024-09-07T21:00:00Z,23712,584,4220,27348,11,2775
2024-06-06T07:00:00Z,22280,3009,8073,27344,13,2776
2024-07-16T22:00:00Z,23283,858,4919,27344,10,2777
2024-11-01T00:30:00Z,21248,1632,7725,27341,565,2778
2024-11-10T08:30:00Z,24172,1243,4409,27338,11,2779
2024-10-06T13:30:00Z,25050,4081,6362,27331,7,2780
2024-09-07T16:00:00Z,23648,2166,5845,27327,15,2781
2024-11-19T02:30:00Z,21553,2088,7861,27326,832,2782
2024-07-14T21:00:00Z,22245,450,5530,27325,14,2783
2024-06-18T19:00:00Z,26044,2463,3739,27320,4,2784
2024-09-20T09:30:00Z,25978,3549,4890,27319,9,2785
2024-10-24T22:30:00Z,23377,1659,5599,27317,12,2786
2024-08-23T20:00:00Z,23916,1979,5377,27314,1,2787
2024-12-01T23:30:00Z,21184,2007,8134,27311,899,2788
2024-06-20T22:00:00Z,23687,754,4376,27309,11,2789
2024-07-20T22:30:00Z,21314,786,6780,27308,34,2790
2024-10-24T10:30:00Z,27110,7551,7747,27306,11,2791
2024-07-25T09:30:00Z,25347,3852,5808,27303,7,2792
2024-08-28T10:30:00Z,24227,6206,9281,27302,17,2793
2024-08-31T20:30:00Z,23506,1860,5654,27300,3,2794
2024-07-15T14:30:00Z,25190,3864,5970,27296,9,2795
2024-08-11T20:00:00Z,22749,2085,6631,27295,3,2796
2024-10-29T00:30:00Z,21131,663,6826,27294,13,2797
2024-07-02T22:30:00Z,22330,991,5951,27290,18,2798
2024-06-14T20:00:00Z,24189,1184,4284,27289,5,2799
2024-06-20T19:00:00Z,25524,2595,4357,27286,7,2800
2024-06-28T21:00:00Z,22660,1585,6209,27284,10,2801
2024-06-30T18:00:00Z,22739,3051,7595,27283,15,2802
2024-08-24T08:30:00Z,21305,2342,8319,27282,9,2803
2024-10-29T07:00:00Z,26080,849,2050,27281,13,2804
2024-11-11T14:00:00Z,29576,4037,1742,27281,10,2805
2024-09-07T09:00:00Z,22680,1853,6450,27277,11,2806
2024-09-25T15:30:00Z,26953,3112,3433,27274,10,2807
2024-10-13T09:00:00Z,24512,2330,5092,27274,14,2808
2024-11-12T09:30:00Z,30967,4225,532,27274,11,2809
2024-07-07T22:00:00Z,22096,499,5673,27270,7,2810
2024-07-08T19:30:00Z,25792,1448,2925,27269,5,2811
2024-08-29T19:30:00Z,26274,1275,2268,27267,8,2812
2024-09-12T18:30:00Z,27924,1510,853,27267,7,2813
2024-07-21T21:30:00Z,22494,704,5476,27266,7,2814
2024-09-23T16:30:00Z,28341,1799,724,27266,11,2815
2024-08-01T22:30:00Z,23268,503,4500,27265,5,2816
2024-09-26T15:00:00Z,25118,6195,8341,27264,10,2817
2024-06-14T19:30:00Z,24621,1600,4236,27257,5,2818
2024-11-26T11:00:00Z,30326,6741,3668,27253,7,2819
2024-09-21T21:00:00Z,23753,1341,4840,27252,9,2820
2024-10-04T03:00:00Z,19429,1450,9271,27250,3,2821
2024-08-02T07:30:00Z,22514,2962,7695,27247,8,2822
2024-07-01T14:00:00Z,23092,6264,10417,27245,7,2823
2024-06-09T23:00:00Z,19429,1279,9094,27244,16,2824
2024-07-28T19:00:00Z,22726,2454,6970,27242,6,2825
2024-07-02T18:00:00Z,24558,4288,6971,27241,7,2826
2024-07-22T20:30:00Z,24206,896,3930,27240,5,2827
2024-11-20T04:00:00Z,22857,2920,7302,27239,784,2828
2024-07-17T21:30:00Z,24725,871,3384,27238,6,2829
2024-10-11T16:00:00Z,25938,4397,5694,27235,12,2830
2024-06-24T19:00:00Z,26060,2286,3460,27234,5,2831
2024-10-27T15:30:00Z,23599,5034,8669,27234,15,2832
2024-12-03T04:30:00Z,21594,432,6069,27231,876,2833
2024-06-25T18:30:00Z,25748,3324,4804,27228,12,2834
2024-11-03T08:00:00Z,21698,629,6158,27227,12,2835
2024-08-10T19:30:00Z,22914,1625,5932,27221,2,2836
2024-09-15T15:30:00Z,23367,4446,8299,27220,9,2837
2024-09-18T08:00:00Z,25546,2080,3752,27218,15,2838
2024-11-26T01:00:00Z,22656,3074,7634,27216,875,2839
2024-06-28T20:00:00Z,23205,2552,6562,27215,9,2840
2024-07-05T22:00:00Z,23009,733,4939,27215,3,2841
2024-06-28T19:30:00Z,23250,3389,7351,27212,7,2842
2024-09-16T17:30:00Z,26375,2874,3711,27212,10,2843
2024-06-11T23:00:00Z,21924,670,5954,27208,7,2844
2024-12-04T06:30:00Z,28310,728,-375,27207,16,2845
2024-10-20T20:30:00Z,24648,5068,7623,27203,513,2846
2024-11-07T00:00:00Z,22121,1020,6101,27202,374,2847
2024-10-30T00:00:00Z,21335,411,6277,27201,10,2848
2024-09-22T17:00:00Z,26430,1845,2612,27197,10,2849
2024-06-12T22:30:00Z,23211,468,4453,27196,12,2850
2024-11-02T01:00:00Z,21093,495,6597,27195,7,2851
2024-07-01T15:00:00Z,23007,6295,10482,27194,7,2852
2024-11-26T02:00:00Z,22076,2769,7885,27192,897,2853
2024-11-02T23:30:00Z,21015,674,6849,27190,296,2854
2024-09-03T18:00:00Z,27077,1977,2088,27188,7,2855
2024-12-03T04:00:00Z,21722,434,5900,27188,869,2856
2024-10-12T02:30:00Z,19723,1755,9219,27187,17,2857
2024-11-24T21:00:00Z,25876,5475,6785,27186,108,2858
2024-12-05T22:30:00Z,24428,5594,8352,27186,944,2859
2024-09-11T17:30:00Z,26323,5061,5923,27185,6,2860
2024-08-11T20:30:00Z,22769,2167,6578,27180,1,2861
2024-08-02T07:00:00Z,21819,2260,7620,27179,8,2862
2024-09-06T17:00:00Z,25791,3352,4740,27179,13,2863
2024-11-17T10:30:00Z,25223,5409,7362,27176,12,2864
2024-11-03T01:00:00Z,20398,619,7396,27175,571,2865
2024-06-24T07:30:00Z,23250,3439,7363,27174,12,2866
2024-06-24T08:00:00Z,23675,4355,7854,27174,9,2867
2024-10-30T01:00:00Z,21362,394,6205,27173,9,2868
2024-09-07T08:00:00Z,21945,1181,6407,27171,14,2869
2024-09-29T10:30:00Z,23302,4625,8493,27170,15,2870
2024-08-04T18:00:00Z,21967,4388,9587,27166,17,2871
2024-08-23T19:30:00Z,23967,2104,5303,27166,1,2872
2024-11-16T07:00:00Z,22747,2052,6469,27164,14,2873
2024-08-08T17:30:00Z,25639,3492,5016,27163,12,2874
2024-10-13T09:30:00Z,25121,2674,4715,27162,10,2875
2024-09-08T21:00:00Z,23401,1767,5526,27160,7,2876
2024-10-31T01:30:00Z,20483,1438,8110,27155,70,2877
2024-06-13T19:30:00Z,26137,3667,4684,27154,6,2878
2024-06-15T22:00:00Z,21794,1114,6474,27154,11,2879
2024-07-12T18:00:00Z,25222,2670,4602,27154,16,2880
2024-11-29T02:00:00Z,22913,3408,7649,27154,722,2881
2024-09-18T21:30:00Z,24018,1555,4690,27153,7,2882
2024-11-13T00:30:00Z,23147,1076,5081,27152,320,2883
2024-11-20T05:30:00Z,24305,2796,5642,27151,12,2884
2024-08-08T19:30:00Z,25094,2858,4910,27146,9,2885
2024-06-16T19:30:00Z,23279,2364,6228,27143,6,2886
2024-07-19T08:00:00Z,23421,4963,8685,27143,16,2887
2024-07-29T20:00:00Z,25169,1197,3166,27138,9,2888
2024-09-19T17:30:00Z,26661,2701,3177,27137,14,2889
2024-06-23T21:00:00Z,23072,602,4666,27136,10,2890
2024-10-18T10:00:00Z,27168,6392,6357,27133,9,2891
2024-09-19T09:00:00Z,26081,3239,4290,27132,15,2892
2024-06-29T19:30:00Z,22566,1919,6483,27130,5,2893
2024-08-29T20:30:00Z,26690,1183,1617,27124,6,2894
2024-09-04T08:00:00Z,25243,2378,4258,27123,8,2895
2024-11-15T23:00:00Z,23862,2702,5963,27123,7,2896
2024-10-09T13:30:00Z,25838,6671,7954,27121,13,2897
2024-06-06T07:30:00Z,22670,3961,8410,27119,10,2898
2024-11-08T07:00:00Z,27320,788,587,27119,8,2899
2024-10-11T02:30:00Z,20277,1367,8208,27118,361,2900
2024-10-27T09:00:00Z,21826,3367,8659,27118,15,2901
2024-06-24T18:30:00Z,25775,2976,4315,27114,4,2902
2024-07-13T21:00:00Z,22565,856,5401,27110,11,2903
2024-08-02T21:00:00Z,23866,1616,4856,27106,11,2904
2024-08-18T20:30:00Z,23063,1110,5153,27106,10,2905
2024-08-22T19:30:00Z,24780,2061,4384,27103,0,2906
2024-11-12T06:30:00Z,26885,1105,1322,27102,11,2907
2024-07-14T18:00:00Z,23593,3212,6716,27097,19,2908
2024-07-20T23:30:00Z,19699,936,8329,27092,163,2909
2024-11-12T12:30:00Z,30047,4608,1653,27092,8,2910
2024-08-02T09:00:00Z,23329,5711,9473,27091,8,2911
2024-06-07T21:00:00Z,23285,2043,5846,27088,0,2912
2024-10-17T09:30:00Z,26535,5050,5598,27083,9,2913
2024-07-13T18:00:00Z,23177,2832,6736,27081,1,2914
2024-09-29T08:30:00Z,21554,2585,8111,27080,16,2915
2024-07-27T21:00:00Z,22521,469,5027,27079,9,2916
2024-10-02T22:00:00Z,24314,1420,4184,27078,8,2917
2024-06-24T17:00:00Z,25100,5247,7218,27071,7,2918
2024-11-06T23:30:00Z,22547,1029,5549,27067,13,2919
2024-11-26T12:00:00Z,30050,6441,3458,27067,7,2920
2024-09-27T23:00:00Z,22021,1670,6712,27063,592,2921
2024-07-13T21:30:00Z,22588,846,5315,27057,11,2922
2024-10-29T01:00:00Z,20772,679,6960,27053,121,2923
2024-06-18T21:30:00Z,24568,844,3328,27052,12,2924
2024-06-19T18:00:00Z,24538,4907,7419,27050,5,2925
2024-08-01T23:30:00Z,20924,526,6648,27046,9,2926
2024-10-17T22:30:00Z,23355,1095,4786,27046,8,2927
2024-11-12T22:30:00Z,25377,1029,2696,27044,9,2928
2024-07-29T19:00:00Z,25645,2439,3837,27043,8,2929
2024-09-19T21:30:00Z,24063,1375,4353,27041,12,2930
2024-06-23T19:30:00Z,23475,1680,5241,27036,11,2931
2024-08-18T21:00:00Z,23096,1071,5011,27036,4,2932
2024-09-23T15:30:00Z,27264,2525,2297,27036,15,2933
2024-08-05T18:30:00Z,25676,2825,4183,27034,12,2934
2024-07-19T23:00:00Z,22350,1191,5873,27032,6,2935
2024-08-02T08:30:00Z,23359,4656,8328,27031,12,2936
2024-11-11T10:30:00Z,28928,5225,3327,27030,17,2937
2024-11-13T01:00:00Z,22775,1042,5296,27029,631,2938
2024-10-13T23:00:00Z,21588,1072,6512,27028,14,2939
2024-11-07T22:30:00Z,24767,1300,3561,27028,6,2940
2024-09-07T09:30:00Z,22867,2253,6413,27027,11,2941
2024-08-02T19:30:00Z,24580,2316,4762,27026,8,2942
2024-10-04T03:30:00Z,19297,1455,9184,27026,3,2943
2024-08-29T20:00:00Z,26441,1207,1789,27023,6,2944
2024-10-23T14:30:00Z,26212,5531,6342,27023,9,2945
2024-10-22T23:30:00Z,21468,1463,7017,27022,10,2946
2024-10-23T15:30:00Z,27155,4376,4239,27018,8,2947
2024-11-25T23:00:00Z,23420,3627,7224,27017,590,2948
2024-07-07T19:00:00Z,22973,2615,6652,27010,7,2949
2024-10-02T10:00:00Z,27943,4748,3814,27009,8,2950
2024-10-13T14:00:00Z,25893,3611,4727,27009,15,2951
2024-10-07T22:30:00Z,22772,812,5047,27007,9,2952
2024-07-25T20:30:00Z,25108,1414,3312,27006,6,2953
2024-08-08T18:00:00Z,25482,3333,4855,27004,12,2954
2024-11-25T13:00:00Z,28630,9071,7443,27002,8,2955
2024-07-01T14:30:00Z,23006,6421,10416,27001,7,2956
2024-10-25T07:00:00Z,25526,1057,2526,26995,10,2957
2024-10-26T23:00:00Z,21104,1686,7576,26994,69,2958
2024-06-14T19:00:00Z,24619,2150,4523,26992,2,2959
2024-09-22T16:30:00Z,25972,2247,3257,26982,13,2960
2024-11-03T00:00:00Z,20655,654,6976,26977,306,2961
2024-07-22T19:00:00Z,25027,2356,4301,26972,5,2962
2024-11-26T01:30:00Z,22275,2964,7656,26967,727,2963
2024-06-06T20:00:00Z,24727,1816,4055,26966,1,2964
2024-06-28T21:30:00Z,22383,1450,6032,26965,11,2965
2024-07-23T18:00:00Z,25188,3219,4994,26963,5,2966
2024-06-14T18:30:00Z,24516,2855,5301,26962,0,2967
2024-06-12T18:00:00Z,25414,3649,5190,26955,6,2968
2024-11-09T01:30:00Z,21718,378,5609,26949,587,2969
2024-10-22T10:30:00Z,27396,6279,5831,26948,11,2970
2024-07-29T22:00:00Z,23897,813,3863,26947,6,2971
2024-11-10T01:30:00Z,21001,530,6473,26944,578,2972
2024-11-21T23:30:00Z,25006,3202,5137,26941,73,2973
2024-07-05T08:30:00Z,24007,5183,8116,26940,7,2974
2024-07-10T08:30:00Z,24359,4732,7312,26939,11,2975
2024-11-20T06:00:00Z,26707,2813,3044,26938,10,2976
2024-09-11T21:30:00Z,24862,2320,4380,26922,12,2977
2024-10-09T00:00:00Z,20396,1933,8459,26922,584,2978
2024-11-01T00:00:00Z,21051,1631,7497,26917,164,2979
2024-10-27T22:30:00Z,23147,2428,6197,26916,245,2980
2024-08-12T22:30:00Z,23065,1020,4870,26915,9,2981
2024-07-01T13:30:00Z,22894,6347,10363,26910,12,2982
2024-06-27T08:00:00Z,23476,5526,8957,26907,3,2983
2024-07-26T20:00:00Z,24004,1081,3984,26907,3,2984
2024-07-08T17:00:00Z,25550,3570,4926,26906,10,2985
2024-08-28T20:00:00Z,26556,1299,1649,26906,5,2986
2024-10-26T11:30:00Z,24219,6404,9088,26903,8,2987
2024-06-12T07:00:00Z,23981,1867,4788,26902,7,2988
2024-08-28T19:30:00Z,26764,1430,1568,26902,12,2989
2024-10-06T13:00:00Z,24893,4743,6752,26902,8,2990
2024-07-14T22:30:00Z,21422,424,5903,26901,14,2991
2024-07-26T20:30:00Z,23701,745,3943,26899,4,2992
2024-11-26T00:30:00Z,22831,3183,7250,26898,689,2993
2024-07-03T08:30:00Z,24126,4174,6945,26897,6,2994
2024-07-25T14:30:00Z,24582,4842,7157,26897,8,2995
2024-10-27T07:30:00Z,19817,1098,8177,26896,587,2996
2024-06-25T07:00:00Z,23125,2409,6178,26894,10,2997
2024-06-23T20:00:00Z,23278,1165,4776,26889,11,2998
2024-07-25T10:00:00Z,25094,3959,5750,26885,6,2999
2024-08-08T19:00:00Z,25135,2980,4730,26885,9,3000
2024-09-27T10:00:00Z,25839,6906,7951,26884,5,3001
2024-10-29T00:00:00Z,20896,649,6637,26884,9,3002
2024-09-09T17:00:00Z,24825,4510,6564,26879,9,3003
2024-12-03T23:00:00Z,25900,1773,2749,26876,611,3004
2024-10-31T23:30:00Z,21478,1630,7027,26875,14,3005
2024-10-25T23:00:00Z,21978,857,5752,26873,5,3006
2024-09-16T23:00:00Z,20925,720,6662,26867,14,3007
2024-11-07T01:00:00Z,21760,1026,6130,26864,637,3008
2024-11-13T13:30:00Z,29597,4470,1737,26864,9,3009
2024-09-22T20:00:00Z,25424,1005,2443,26862,15,3010
2024-10-26T07:30:00Z,22765,1147,5236,26854,10,3011
2024-10-04T06:00:00Z,22498,1538,5892,26852,5,3012
2024-12-03T06:00:00Z,26042,337,1145,26850,90,3013
2024-09-20T17:30:00Z,25783,2741,3805,26847,12,3014
2024-06-23T19:00:00Z,23597,2329,5574,26842,11,3015
2024-11-20T04:30:00Z,22489,2901,7252,26840,781,3016
2024-09-03T11:00:00Z,24910,5027,6955,26838,14,3017
2024-07-08T20:00:00Z,25464,1158,2529,26835,4,3018
2024-06-23T22:00:00Z,22565,579,4847,26833,11,3019
2024-08-28T20:30:00Z,26418,1218,1633,26833,8,3020
2024-11-26T02:30:00Z,21661,2573,7745,26833,895,3021
2024-08-28T15:30:00Z,23577,6154,9406,26829,17,3022
2024-08-02T21:30:00Z,23422,1507,4913,26828,9,3023
2024-11-14T02:30:00Z,21376,1030,6482,26828,848,3024
2024-08-28T11:00:00Z,24044,6644,9427,26827,16,3025
2024-08-08T18:30:00Z,25318,3102,4610,26826,9,3026
2024-11-12T23:30:00Z,23189,1049,4686,26826,487,3027
2024-06-21T20:30:00Z,23044,1701,5482,26825,5,3028
2024-09-26T14:30:00Z,25141,6729,8411,26823,6,3029
2024-06-16T20:00:00Z,22825,1785,5782,26822,3,3030
2024-07-03T07:30:00Z,23243,2737,6314,26820,5,3031
2024-09-17T22:00:00Z,23314,895,4401,26820,8,3032
2024-08-22T19:00:00Z,24917,2470,4370,26817,0,3033
2024-09-21T18:30:00Z,24873,1353,3297,26817,10,3034
2024-08-24T08:00:00Z,20660,1986,8141,26815,11,3035
2024-06-09T17:30:00Z,22252,4608,9169,26813,12,3036
2024-06-08T22:30:00Z,20567,2133,8378,26812,9,3037
2024-06-06T08:00:00Z,22871,5099,9039,26811,9,3038
2024-09-28T17:00:00Z,24658,2386,4538,26810,12,3039
2024-11-21T22:30:00Z,27907,3181,2082,26808,13,3040
2024-06-18T20:30:00Z,25352,1064,2517,26805,6,3041
2024-09-07T21:30:00Z,23056,563,4308,26801,9,3042
2024-11-26T11:30:00Z,30007,6753,3547,26801,7,3043
2024-07-03T09:00:00Z,24702,4769,6867,26800,4,3044
2024-06-21T19:30:00Z,23521,2619,5897,26799,5,3045
2024-09-05T22:30:00Z,21454,2481,7825,26798,17,3046
2024-10-18T01:30:00Z,20247,935,7485,26797,15,3047
2024-07-15T13:30:00Z,24870,4137,6062,26795,10,3048
2024-07-21T22:00:00Z,21951,743,5584,26792,9,3049
2024-08-11T21:00:00Z,22700,2294,6385,26791,0,3050
2024-10-17T06:30:00Z,23754,1386,4422,26790,13,3051
2024-11-19T03:00:00Z,21244,2058,7604,26790,838,3052
2024-09-03T07:30:00Z,24530,1138,3397,26789,8,3053
2024-11-30T01:30:00Z,21916,3454,8327,26789,870,3054
2024-06-22T19:00:00Z,22056,3216,7948,26788,3,3055
2024-10-19T22:00:00Z,22767,1176,5196,26787,9,3056
2024-09-25T11:00:00Z,26601,4415,4599,26785,11,3057
2024-10-04T23:00:00Z,21498,2245,7532,26785,6,3058
2024-09-04T21:30:00Z,24468,820,3134,26782,11,3059
2024-07-29T19:30:00Z,25310,1830,3298,26778,8,3060
2024-08-21T18:30:00Z,25739,4596,5630,26773,8,3061
2024-07-14T21:30:00Z,21701,435,5504,26770,18,3062
2024-07-15T22:00:00Z,23749,583,3603,26769,16,3063
2024-10-11T03:00:00Z,19965,1393,8197,26769,636,3064
2024-11-17T11:00:00Z,25526,5623,6865,26768,7,3065
2024-08-18T20:00:00Z,23037,1193,4923,26767,8,3066
2024-10-22T15:00:00Z,26451,5665,5980,26766,8,3067
2024-11-09T07:30:00Z,23956,324,3134,26766,14,3068
2024-08-11T19:00:00Z,22409,2985,7340,26764,2,3069
2024-09-24T22:30:00Z,22157,1017,5624,26764,11,3070
2024-10-23T22:30:00Z,23149,2738,6350,26761,854,3071
2024-10-19T23:00:00Z,20720,1377,7417,26760,16,3072
2024-11-05T22:00:00Z,26228,732,1264,26760,9,3073
2024-07-29T18:30:00Z,25368,3309,4697,26756,19,3074
2024-09-25T06:30:00Z,23520,384,3620,26756,16,3075
2024-07-27T21:30:00Z,22311,481,4925,26755,9,3076
2024-08-01T18:00:00Z,25476,3466,4742,26752,8,3077
2024-10-12T06:00:00Z,19810,1830,8772,26752,271,3078
2024-11-08T00:30:00Z,22140,1059,5671,26752,304,3079
2024-06-22T18:30:00Z,21506,4034,9279,26751,7,3080
2024-10-13T08:30:00Z,23372,2082,5461,26751,200,3081
2024-08-13T17:30:00Z,25450,4690,5987,26747,10,3082
2024-08-24T09:00:00Z,21795,2795,7741,26741,4,3083
2024-08-02T20:00:00Z,24224,1931,4446,26739,9,3084
2024-08-20T20:30:00Z,24432,3191,5498,26739,0,3085
2024-09-29T15:30:00Z,23840,5412,8311,26739,12,3086
2024-06-24T16:30:00Z,24515,5895,8118,26738,7,3087
2024-06-28T22:30:00Z,21562,1317,6493,26738,10,3088
2024-07-19T22:00:00Z,24513,1256,3480,26737,11,3089
2024-11-12T10:00:00Z,30614,4690,811,26735,10,3090
2024-07-25T21:00:00Z,24824,1373,3283,26734,7,3091
2024-08-07T17:30:00Z,24299,4951,7384,26732,11,3092
2024-09-24T11:00:00Z,26815,4942,4859,26732,11,3093
2024-06-21T20:00:00Z,23274,2129,5586,26731,6,3094
2024-10-23T14:00:00Z,26138,6083,6676,26731,10,3095
2024-06-09T23:30:00Z,18787,1325,9268,26730,314,3096
2024-07-31T19:00:00Z,25547,1892,3074,26729,9,3097
2024-08-06T22:00:00Z,22942,1773,5555,26724,11,3098
2024-11-01T01:30:00Z,20211,1660,8173,26724,846,3099
2024-07-18T08:00:00Z,23315,4615,8022,26722,13,3100
2024-09-25T22:30:00Z,22431,1936,6227,26722,12,3101
2024-06-12T07:30:00Z,24414,2481,4785,26718,13,3102
2024-06-17T19:00:00Z,25532,2905,4086,26713,6,3103
2024-08-13T08:00:00Z,22722,4804,8795,26713,10,3104
2024-09-14T21:00:00Z,22945,2532,6293,26706,8,3105
2024-06-17T18:30:00Z,25243,3720,5177,26700,12,3106
2024-08-29T19:00:00Z,26258,1838,2277,26697,7,3107
2024-06-15T19:00:00Z,22837,2451,6307,26693,7,3108
2024-11-27T02:00:00Z,23192,952,4453,26693,65,3109
2024-07-06T21:00:00Z,21562,1337,6465,26690,7,3110
2024-09-07T10:00:00Z,22902,2617,6404,26689,11,3111
2024-07-03T16:00:00Z,24041,6444,9090,26687,150,3112
2024-10-26T12:30:00Z,23557,6240,9370,26687,5,3113
2024-07-30T19:30:00Z,25493,1490,2683,26686,2,3114
2024-10-12T16:00:00Z,23055,6011,9642,26686,76,3115
2024-09-23T21:00:00Z,26021,926,1588,26683,9,3116
2024-07-21T19:30:00Z,22779,1658,5559,26680,6,3117
2024-10-13T08:00:00Z,22682,1591,5587,26678,179,3118
2024-07-03T07:00:00Z,22509,2230,6396,26675,7,3119
2024-09-06T10:30:00Z,24760,5976,7887,26671,17,3120
2024-06-30T00:00:00Z,18702,868,8836,26670,7,3121
2024-09-12T22:00:00Z,24593,910,2976,26659,140,3122
2024-11-10T22:00:00Z,24090,1738,4307,26659,12,3123
2024-06-08T19:30:00Z,21456,3882,9078,26652,4,3124
2024-07-15T08:00:00Z,23510,3205,6344,26649,11,3125
2024-10-18T16:30:00Z,27487,3985,3147,26649,11,3126
2024-06-18T20:00:00Z,25529,1528,2647,26648,6,3127
2024-07-30T21:30:00Z,24576,668,2740,26648,12,3128
2024-08-01T08:30:00Z,23934,2916,5630,26648,7,3129
2024-09-18T09:00:00Z,25936,3610,4322,26648,12,3130
2024-11-22T02:00:00Z,24075,3535,6103,26643,877,3131
2024-10-09T00:30:00Z,19957,1954,8636,26639,564,3132
2024-06-13T20:00:00Z,25741,3568,4464,26637,6,3133
2024-09-16T22:30:00Z,22284,726,5078,26636,12,3134
2024-07-22T22:00:00Z,22802,800,4632,26634,7,3135
2024-09-01T16:00:00Z,22213,4509,8929,26633,11,3136
2024-09-23T15:00:00Z,26819,2668,2482,26633,15,3137
2024-10-30T01:30:00Z,20745,391,6277,26631,7,3138
2024-09-25T16:00:00Z,27590,2978,2014,26626,8,3139
2024-10-23T11:30:00Z,27654,6587,5559,26626,8,3140
2024-09-03T21:30:00Z,25044,645,2226,26625,6,3141
2024-10-19T09:00:00Z,24116,2099,4607,26624,7,3142
2024-10-10T10:30:00Z,27136,5937,5421,26620,13,3143
2024-10-13T23:30:00Z,20682,1112,7049,26619,14,3144
2024-12-02T06:30:00Z,25342,3246,4521,26617,46,3145
2024-11-25T12:00:00Z,28419,9688,7884,26615,9,3146
2024-07-18T19:30:00Z,25932,1502,2182,26612,5,3147
2024-10-26T12:00:00Z,23774,6459,9297,26612,8,3148
2024-07-20T00:00:00Z,20364,1137,7384,26611,13,3149
2024-10-12T03:00:00Z,19266,1785,9130,26611,483,3150
2024-07-21T00:00:00Z,18960,1077,8725,26608,627,3151
2024-11-10T08:00:00Z,23074,937,4471,26608,11,3152
2024-06-14T20:30:00Z,23643,900,3862,26605,0,3153
2024-08-28T19:00:00Z,26884,1868,1585,26601,5,3154
2024-11-29T02:30:00Z,22391,3411,7621,26601,928,3155
2024-08-22T22:00:00Z,22421,2009,6184,26596,8,3156
2024-09-17T08:30:00Z,25135,4108,5569,26596,13,3157
2024-10-02T10:30:00Z,27834,5090,3852,26596,6,3158
2024-10-29T01:30:00Z,20448,694,6841,26595,360,3159
2024-06-07T19:30:00Z,23942,3149,5800,26593,1,3160
2024-11-08T01:00:00Z,21702,1039,5929,26592,303,3161
2024-10-11T03:30:00Z,19858,1419,8150,26589,642,3162
2024-08-20T20:00:00Z,24314,3257,5531,26588,4,3163
2024-06-30T22:30:00Z,20764,723,6543,26584,7,3164
2024-10-19T22:30:00Z,21976,1270,5876,26582,11,3165
2024-09-30T22:30:00Z,22606,2444,6419,26581,24,3166
2024-11-26T03:00:00Z,21205,2353,7729,26581,892,3167
2024-08-15T17:00:00Z,24851,5016,6745,26580,13,3168
2024-07-15T13:00:00Z,24916,4644,6303,26575,10,3169
2024-08-05T20:30:00Z,25102,1616,3088,26574,6,3170
2024-08-19T12:00:00Z,23325,6932,10180,26573,20,3171
2024-12-02T00:00:00Z,21013,2094,7652,26571,897,3172
2024-06-21T21:30:00Z,22291,1293,5571,26569,11,3173
2024-12-03T05:30:00Z,23632,344,3275,26563,50,3174
2024-08-08T20:00:00Z,24637,2789,4714,26562,9,3175
2024-11-25T10:30:00Z,28860,9132,6834,26562,7,3176
2024-09-07T18:00:00Z,24842,866,2584,26560,2,3177
2024-10-23T12:00:00Z,27374,6857,6043,26560,10,3178
2024-07-19T07:00:00Z,22270,2892,7181,26559,16,3179
2024-08-09T20:30:00Z,23200,2393,5747,26554,0,3180
2024-10-12T13:00:00Z,23422,6778,9907,26551,9,3181
2024-06-25T07:30:00Z,23547,3224,6222,26545,10,3182
2024-10-10T15:00:00Z,26121,5091,5512,26542,12,3183
2024-06-07T21:30:00Z,22844,1989,5685,26540,3,3184
2024-09-22T20:30:00Z,25083,971,2425,26537,9,3185
2024-07-31T18:30:00Z,25653,2789,3669,26533,10,3186
2024-10-26T15:30:00Z,23850,4917,7600,26533,8,3187
2024-07-03T21:00:00Z,24299,2908,5140,26531,8,3188
2024-08-23T19:00:00Z,23615,2585,5501,26531,2,3189
2024-10-21T22:30:00Z,23466,2433,5498,26531,11,3190
2024-07-20T16:30:00Z,22253,3473,7745,26525,8,3191
2024-07-08T16:30:00Z,25059,4264,5729,26524,13,3192
2024-08-08T17:00:00Z,25267,3707,4964,26524,15,3193
2024-08-06T19:00:00Z,24489,3404,5437,26522,6,3194
2024-06-06T18:30:00Z,24984,4194,5731,26521,7,3195
2024-11-02T07:30:00Z,22390,926,5057,26521,18,3196
2024-09-18T08:30:00Z,25510,2725,3735,26520,16,3197
2024-06-13T15:00:00Z,24350,5981,8149,26518,7,3198
2024-07-23T23:00:00Z,21400,329,5445,26516,11,3199
2024-07-07T18:30:00Z,22763,3395,7145,26513,7,3200
2024-11-25T11:00:00Z,28605,9409,7315,26511,8,3201
2024-07-31T22:00:00Z,24217,532,2825,26510,11,3202
2024-08-20T19:30:00Z,24436,3536,5609,26509,5,3203
2024-11-15T03:00:00Z,21504,908,5913,26509,860,3204
2024-09-15T21:30:00Z,23010,853,4343,26500,10,3205
2024-08-05T17:30:00Z,24952,4315,5861,26498,13,3206
2024-10-11T15:30:00Z,24940,5251,6808,26497,12,3207
2024-08-30T22:00:00Z,22433,690,4753,26496,11,3208
2024-07-25T11:00:00Z,25166,4596,5923,26493,8,3209
2024-10-16T22:30:00Z,23057,1111,4547,26493,6,3210
2024-09-10T16:00:00Z,25273,6461,7680,26492,268,3211
2024-10-09T01:30:00Z,19761,2007,8738,26492,664,3212
2024-07-07T22:30:00Z,21229,494,5754,26489,7,3213
2024-11-13T00:00:00Z,22857,1063,4694,26488,573,3214
2024-06-21T19:00:00Z,23447,3222,6262,26487,4,3215
2024-07-17T23:00:00Z,21442,964,6009,26487,7,3216
2024-07-06T20:30:00Z,21590,1561,6455,26484,11,3217
2024-09-25T15:00:00Z,26303,3392,3573,26484,8,3218
2024-10-20T17:00:00Z,26348,5506,5639,26481,0,3219
2024-07-24T15:30:00Z,24381,5927,8022,26476,9,3220
2024-06-23T21:30:00Z,22568,587,4493,26474,10,3221
2024-09-08T16:00:00Z,23053,3825,7245,26473,18,3222
2024-10-13T10:00:00Z,25071,3073,4475,26473,10,3223
2024-10-11T10:00:00Z,26658,7321,7135,26472,15,3224
2024-11-25T12:30:00Z,28430,9575,7615,26470,9,3225
2024-11-08T00:00:00Z,22088,1114,5495,26469,273,3226
2024-07-25T10:30:00Z,25065,4374,5777,26468,8,3227
2024-07-16T22:30:00Z,22429,870,4908,26467,10,3228
2024-10-26T23:30:00Z,20297,1666,7834,26465,617,3229
2024-11-16T00:30:00Z,22679,2495,6275,26459,385,3230
2024-10-03T15:30:00Z,24462,5116,7112,26458,9,3231
2024-08-31T21:00:00Z,22709,1859,5607,26457,3,3232
2024-10-09T22:00:00Z,23131,3316,6642,26457,563,3233
2024-11-13T01:30:00Z,22204,1008,5257,26453,829,3234
2024-08-10T22:00:00Z,21418,829,5863,26452,2,3235
2024-08-19T11:30:00Z,23142,6708,10017,26451,17,3236
2024-07-05T07:30:00Z,23303,3670,6817,26450,9,3237
2024-10-08T05:30:00Z,20216,1120,7354,26450,66,3238
2024-10-18T01:00:00Z,20143,979,7281,26445,9,3239
2024-07-25T14:00:00Z,24639,5117,6917,26439,8,3240
2024-09-29T11:00:00Z,23211,4983,8210,26438,14,3241
2024-08-09T20:00:00Z,23327,2604,5713,26436,0,3242
2024-07-19T21:00:00Z,25041,1339,2732,26434,5,3243
2024-11-09T02:00:00Z,21124,365,5673,26432,820,3244
2024-07-28T22:30:00Z,21015,998,6411,26428,15,3245
2024-09-07T18:30:00Z,24735,718,2411,26428,7,3246
2024-09-24T07:30:00Z,25414,929,1942,26427,6,3247
2024-11-02T01:30:00Z,20439,519,6496,26416,21,3248
2024-07-22T18:00:00Z,25040,3982,5354,26412,10,3249
2024-10-09T14:00:00Z,25554,6593,7450,26411,12,3250
2024-06-22T23:00:00Z,20050,1227,7585,26408,14,3251
2024-08-18T21:30:00Z,22466,1032,4974,26408,7,3252
2024-07-09T07:30:00Z,23629,2953,5731,26407,9,3253
2024-11-11T11:00:00Z,28782,5656,3276,26402,14,3254
2024-07-04T19:30:00Z,24341,4427,6487,26401,7,3255
2024-08-15T22:00:00Z,22737,1486,5149,26400,1,3256
2024-10-05T21:00:00Z,23982,2878,5294,26398,16,3257
2024-11-12T12:00:00Z,29935,5111,1574,26398,6,3258
2024-11-29T06:30:00Z,27555,3352,2195,26398,16,3259
2024-07-12T17:30:00Z,25121,3220,4490,26391,16,3260
2024-06-19T23:00:00Z,21025,1039,6403,26389,7,3261
2024-09-20T21:30:00Z,23187,1499,4701,26389,8,3262
2024-09-07T22:00:00Z,22137,551,4800,26386,8,3263
2024-10-01T06:30:00Z,23576,2340,5150,26386,11,3264
2024-11-14T06:00:00Z,24276,590,2694,26380,28,3265
2024-09-22T15:30:00Z,24381,2777,4775,26379,12,3266
2024-11-25T23:30:00Z,22618,3537,7298,26379,604,3267
2024-06-11T16:30:00Z,24530,4525,6373,26378,7,3268
2024-06-13T07:30:00Z,23447,4181,7111,26377,12,3269
2024-10-23T00:00:00Z,20933,1460,6904,26377,7,3270
2024-08-13T22:00:00Z,23763,1360,3968,26371,12,3271
2024-12-04T21:00:00Z,30057,5072,1386,26371,10,3272
2024-06-28T19:00:00Z,22990,4320,7691,26361,7,3273
2024-07-15T21:30:00Z,24804,572,2125,26357,12,3274
2024-08-02T20:30:00Z,23922,1727,4161,26356,9,3275
2024-10-02T07:00:00Z,25263,1990,3083,26356,7,3276
2024-10-12T05:30:00Z,19131,1830,9055,26356,688,3277
2024-07-04T20:30:00Z,24044,3261,5567,26350,7,3278
2024-07-10T09:00:00Z,24267,5241,7324,26350,10,3279
2024-07-11T18:30:00Z,25681,2461,3130,26350,11,3280
2024-10-11T06:00:00Z,23205,1391,4536,26350,15,3281
2024-08-27T20:00:00Z,25846,1692,2195,26349,11,3282
2024-07-02T23:00:00Z,20892,989,6439,26342,91,3283
2024-10-12T03:30:00Z,18987,1814,9169,26342,588,3284
2024-08-24T10:00:00Z,21704,3853,8490,26341,0,3285
2024-06-17T22:30:00Z,22693,790,4435,26338,12,3286
2024-07-20T00:30:00Z,20008,1105,7435,26338,16,3287
2024-06-14T22:00:00Z,22583,748,4498,26333,10,3288
2024-09-19T22:00:00Z,22861,1353,4822,26330,7,3289
2024-09-01T21:30:00Z,23219,873,3983,26329,16,3290
2024-10-01T22:30:00Z,22380,2457,6406,26329,10,3291
2024-06-06T22:00:00Z,23491,1116,3952,26327,1,3292
2024-07-01T12:30:00Z,23473,6736,9589,26326,7,3293
2024-10-13T10:30:00Z,25201,3412,4537,26326,13,3294
2024-07-06T21:30:00Z,21258,1259,6324,26323,6,3295
2024-07-17T22:00:00Z,23835,912,3400,26323,4,3296
2024-11-23T05:00:00Z,20589,3525,9254,26318,874,3297
2024-07-02T08:30:00Z,24028,4759,7046,26315,12,3298
2024-08-16T20:30:00Z,24983,1662,2990,26311,11,3299
2024-11-25T11:30:00Z,28218,9239,7332,26311,9,3300
2024-06-29T19:00:00Z,22480,2791,6616,26305,3,3301
2024-08-04T17:30:00Z,21443,5010,9872,26305,90,3302
2024-11-26T00:00:00Z,22449,3360,7215,26304,822,3303
2024-08-04T21:00:00Z,21915,2264,6648,26299,1,3304
2024-07-13T22:00:00Z,21814,859,5343,26298,13,3305
2024-07-01T13:00:00Z,23249,6812,9860,26297,8,3306
2024-10-13T13:30:00Z,25827,3942,4410,26295,15,3307
2024-08-30T18:30:00Z,24526,1892,3660,26294,9,3308
2024-09-11T22:00:00Z,23578,2302,5012,26288,10,3309
2024-08-07T22:00:00Z,22140,1948,6095,26287,8,3310
2024-09-06T22:00:00Z,22990,1078,4374,26286,13,3311
2024-07-17T17:00:00Z,24028,5247,7502,26283,8,3312
2024-08-02T00:00:00Z,20265,519,6537,26283,9,3313
2024-06-30T00:30:00Z,18267,833,8848,26282,3,3314
2024-07-30T22:00:00Z,24122,633,2788,26277,13,3315
2024-06-12T08:00:00Z,24612,3315,4977,26274,6,3316
2024-11-11T13:30:00Z,29127,4865,2009,26271,10,3317
2024-06-13T07:00:00Z,22732,3375,6912,26269,12,3318
2024-07-08T20:30:00Z,24973,1037,2333,26269,6,3319
2024-07-12T21:00:00Z,24269,647,2647,26269,8,3320
2024-08-19T12:30:00Z,23390,7021,9899,26268,20,3321
2024-09-07T15:30:00Z,22950,2613,5931,26268,11,3322
2024-10-14T23:00:00Z,22119,1207,5356,26268,194,3323
2024-09-11T07:00:00Z,23372,3271,6166,26267,8,3324
2024-07-05T22:30:00Z,22216,751,4799,26264,5,3325
2024-07-19T07:30:00Z,22562,3878,7580,26264,16,3326
2024-06-11T23:30:00Z,20768,639,6134,26263,8,3327
2024-10-24T23:00:00Z,22002,1570,5826,26258,270,3328
2024-09-29T08:00:00Z,20549,1983,7691,26257,41,3329
2024-10-23T01:30:00Z,20621,1555,7191,26257,8,3330
2024-12-01T08:00:00Z,22748,3355,6864,26257,272,3331
2024-09-08T21:30:00Z,22358,1791,5688,26255,9,3332
2024-07-18T21:00:00Z,25214,746,1786,26254,11,3333
2024-09-12T18:00:00Z,27569,2478,1162,26253,12,3334
2024-10-14T00:00:00Z,20130,1124,7246,26252,205,3335
2024-09-14T18:00:00Z,23756,3976,6470,26250,5,3336
2024-06-25T18:00:00Z,25476,4104,4875,26247,12,3337
2024-07-30T18:30:00Z,25710,3136,3673,26247,4,3338
2024-07-03T09:30:00Z,24458,5088,6873,26243,7,3339
2024-09-25T14:30:00Z,26201,3668,3710,26243,8,3340
2024-10-16T06:30:00Z,23859,2688,5072,26243,156,3341
2024-07-10T19:30:00Z,25299,2290,3233,26242,8,3342
2024-07-30T19:00:00Z,25541,2318,3019,26242,5,3343
2024-11-30T06:00:00Z,20729,2740,8253,26242,18,3344
2024-08-10T19:00:00Z,22682,2495,6054,26241,1,3345
2024-07-16T17:30:00Z,25579,4171,4832,26240,11,3346
2024-09-28T07:30:00Z,22145,1271,5365,26239,12,3347
2024-08-12T23:00:00Z,21411,1027,5854,26238,12,3348
2024-07-01T12:00:00Z,23476,6595,9355,26236,7,3349
2024-11-04T22:30:00Z,24569,379,2046,26236,10,3350
2024-08-05T18:00:00Z,25381,3502,4355,26234,19,3351
2024-10-06T09:00:00Z,22665,3174,6743,26234,79,3352
2024-10-22T14:30:00Z,26093,6041,6182,26234,8,3353
2024-08-02T18:30:00Z,24480,3565,5318,26233,12,3354
2024-07-19T21:30:00Z,24811,1298,2718,26231,5,3355
2024-06-15T22:30:00Z,20939,1111,6400,26228,45,3356
2024-09-27T10:30:00Z,26001,7945,8168,26224,9,3357
2024-07-11T19:30:00Z,25515,1503,2204,26216,11,3358
2024-10-18T21:30:00Z,23863,3159,5512,26216,11,3359
2024-09-24T16:00:00Z,26286,3968,3896,26214,11,3360
2024-09-12T07:00:00Z,24398,1880,3695,26213,6,3361
2024-10-15T22:30:00Z,22742,3032,6503,26213,771,3362
2024-06-05T23:30:00Z,20042,1205,7373,26210,13,3363
2024-08-18T19:30:00Z,22886,1473,4795,26208,12,3364
2024-08-24T09:30:00Z,21722,3231,7717,26208,0,3365
2024-11-11T11:30:00Z,28544,5354,3016,26206,15,3366
2024-06-26T23:30:00Z,21238,1513,6477,26202,9,3367
2024-07-10T00:00:00Z,19500,1681,8380,26199,152,3368
2024-11-18T03:00:00Z,20354,1176,7020,26198,826,3369
2024-11-12T10:30:00Z,30205,4911,902,26196,9,3370
2024-06-23T18:00:00Z,22798,3796,7193,26195,7,3371
2024-08-09T19:30:00Z,23514,3142,5823,26195,0,3372
2024-08-21T19:00:00Z,25539,4247,4903,26195,4,3373
2024-09-13T23:30:00Z,19905,1292,7580,26193,16,3374
2024-07-26T19:30:00Z,24076,1688,3804,26192,4,3375
2024-07-19T20:30:00Z,25058,1442,2574,26190,8,3376
2024-08-19T08:00:00Z,23130,3377,6437,26190,11,3377
2024-08-12T18:30:00Z,25986,3372,3571,26185,2,3378
2024-09-04T08:30:00Z,25151,3315,4345,26181,8,3379
2024-09-21T18:00:00Z,24605,1684,3259,26180,9,3380
2024-09-12T08:30:00Z,25315,5319,6183,26179,10,3381
2024-11-27T02:30:00Z,22851,1059,4385,26177,65,3382
2024-09-17T07:30:00Z,24467,1591,3296,26172,15,3383
2024-07-22T08:00:00Z,22950,3179,6397,26168,8,3384
2024-08-02T19:00:00Z,24206,2839,4799,26166,12,3385
2024-06-07T07:00:00Z,21863,4040,8336,26159,15,3386
2024-06-13T20:30:00Z,25255,3497,4401,26159,6,3387
2024-06-28T23:00:00Z,20708,1284,6734,26158,9,3388
2024-06-30T17:30:00Z,22432,3662,7386,26156,15,3389
2024-07-11T16:30:00Z,24168,4767,6753,26154,16,3390
2024-08-16T19:30:00Z,24636,2039,3556,26153,11,3391
2024-08-27T21:00:00Z,24962,1661,2852,26153,11,3392
2024-10-18T06:30:00Z,23613,1749,4288,26152,15,3393
2024-10-30T06:30:00Z,24224,333,2259,26150,14,3394
2024-06-12T17:30:00Z,25166,4334,5316,26148,5,3395
2024-07-21T18:30:00Z,22664,3157,6640,26147,6,3396
2024-07-25T21:30:00Z,24417,1366,3095,26146,8,3397
2024-10-30T02:00:00Z,20153,388,6381,26146,276,3398
2024-07-19T23:30:00Z,21091,1168,6219,26142,10,3399
2024-06-24T23:00:00Z,21880,762,5016,26134,6,3400
2024-07-02T08:00:00Z,23392,4084,6825,26133,17,3401
2024-07-25T11:30:00Z,24994,4851,5990,26133,7,3402
2024-08-05T08:00:00Z,22407,4778,8503,26132,14,3403
2024-09-16T23:30:00Z,19990,713,6854,26131,28,3404
2024-09-28T23:30:00Z,20452,638,6315,26129,10,3405
2024-06-23T22:30:00Z,21662,571,5033,26124,16,3406
2024-10-09T01:00:00Z,19481,1981,8623,26123,633,3407
2024-06-21T22:00:00Z,21925,1220,5417,26122,8,3408
2024-10-23T00:30:00Z,20563,1457,7014,26120,8,3409
2024-06-07T18:30:00Z,23994,4677,6802,26119,2,3410
2024-08-26T20:00:00Z,24303,1487,3303,26119,0,3411
2024-06-13T14:30:00Z,24123,6325,8320,26118,7,3412
2024-11-14T03:00:00Z,20896,979,6200,26117,841,3413
2024-10-06T09:30:00Z,23058,3589,6647,26116,48,3414
2024-09-23T16:00:00Z,27531,2186,770,26115,15,3415
2024-07-16T09:00:00Z,24650,3263,4726,26113,13,3416
2024-08-06T23:00:00Z,20422,1755,7445,26112,13,3417
2024-07-21T19:00:00Z,22764,2333,5676,26107,4,3418
2024-09-17T22:30:00Z,22091,915,4930,26106,6,3419
2024-10-04T16:00:00Z,25182,4990,5914,26106,1,3420
2024-09-18T17:30:00Z,25822,3355,3638,26105,16,3421
2024-10-02T22:30:00Z,23024,1369,4450,26105,8,3422
2024-07-01T23:00:00Z,20520,1710,7291,26101,108,3423
2024-09-04T23:00:00Z,20566,928,6463,26101,11,3424
2024-06-11T07:30:00Z,23635,4656,7120,26099,13,3425
2024-11-19T03:30:00Z,20905,2027,7221,26099,725,3426
2024-09-08T22:00:00Z,21415,1831,6514,26098,10,3427
2024-06-11T07:00:00Z,22874,3763,6986,26097,16,3428
2024-06-18T22:00:00Z,23833,825,3087,26095,10,3429
2024-10-19T08:30:00Z,23684,1564,3974,26094,4,3430
2024-10-29T02:00:00Z,20022,713,6780,26089,536,3431
2024-11-16T00:00:00Z,22573,2561,6077,26089,478,3432
2024-11-07T23:00:00Z,23199,1234,4123,26088,7,3433
2024-08-11T21:30:00Z,22377,2421,6130,26086,11,3434
2024-07-11T19:00:00Z,25614,1933,2404,26085,9,3435
2024-08-27T20:30:00Z,25612,1668,2141,26085,8,3436
2024-11-24T21:30:00Z,24518,5514,7081,26085,792,3437
2024-08-14T22:00:00Z,23518,1736,4301,26083,10,3438
2024-11-03T07:30:00Z,20425,520,6178,26083,10,3439
2024-08-19T08:30:00Z,23639,4053,6495,26081,14,3440
2024-10-19T23:30:00Z,19904,1484,7661,26081,14,3441
2024-10-31T06:00:00Z,22287,1559,5353,26081,15,3442
2024-11-26T03:30:00Z,20823,2133,7391,26081,885,3443
2024-07-02T17:30:00Z,24126,4963,6916,26079,7,3444
2024-08-29T08:00:00Z,23097,4052,7034,26079,15,3445
2024-07-15T08:30:00Z,23771,4006,6313,26078,9,3446
2024-10-23T12:30:00Z,27017,7121,6182,26078,10,3447
2024-10-22T11:00:00Z,27002,6974,6049,26077,11,3448
2024-06-07T19:00:00Z,23853,3821,6044,26076,1,3449
2024-07-15T12:30:00Z,24827,5020,6269,26076,10,3450
2024-07-21T00:30:00Z,18434,1218,8854,26070,904,3451
2024-07-26T21:00:00Z,23232,701,3538,26069,7,3452
2024-10-12T04:00:00Z,18794,1826,9101,26069,586,3453
2024-11-15T03:30:00Z,21171,928,5825,26068,851,3454
2024-07-14T17:30:00Z,23117,3779,6727,26065,17,3455
2024-08-19T11:00:00Z,23037,6479,9507,26065,17,3456
2024-10-09T06:30:00Z,22942,2322,5445,26065,14,3457
2024-07-23T23:30:00Z,20726,313,5651,26064,6,3458
2024-10-27T00:00:00Z,19806,1625,7881,26062,776,3459
2024-06-27T07:00:00Z,22141,3794,7712,26059,8,3460
2024-07-18T21:30:00Z,25071,761,1746,26056,13,3461
2024-08-28T15:00:00Z,23185,6626,9497,26056,17,3462
2024-11-23T05:30:00Z,20768,3860,9148,26056,871,3463
2024-08-31T19:30:00Z,23181,1769,4643,26055,3,3464
2024-09-22T11:00:00Z,23406,2690,5338,26054,10,3465
2024-10-27T00:30:00Z,19781,1583,7856,26054,864,3466
2024-08-22T18:30:00Z,24847,3057,4261,26051,0,3467
2024-09-14T00:00:00Z,19137,1468,8382,26051,15,3468
2024-09-28T08:00:00Z,22976,2309,5384,26051,12,3469
2024-09-27T23:30:00Z,21180,1615,6485,26050,702,3470
2024-08-12T23:30:00Z,20454,1034,6626,26046,10,3471
2024-09-08T15:30:00Z,22685,4461,7820,26044,13,3472
2024-07-24T07:30:00Z,22400,2264,5907,26043,8,3473
2024-08-11T18:30:00Z,22075,3799,7767,26043,6,3474
2024-09-04T22:00:00Z,23249,853,3646,26042,11,3475
2024-08-14T17:00:00Z,24250,4457,6246,26039,15,3476
2024-09-03T07:00:00Z,23541,840,3335,26036,6,3477
2024-09-08T09:00:00Z,21113,2113,7036,26036,10,3478
2024-09-20T07:00:00Z,23885,1277,3425,26033,10,3479
2024-09-29T21:30:00Z,23098,3812,6746,26032,589,3480
2024-11-08T01:30:00Z,21134,1019,5916,26031,545,3481
2024-08-16T20:00:00Z,24689,1714,3055,26030,11,3482
2024-10-18T00:30:00Z,20219,1023,6834,26030,8,3483
2024-07-16T08:30:00Z,24344,2907,4592,26029,18,3484
2024-07-27T20:30:00Z,22155,497,4367,26025,9,3485
2024-08-13T07:00:00Z,21445,3012,7591,26024,8,3486
2024-11-30T22:00:00Z,23918,4759,6863,26022,15,3487
2024-09-22T12:30:00Z,23976,3388,5433,26021,7,3488
2024-07-24T08:00:00Z,23091,3081,6010,26020,4,3489
2024-11-30T02:00:00Z,21411,3360,7967,26018,538,3490
2024-08-19T09:00:00Z,23874,4660,6800,26014,10,3491
2024-08-23T21:00:00Z,23177,1947,4782,26012,1,3492
2024-09-15T22:00:00Z,21918,825,4919,26012,8,3493
2024-10-25T23:30:00Z,21198,873,5687,26012,8,3494
2024-10-05T06:30:00Z,19903,2125,8232,26010,11,3495
2024-09-17T07:00:00Z,23785,836,3060,26009,15,3496
2024-09-20T10:00:00Z,25345,4254,4916,26007,9,3497
2024-10-04T10:00:00Z,25526,7848,8329,26007,12,3498
2024-12-02T01:00:00Z,20905,2218,7320,26007,742,3499
2024-07-02T09:00:00Z,24125,5344,7225,26006,11,3500
2024-08-28T11:30:00Z,23947,7474,9531,26004,16,3501
2024-10-05T01:30:00Z,19322,2168,8850,26004,7,3502
2024-11-16T23:00:00Z,22382,2407,6028,26003,353,3503
2024-08-21T18:00:00Z,25523,5080,5557,26000,9,3504
2024-09-18T22:00:00Z,22689,1519,4828,25998,7,3505
2024-10-23T01:00:00Z,20586,1506,6916,25996,8,3506
2024-10-12T05:00:00Z,18938,1834,8889,25993,575,3507
2024-09-08T09:30:00Z,21488,2625,7128,25991,10,3508
2024-11-03T01:30:00Z,19621,604,6974,25991,839,3509
2024-10-11T04:00:00Z,19615,1434,7808,25989,632,3510
2024-06-27T00:00:00Z,20508,1556,7033,25985,10,3511
2024-07-10T06:30:00Z,21132,2176,7029,25985,15,3512
2024-08-29T18:30:00Z,26021,2710,2674,25985,8,3513
2024-11-07T06:30:00Z,25102,1410,2285,25977,11,3514
2024-07-01T11:00:00Z,23770,6387,8590,25973,7,3515
2024-07-06T20:00:00Z,21671,2196,6497,25972,12,3516
2024-10-03T09:30:00Z,26451,5557,5078,25972,9,3517
2024-10-21T07:00:00Z,25537,3402,3836,25971,14,3518
2024-07-11T17:30:00Z,25131,3582,4421,25970,15,3519
2024-08-05T08:30:00Z,22863,5453,8560,25970,9,3520
2024-07-05T16:30:00Z,23836,4690,6820,25966,7,3521
2024-06-24T08:30:00Z,23397,5308,7871,25960,11,3522
2024-11-11T23:00:00Z,23525,1139,3573,25959,7,3523
2024-06-16T20:30:00Z,22153,1405,5208,25956,7,3524
2024-09-15T15:00:00Z,22479,4945,8421,25955,9,3525
2024-08-24T10:30:00Z,21774,4577,8756,25953,0,3526
2024-08-07T17:00:00Z,23902,5606,7654,25950,11,3527
2024-09-22T13:00:00Z,23992,3407,5364,25949,7,3528
2024-10-29T02:30:00Z,19838,732,6843,25949,538,3529
2024-11-16T01:00:00Z,22184,2506,6271,25949,408,3530
2024-07-01T08:00:00Z,22457,4152,7639,25944,7,3531
2024-07-14T23:00:00Z,20122,421,6241,25942,8,3532
2024-09-22T10:30:00Z,23078,2480,5344,25942,10,3533
2024-11-11T12:00:00Z,28971,5463,2434,25942,12,3534
2024-11-15T23:30:00Z,22965,2627,5601,25939,13,3535
2024-11-18T04:00:00Z,20076,1113,6976,25939,819,3536
2024-07-27T20:00:00Z,22288,798,4446,25936,9,3537
2024-06-27T07:30:00Z,22621,4552,7866,25935,7,3538
2024-09-12T07:30:00Z,24820,2673,3787,25934,10,3539
2024-10-05T17:00:00Z,24556,3810,5187,25933,7,3540
2024-07-10T19:00:00Z,25321,2817,3427,25931,7,3541
2024-06-23T23:00:00Z,20404,562,6088,25930,13,3542
2024-08-28T18:30:00Z,26587,2357,1690,25920,9,3543
2024-10-10T06:00:00Z,21978,1921,5856,25913,533,3544
2024-08-02T00:30:00Z,19827,511,6595,25911,8,3545
2024-10-23T02:00:00Z,20504,1576,6982,25910,9,3546
2024-09-07T10:30:00Z,22608,3036,6335,25907,12,3547
2024-09-24T11:30:00Z,26221,5176,4857,25902,11,3548
2024-10-23T13:30:00Z,26283,6986,6603,25900,10,3549
2024-11-11T06:30:00Z,25094,1498,2300,25896,17,3550
2024-11-01T02:00:00Z,19729,1657,7821,25893,806,3551
2024-11-07T01:30:00Z,20997,1041,5937,25893,854,3552
2024-09-11T07:30:00Z,23951,4263,6204,25892,10,3553
2024-07-05T09:00:00Z,23969,6060,7982,25891,7,3554
2024-07-04T20:00:00Z,24005,3760,5645,25890,2,3555
2024-08-03T21:00:00Z,22148,814,4556,25890,8,3556
2024-09-28T07:00:00Z,21231,852,5509,25888,14,3557
2024-11-13T13:00:00Z,29611,5247,1524,25888,9,3558
2024-09-10T22:00:00Z,22092,2810,6605,25887,4,3559
2024-08-03T21:30:00Z,21941,788,4728,25881,11,3560
2024-09-22T11:30:00Z,23527,2893,5247,25881,10,3561
2024-10-26T07:00:00Z,21874,1134,5136,25876,11,3562
2024-10-19T08:00:00Z,23072,1253,4056,25875,16,3563
2024-06-13T14:00:00Z,24148,6544,8269,25873,7,3564
2024-09-21T21:30:00Z,22534,1340,4677,25871,14,3565
2024-07-31T23:00:00Z,22064,500,4306,25870,8,3566
2024-10-07T06:00:00Z,21281,1160,5749,25870,370,3567
2024-11-13T02:00:00Z,21848,1006,5026,25868,826,3568
2024-07-10T18:30:00Z,24989,3362,4240,25867,12,3569
2024-11-03T23:00:00Z,21437,441,4871,25867,491,3570
2024-11-10T02:00:00Z,20496,551,5922,25867,577,3571
2024-07-12T21:30:00Z,23899,631,2598,25866,6,3572
2024-10-07T23:00:00Z,21371,812,5307,25866,9,3573
2024-07-17T23:30:00Z,20228,975,6610,25863,6,3574
2024-07-18T18:30:00Z,25856,3093,3097,25860,10,3575
2024-09-09T22:00:00Z,22217,2390,6033,25860,14,3576
2024-06-18T18:30:00Z,25342,3343,3860,25859,5,3577
2024-08-27T18:30:00Z,26455,2451,1854,25858,6,3578
2024-09-24T13:00:00Z,25869,5093,5082,25858,11,3579
2024-09-26T11:00:00Z,24997,7266,8127,25858,11,3580
2024-06-16T21:00:00Z,22267,1228,4818,25857,5,3581
2024-08-02T09:30:00Z,22764,6622,9709,25851,8,3582
2024-10-06T23:00:00Z,20650,1250,6449,25849,18,3583
2024-11-12T00:30:00Z,22881,1200,4167,25848,17,3584
2024-07-03T15:00:00Z,23452,6986,9381,25847,205,3585
2024-07-24T07:00:00Z,21488,1638,5996,25846,13,3586
2024-09-13T09:00:00Z,25051,5669,6462,25844,9,3587
2024-11-12T11:00:00Z,29788,4992,1042,25838,9,3588
2024-10-14T01:30:00Z,19894,1125,7065,25834,558,3589
2024-08-04T21:30:00Z,21586,2330,6570,25826,8,3590
2024-07-15T23:00:00Z,20985,608,5448,25825,14,3591
2024-08-17T19:30:00Z,23282,1358,3901,25825,12,3592
2024-09-25T13:00:00Z,26153,4307,3977,25823,12,3593
2024-11-18T03:30:00Z,20044,1139,6917,25822,810,3594
2024-09-22T15:00:00Z,24020,3026,4826,25820,12,3595
2024-08-13T07:30:00Z,22055,3797,7560,25818,9,3596
2024-10-26T13:30:00Z,23110,6032,8740,25818,8,3597
2024-07-26T21:30:00Z,23037,702,3482,25817,8,3598
2024-11-15T06:30:00Z,26882,1325,257,25814,16,3599
2024-09-25T12:30:00Z,26328,4398,3883,25813,10,3600
2024-10-23T13:00:00Z,26558,7247,6498,25809,10,3601
2024-11-13T10:00:00Z,29886,4818,739,25807,10,3602
2024-10-06T10:00:00Z,23288,4186,6704,25806,15,3603
2024-09-11T08:00:00Z,24400,5666,7071,25805,13,3604
2024-09-22T12:00:00Z,23797,3232,5236,25801,8,3605
2024-06-14T17:30:00Z,23636,4253,6411,25794,6,3606
2024-08-27T19:00:00Z,26088,1978,1683,25793,12,3607
2024-09-18T07:30:00Z,24715,1451,2528,25792,16,3608
2024-10-11T04:30:00Z,19609,1448,7630,25791,629,3609
2024-10-18T22:00:00Z,22842,3020,5969,25791,10,3610
2024-08-05T21:00:00Z,24671,1591,2710,25790,6,3611
2024-10-14T02:00:00Z,19962,1114,6939,25787,564,3612
2024-09-07T23:00:00Z,20296,525,6015,25786,8,3613
2024-07-16T08:00:00Z,23957,2496,4322,25783,20,3614
2024-07-24T20:30:00Z,24667,1873,2988,25782,6,3615
2024-06-06T19:30:00Z,24673,2381,3489,25781,1,3616
2024-11-20T05:00:00Z,22844,2849,5785,25780,82,3617
2024-08-24T20:30:00Z,22852,2406,5333,25779,6,3618
2024-08-08T20:30:00Z,24241,2794,4328,25775,9,3619
2024-07-29T23:00:00Z,21453,758,5079,25774,163,3620
2024-07-15T07:30:00Z,22730,2560,5600,25770,12,3621
2024-10-12T04:30:00Z,18690,1837,8916,25769,581,3622
2024-10-27T09:30:00Z,21795,4812,8785,25768,14,3623
2024-06-06T19:00:00Z,24967,3304,4104,25767,1,3624
2024-07-19T19:30:00Z,25053,2354,3067,25766,7,3625
2024-07-21T01:00:00Z,18192,1266,8840,25766,809,3626
2024-11-27T06:30:00Z,27641,1658,-220,25763,10,3627
2024-11-07T23:30:00Z,22339,1168,4591,25762,9,3628
2024-06-13T08:00:00Z,23631,4983,7112,25760,12,3629
2024-07-11T20:00:00Z,25121,1201,1839,25759,13,3630
2024-09-01T22:00:00Z,22616,838,3981,25759,15,3631
2024-09-24T15:30:00Z,25643,4278,4394,25759,14,3632
2024-07-15T07:00:00Z,21912,1971,5816,25757,11,3633
2024-10-14T00:30:00Z,19857,1135,7035,25757,297,3634
2024-07-18T19:00:00Z,25696,2268,2328,25756,7,3635
2024-09-26T14:00:00Z,24932,7568,8391,25755,10,3636
2024-08-10T18:30:00Z,22571,3486,6666,25751,6,3637
2024-08-02T18:00:00Z,24231,4262,5777,25746,13,3638
2024-07-10T09:30:00Z,24063,5516,7198,25745,9,3639
2024-07-25T07:30:00Z,23196,2197,4745,25744,10,3640
2024-10-22T14:00:00Z,25920,6473,6296,25743,8,3641
2024-07-19T22:30:00Z,23332,1214,3624,25742,9,3642
2024-08-18T19:00:00Z,22996,2180,4925,25741,9,3643
2024-10-27T07:00:00Z,18984,1162,7918,25740,734,3644
2024-09-25T14:00:00Z,26244,4244,3739,25739,8,3645
2024-07-29T22:30:00Z,22655,792,3873,25736,12,3646
2024-11-23T07:30:00Z,24261,5372,6845,25734,569,3647
2024-11-30T03:00:00Z,20535,3210,8408,25733,866,3648
2024-09-03T17:30:00Z,26551,2651,1832,25732,7,3649
2024-07-27T22:00:00Z,21644,492,4578,25730,9,3650
2024-12-03T23:30:00Z,24774,1740,2696,25730,853,3651
2024-11-22T02:30:00Z,23592,3493,5628,25727,869,3652
2024-10-07T10:00:00Z,26006,5713,5433,25726,14,3653
2024-07-28T18:30:00Z,22059,3296,6960,25723,13,3654
2024-10-02T16:30:00Z,27397,3608,1933,25722,9,3655
2024-08-31T19:00:00Z,22956,1842,4607,25721,7,3656
2024-08-31T21:30:00Z,21819,1857,5757,25719,5,3657
2024-09-22T14:00:00Z,24045,3474,5148,25719,7,3658
2024-07-15T09:00:00Z,23844,4577,6450,25717,9,3659
2024-10-18T00:00:00Z,20525,1050,6241,25716,8,3660
2024-09-02T07:30:00Z,23703,1011,3023,25715,15,3661
2024-08-24T11:00:00Z,21455,5365,9624,25714,4,3662
2024-08-08T16:30:00Z,24653,3907,4966,25712,10,3663
2024-08-28T07:00:00Z,21776,1738,5674,25712,9,3664
2024-08-16T19:00:00Z,24506,2819,4023,25710,11,3665
2024-09-13T16:30:00Z,23659,5066,7117,25710,9,3666
2024-06-17T23:00:00Z,21348,791,5152,25709,65,3667
2024-11-11T12:30:00Z,28775,5567,2498,25706,11,3668
2024-06-19T23:30:00Z,20033,1011,6683,25705,9,3669
2024-08-02T06:30:00Z,20735,1644,6614,25705,8,3670
2024-11-18T05:30:00Z,21684,1010,5031,25705,14,3671
2024-11-19T04:30:00Z,20799,1796,6702,25705,839,3672
2024-09-06T11:00:00Z,24490,6585,7799,25704,12,3673
2024-09-26T13:30:00Z,24922,7305,8086,25703,10,3674
2024-10-24T15:30:00Z,27086,4965,3582,25703,9,3675
2024-07-25T13:00:00Z,24582,5522,6641,25701,26,3676
2024-07-10T00:30:00Z,19134,1641,8206,25699,501,3677
2024-11-30T03:30:00Z,20205,3153,8645,25697,862,3678
2024-06-16T19:00:00Z,22811,3244,6122,25689,8,3679
2024-08-09T21:00:00Z,22945,2391,5134,25688,0,3680
2024-08-28T21:00:00Z,25541,1171,1318,25688,9,3681
2024-06-22T23:30:00Z,19176,1229,7740,25687,13,3682
2024-06-07T07:30:00Z,22309,5036,8413,25686,11,3683
2024-09-09T09:00:00Z,25582,3667,3771,25686,3,3684
2024-11-09T02:30:00Z,20612,352,5426,25686,874,3685
2024-09-14T21:30:00Z,22134,2492,6041,25683,13,3686
2024-08-29T21:00:00Z,25511,1167,1338,25682,10,3687
2024-10-18T02:00:00Z,19436,910,7155,25681,211,3688
2024-09-29T07:30:00Z,19631,1554,7603,25680,152,3689
2024-06-14T22:30:00Z,21683,765,4760,25678,12,3690
2024-06-13T13:30:00Z,24040,6700,8337,25677,7,3691
2024-07-18T20:00:00Z,25410,1052,1315,25673,4,3692
2024-09-08T12:00:00Z,22271,4485,7887,25673,14,3693
2024-07-15T22:30:00Z,22473,594,3792,25671,14,3694
2024-10-26T13:00:00Z,23180,6135,8626,25671,3,3695
2024-10-19T09:30:00Z,23931,2893,4628,25666,5,3696
2024-09-06T23:00:00Z,20915,981,5731,25665,14,3697
2024-07-11T20:30:00Z,24863,971,1772,25664,13,3698
2024-07-21T22:30:00Z,20883,782,5563,25664,9,3699
2024-10-26T14:30:00Z,23083,5529,8109,25663,7,3700
2024-08-27T19:30:00Z,25744,1739,1651,25656,12,3701
2024-09-04T17:00:00Z,25642,2865,2879,25656,16,3702
2024-11-02T07:00:00Z,21454,817,5011,25648,42,3703
2024-09-06T16:30:00Z,24812,4021,4853,25644,17,3704
2024-12-04T00:30:00Z,24875,1821,2586,25640,757,3705
2024-09-07T11:00:00Z,22679,3315,6274,25638,12,3706
2024-09-28T00:00:00Z,20681,1557,6514,25638,703,3707
2024-07-31T22:30:00Z,23354,515,2797,25636,8,3708
2024-10-12T22:00:00Z,22556,3747,6827,25636,860,3709
2024-11-19T04:00:00Z,20808,1912,6740,25636,827,3710
2024-07-04T19:00:00Z,24283,5305,6657,25635,7,3711
2024-07-05T07:00:00Z,22437,3233,6431,25635,10,3712
2024-06-24T16:00:00Z,23827,6565,8369,25631,8,3713
2024-11-17T07:30:00Z,21453,1555,5732,25630,255,3714
2024-06-25T23:00:00Z,22131,574,4072,25629,7,3715
2024-09-22T13:30:00Z,23937,3553,5242,25626,7,3716
2024-09-24T14:30:00Z,25192,4925,5357,25624,15,3717
2024-11-02T02:00:00Z,19853,544,6310,25619,281,3718
2024-10-15T02:00:00Z,20624,1306,6298,25616,339,3719
2024-08-21T19:30:00Z,25092,4070,4592,25614,8,3720
2024-11-19T05:30:00Z,21887,1668,5394,25613,526,3721
2024-09-13T06:30:00Z,23252,759,3118,25611,9,3722
2024-10-05T00:00:00Z,19982,2209,7838,25611,7,3723
2024-09-24T07:00:00Z,24743,840,1707,25610,4,3724
2024-10-04T23:30:00Z,20519,2249,7340,25610,7,3725
2024-07-22T08:30:00Z,23130,3723,6202,25609,10,3726
2024-09-29T15:00:00Z,23270,6067,8402,25605,12,3727
2024-10-13T13:00:00Z,25781,4595,4415,25601,15,3728
2024-06-15T23:00:00Z,19797,1112,6915,25600,669,3729
2024-10-13T07:30:00Z,21185,1214,5628,25599,19,3730
2024-11-01T05:30:00Z,19405,1545,7739,25599,824,3731
2024-06-06T18:00:00Z,24367,5137,6368,25598,9,3732
2024-09-20T22:00:00Z,21844,1475,5228,25597,11,3733
2024-06-20T22:30:00Z,22430,810,3974,25594,9,3734
2024-07-12T17:00:00Z,24743,3601,4446,25588,17,3735
2024-10-24T23:30:00Z,21203,1481,5865,25587,276,3736
2024-08-05T09:00:00Z,23149,6153,8590,25586,7,3737
2024-10-14T23:30:00Z,21237,1241,5590,25586,14,3738
2024-06-16T22:30:00Z,21162,1147,5569,25584,10,3739
2024-11-24T08:30:00Z,23474,4884,6993,25583,770,3740
2024-07-11T16:00:00Z,23516,4988,7052,25580,15,3741
2024-07-21T01:30:00Z,17827,1313,9064,25578,989,3742
2024-07-01T11:30:00Z,23639,6716,8653,25576,7,3743
2024-08-10T22:30:00Z,20581,788,5782,25575,0,3744
2024-07-08T16:00:00Z,24531,4668,5711,25574,7,3745
2024-12-05T06:30:00Z,26146,3409,2833,25570,14,3746
2024-09-12T17:30:00Z,27066,3413,1915,25568,17,3747
2024-10-18T03:00:00Z,19031,917,7454,25568,573,3748
2024-09-19T09:30:00Z,25489,4051,4125,25563,15,3749
2024-10-24T11:00:00Z,26726,8271,7105,25560,12,3750
2024-11-09T07:00:00Z,23096,321,2782,25557,14,3751
2024-11-03T07:00:00Z,19755,478,6279,25556,24,3752
2024-07-18T20:30:00Z,25137,784,1202,25555,4,3753
2024-08-14T08:00:00Z,24081,2514,3986,25553,6,3754
2024-11-10T02:30:00Z,20237,571,5887,25553,466,3755
2024-11-16T06:30:00Z,21638,2022,5932,25548,96,3756
2024-07-30T23:00:00Z,21825,566,4286,25545,10,3757
2024-06-16T22:00:00Z,21477,1167,5231,25541,13,3758
2024-06-30T23:00:00Z,19665,726,6602,25541,7,3759
2024-07-17T22:30:00Z,22882,953,3609,25538,9,3760
2024-07-22T22:30:00Z,21834,777,4479,25536,7,3761
2024-06-07T08:00:00Z,22348,6271,9458,25535,8,3762
2024-06-10T18:30:00Z,24598,4979,5913,25532,9,3763
2024-09-07T11:30:00Z,22713,3334,6152,25531,12,3764
2024-08-28T07:30:00Z,22165,2308,5673,25530,4,3765
2024-06-18T23:00:00Z,21043,784,5269,25528,11,3766
2024-06-11T08:00:00Z,23667,5342,7201,25526,9,3767
2024-07-02T09:30:00Z,24263,5971,7233,25525,10,3768
2024-09-21T22:00:00Z,21470,1345,5399,25524,16,3769
2024-10-05T21:30:00Z,23000,2951,5475,25524,16,3770
2024-10-05T01:00:00Z,19225,2169,8467,25523,7,3771
2024-10-05T02:00:00Z,19146,2155,8531,25522,7,3772
2024-11-13T06:30:00Z,26641,923,-197,25521,15,3773
2024-08-31T18:30:00Z,22889,2128,4759,25520,6,3774
2024-10-26T15:00:00Z,23406,5325,7439,25520,6,3775
2024-09-24T14:00:00Z,25374,5125,5269,25518,12,3776
2024-07-01T08:30:00Z,22553,4762,7723,25514,7,3777
2024-08-05T17:00:00Z,24319,4979,6173,25513,14,3778
2024-11-23T06:30:00Z,22428,4689,7774,25513,791,3779
2024-07-22T09:00:00Z,23595,4151,6068,25512,12,3780
2024-09-25T23:00:00Z,20842,1955,6625,25512,11,3781
2024-11-18T04:30:00Z,19857,1086,6737,25508,800,3782
2024-10-07T16:00:00Z,26399,3858,2966,25507,13,3783
2024-08-26T20:30:00Z,23846,1564,3223,25505,0,3784
2024-09-08T11:30:00Z,22206,4265,7562,25503,14,3785
2024-10-02T23:00:00Z,21743,1312,5067,25498,8,3786
2024-06-17T18:00:00Z,24902,4596,5191,25497,9,3787
2024-09-02T22:00:00Z,23323,1140,3314,25497,7,3788
2024-09-22T14:30:00Z,23880,3443,5060,25497,9,3789
2024-10-14T03:00:00Z,19424,1083,7154,25495,832,3790
2024-08-17T19:00:00Z,23354,1754,3892,25492,14,3791
2024-11-30T02:30:00Z,20872,3266,7886,25492,751,3792
2024-08-01T07:30:00Z,22893,1535,4130,25488,7,3793
2024-10-13T11:00:00Z,25385,4251,4352,25486,15,3794
2024-07-20T01:00:00Z,19554,1076,7006,25484,16,3795
2024-10-14T01:00:00Z,19662,1130,6951,25483,537,3796
2024-07-16T23:00:00Z,21247,879,5113,25481,10,3797
2024-06-20T18:30:00Z,24533,3352,4299,25480,7,3798
2024-09-26T23:00:00Z,20187,3263,8555,25479,691,3799
2024-09-07T22:30:00Z,21190,539,4827,25478,8,3800
2024-09-24T23:00:00Z,20873,969,5573,25477,12,3801
2024-10-31T02:00:00Z,19846,1460,7091,25477,436,3802
2024-09-23T21:30:00Z,24777,916,1615,25476,10,3803
2024-07-15T12:00:00Z,24490,5192,6177,25475,6,3804
2024-10-02T11:00:00Z,27366,5411,3520,25475,7,3805
2024-08-13T08:30:00Z,22585,6015,8897,25467,11,3806
2024-10-18T03:30:00Z,18645,950,7772,25467,568,3807
2024-11-12T11:30:00Z,29584,5324,1203,25463,9,3808
2024-07-19T18:30:00Z,24978,3898,4381,25461,6,3809
2024-09-28T00:30:00Z,20390,1499,6570,25461,704,3810
2024-07-02T07:30:00Z,22558,3230,6132,25460,17,3811
2024-10-20T00:00:00Z,19281,1636,7815,25460,13,3812
2024-08-02T01:00:00Z,19362,527,6623,25458,6,3813
2024-09-08T08:30:00Z,20347,1619,6728,25456,10,3814
2024-06-24T23:30:00Z,20985,738,5206,25453,3,3815
2024-07-01T09:30:00Z,23189,5568,7832,25453,7,3816
2024-07-26T19:00:00Z,23852,2500,4101,25453,4,3817
2024-07-29T23:30:00Z,20678,723,5495,25450,14,3818
2024-08-14T09:00:00Z,24408,3973,5014,25449,14,3819
2024-09-14T00:30:00Z,18562,1643,8526,25445,18,3820
2024-06-12T23:00:00Z,21650,485,4279,25444,11,3821
2024-10-09T02:00:00Z,19430,2037,8050,25443,821,3822
2024-11-03T23:30:00Z,20790,422,5075,25443,788,3823
2024-07-24T20:00:00Z,24517,2030,2953,25440,6,3824
2024-08-17T18:30:00Z,23336,2334,4438,25440,17,3825
2024-10-26T00:00:00Z,20983,831,5288,25440,7,3826
2024-07-18T06:30:00Z,21106,2033,6366,25439,17,3827
2024-08-28T23:00:00Z,21135,1079,5383,25439,16,3828
2024-07-15T09:30:00Z,23973,4981,6443,25435,8,3829
2024-06-19T17:30:00Z,23954,5750,7229,25433,6,3830
2024-10-14T02:30:00Z,19543,1102,6991,25432,680,3831
2024-07-24T06:30:00Z,20621,1070,5878,25429,10,3832
2024-08-14T08:30:00Z,24499,3224,4153,25428,12,3833
2024-08-28T12:00:00Z,23669,7860,9619,25428,14,3834
2024-09-17T00:00:00Z,19351,702,6778,25427,280,3835
2024-10-10T14:30:00Z,25920,6069,5575,25426,12,3836
2024-06-26T17:00:00Z,24088,6523,7860,25425,8,3837
2024-11-07T02:00:00Z,20619,1050,5855,25424,846,3838
2024-06-13T21:00:00Z,24446,3455,4431,25422,10,3839
2024-06-22T18:00:00Z,20695,5025,9752,25422,7,3840
2024-10-06T08:30:00Z,21704,2665,6382,25421,185,3841
2024-07-20T01:30:00Z,19231,1046,7235,25420,86,3842
2024-11-03T02:00:00Z,19135,585,6870,25420,754,3843
2024-09-07T15:00:00Z,22521,3111,6008,25418,11,3844
2024-06-27T00:30:00Z,19758,1599,7258,25417,13,3845
2024-07-11T18:00:00Z,25261,3036,3192,25417,12,3846
2024-09-06T22:30:00Z,22001,1028,4443,25416,14,3847
2024-06-27T01:00:00Z,19381,1633,7667,25415,13,3848
2024-11-12T00:00:00Z,22624,1183,3974,25415,8,3849
2024-10-30T02:30:00Z,19633,385,6166,25414,281,3850
2024-07-03T21:30:00Z,23263,2890,5037,25410,9,3851
2024-09-08T08:00:00Z,19757,1255,6908,25410,10,3852
2024-11-30T04:00:00Z,19852,3049,8607,25410,860,3853
2024-07-09T07:00:00Z,22519,2637,5526,25408,11,3854
2024-07-25T13:30:00Z,24531,5764,6640,25407,11,3855
2024-10-23T06:30:00Z,24676,1579,2308,25405,17,3856
2024-10-29T06:30:00Z,24360,804,1848,25404,13,3857
2024-06-28T23:30:00Z,19941,1250,6711,25402,6,3858
2024-09-18T07:00:00Z,24031,1045,2414,25400,10,3859
2024-06-09T17:00:00Z,21511,5193,9081,25399,12,3860
2024-07-22T07:30:00Z,21922,2666,6142,25398,10,3861
2024-08-15T22:30:00Z,21754,1418,5056,25392,3,3862
2024-06-20T23:00:00Z,21033,855,5213,25391,12,3863
2024-10-08T00:30:00Z,19842,833,6380,25389,13,3864
2024-06-06T08:30:00Z,22549,6547,9384,25386,9,3865
2024-12-03T05:00:00Z,22182,388,3592,25386,170,3866
2024-12-04T01:00:00Z,24731,1675,2330,25386,729,3867
2024-09-25T11:30:00Z,26196,4500,3687,25383,10,3868
2024-08-06T18:30:00Z,24348,4431,5465,25382,6,3869
2024-09-26T11:30:00Z,24915,7795,8262,25382,9,3870
2024-07-18T00:00:00Z,19839,971,6512,25380,9,3871
2024-08-28T18:00:00Z,26673,3018,1725,25380,5,3872
2024-09-24T12:30:00Z,26113,5590,4857,25380,11,3873
2024-09-03T11:30:00Z,24698,6069,6745,25374,12,3874
2024-11-23T07:00:00Z,23428,5031,6977,25374,475,3875
2024-12-04T01:30:00Z,24443,1529,2459,25373,811,3876
2024-08-20T19:00:00Z,24084,4310,5598,25372,5,3877
2024-10-06T12:30:00Z,24430,5436,6376,25370,8,3878
2024-06-30T16:30:00Z,21227,4539,8681,25369,16,3879
2024-10-04T04:00:00Z,18926,1480,7919,25365,4,3880
2024-07-03T14:30:00Z,23348,6880,8896,25364,561,3881
2024-11-01T03:00:00Z,19035,1666,7994,25363,842,3882
2024-08-24T20:00:00Z,22550,2443,5254,25361,4,3883
2024-11-26T04:00:00Z,20666,2005,6693,25354,886,3884
2024-09-22T10:00:00Z,22578,2193,4965,25350,10,3885
2024-07-02T07:00:00Z,21868,2614,6095,25349,7,3886
2024-09-04T07:30:00Z,24201,1448,2596,25349,7,3887
2024-11-01T02:30:00Z,19315,1653,7686,25348,838,3888
2024-08-02T17:30:00Z,23874,5268,6741,25347,12,3889
2024-08-31T17:30:00Z,22441,3193,6099,25347,1,3890
2024-08-28T12:30:00Z,23525,7841,9662,25346,14,3891
2024-11-29T03:00:00Z,21900,3405,6851,25346,932,3892
2024-06-12T00:00:00Z,20071,598,5871,25344,25,3893
2024-07-07T23:00:00Z,19947,486,5882,25343,7,3894
2024-09-20T17:00:00Z,25064,3529,3805,25340,17,3895
2024-09-06T06:30:00Z,21696,1617,5256,25335,19,3896
2024-06-30T23:30:00Z,18911,729,7150,25332,7,3897
2024-09-25T12:00:00Z,26231,4515,3612,25328,11,3898
2024-10-15T01:30:00Z,20657,1315,5986,25328,305,3899
2024-06-14T18:00:00Z,23955,3643,5015,25327,1,3900
2024-07-11T08:00:00Z,23965,3959,5319,25325,11,3901
2024-07-13T22:30:00Z,20755,871,5441,25325,10,3902
2024-10-26T01:00:00Z,20358,808,5775,25325,7,3903
2024-11-25T06:30:00Z,25057,4800,5066,25323,114,3904
2024-10-05T00:30:00Z,19490,2169,8001,25322,7,3905
2024-09-04T09:00:00Z,24922,4055,4454,25321,8,3906
2024-07-29T07:00:00Z,20949,2630,7001,25320,13,3907
2024-07-19T20:00:00Z,24804,1816,2330,25318,9,3908
2024-09-26T13:00:00Z,25121,7846,8039,25314,13,3909
2024-08-24T21:00:00Z,22230,2409,5490,25311,11,3910
2024-10-03T06:00:00Z,21954,861,4218,25311,7,3911
2024-07-16T09:30:00Z,24583,3604,4331,25310,11,3912
2024-07-19T08:30:00Z,22796,6098,8610,25308,16,3913
2024-06-10T23:00:00Z,21287,1621,5641,25307,12,3914
2024-06-20T23:30:00Z,20143,899,6062,25306,8,3915
2024-06-15T23:30:00Z,19048,1113,7368,25303,420,3916
2024-07-02T23:30:00Z,19665,987,6625,25303,12,3917
2024-09-29T00:00:00Z,19674,676,6301,25299,11,3918
2024-09-29T11:30:00Z,23108,5770,7961,25299,14,3919
2024-07-13T17:30:00Z,22301,3140,6131,25292,6,3920
2024-09-24T12:00:00Z,26142,5661,4810,25291,11,3921
2024-10-13T12:30:00Z,25746,4731,4275,25290,15,3922
2024-07-24T00:00:00Z,20013,298,5574,25289,7,3923
2024-11-08T02:00:00Z,20561,972,5700,25289,580,3924
2024-10-22T11:30:00Z,26606,7660,6340,25286,11,3925
2024-07-11T17:00:00Z,24657,4212,4840,25285,12,3926
2024-09-17T00:30:00Z,19069,690,6906,25285,277,3927
2024-10-23T02:30:00Z,20178,1597,6700,25281,10,3928
2024-07-23T17:30:00Z,24475,4056,4861,25280,5,3929
2024-10-26T01:30:00Z,20291,826,5813,25278,7,3930
2024-11-04T00:30:00Z,20986,395,4687,25278,841,3931
2024-07-05T23:00:00Z,20804,774,5246,25276,8,3932
2024-06-25T08:00:00Z,23369,4144,6050,25275,7,3933
2024-09-12T22:30:00Z,23129,882,3023,25270,13,3934
2024-09-04T23:30:00Z,19255,970,6977,25262,13,3935
2024-11-14T03:30:00Z,20304,927,5885,25262,840,3936
2024-08-22T18:00:00Z,24897,4010,4372,25259,0,3937
2024-11-13T02:30:00Z,21341,1004,4922,25259,830,3938
2024-11-23T22:00:00Z,23262,5235,7231,25258,759,3939
2024-09-17T17:30:00Z,25928,2938,2267,25257,9,3940
2024-09-29T07:00:00Z,18731,1249,7775,25257,53,3941
2024-06-30T17:00:00Z,21762,4116,7609,25255,14,3942
2024-08-16T18:30:00Z,24201,3810,4863,25254,11,3943
2024-10-15T06:30:00Z,24870,1404,1787,25253,13,3944
2024-10-24T06:30:00Z,24248,3078,4082,25252,189,3945
2024-11-11T13:00:00Z,28570,5279,1961,25252,8,3946
2024-07-03T14:00:00Z,23409,7159,9001,25251,337,3947
2024-10-20T12:00:00Z,25242,6554,6563,25251,852,3948
2024-09-07T23:30:00Z,19565,510,6194,25249,6,3949
2024-10-12T13:30:00Z,22809,7326,9766,25249,9,3950
2024-09-26T12:30:00Z,24879,7517,7883,25245,8,3951
2024-08-06T22:30:00Z,21616,1772,5400,25244,11,3952
2024-11-17T00:30:00Z,21516,2519,6240,25237,858,3953
2024-09-18T09:30:00Z,25400,4394,4229,25235,16,3954
2024-07-06T22:00:00Z,20797,1232,5669,25234,5,3955
2024-07-27T19:30:00Z,22373,1359,4220,25234,9,3956
2024-08-27T21:30:00Z,23893,1653,2994,25234,16,3957
2024-11-16T01:30:00Z,21465,2517,6286,25234,590,3958
2024-06-16T21:30:00Z,21636,1186,4779,25229,9,3959
2024-06-21T22:30:00Z,21200,1147,5176,25229,8,3960
2024-10-15T02:30:00Z,20165,1297,6361,25229,579,3961
2024-09-07T12:00:00Z,22900,3714,6042,25228,12,3962
2024-10-14T06:30:00Z,25170,1010,1066,25226,9,3963
2024-10-18T04:00:00Z,18620,1085,7689,25224,573,3964
2024-06-21T18:30:00Z,23126,4043,6139,25222,7,3965
2024-06-27T08:30:00Z,23028,6596,8788,25220,6,3966
2024-11-12T01:00:00Z,22302,1199,4116,25219,616,3967
2024-09-08T10:00:00Z,21664,3497,7051,25218,10,3968
2024-07-19T19:00:00Z,24977,3103,3342,25216,5,3969
2024-06-26T16:30:00Z,23443,7346,9118,25215,8,3970
2024-10-05T02:30:00Z,18848,2142,8509,25215,7,3971
2024-11-29T03:30:00Z,21616,3399,6997,25214,925,3972
2024-11-27T03:00:00Z,22544,1176,3845,25213,65,3973
2024-07-25T12:00:00Z,24789,5438,5856,25207,7,3974
2024-06-18T23:30:00Z,19965,761,6002,25206,11,3975
2024-06-06T22:30:00Z,22417,1128,3914,25203,9,3976
2024-07-23T08:00:00Z,23140,3341,5404,25203,7,3977
2024-09-08T12:30:00Z,22039,4816,7978,25201,14,3978
2024-11-05T22:30:00Z,24967,749,982,25200,9,3979
2024-07-01T09:00:00Z,22956,5460,7702,25198,7,3980
2024-07-11T21:00:00Z,24471,859,1584,25196,11,3981
2024-10-08T01:00:00Z,19682,837,6351,25196,13,3982
2024-07-03T13:00:00Z,23554,6781,8421,25194,9,3983
2024-08-09T21:30:00Z,22661,2389,4922,25194,0,3984
2024-11-01T03:30:00Z,18871,1679,8002,25194,781,3985
2024-10-17T16:00:00Z,25822,4664,4035,25193,11,3986
2024-07-31T18:00:00Z,25115,3472,3548,25191,10,3987
2024-07-07T18:00:00Z,22293,4357,7252,25188,7,3988
2024-10-18T04:30:00Z,18542,1220,7866,25188,452,3989
2024-10-09T22:30:00Z,22112,3239,6314,25187,794,3990
2024-09-06T23:30:00Z,20264,933,5854,25185,14,3991
2024-06-27T01:30:00Z,19106,1667,7743,25182,17,3992
2024-09-04T07:00:00Z,23571,867,2476,25180,10,3993
2024-09-28T01:00:00Z,20203,1474,6451,25180,700,3994
2024-06-23T00:00:00Z,18610,1188,7757,25179,14,3995
2024-06-07T22:00:00Z,21857,1998,5317,25176,10,3996
2024-10-23T15:00:00Z,26254,5071,3992,25175,7,3997
2024-09-29T01:30:00Z,18768,753,7155,25170,8,3998
2024-08-22T22:30:00Z,20931,2051,6287,25167,9,3999
2024-09-05T00:00:00Z,18754,1000,7412,25166,16,4000
2024-10-15T00:00:00Z,20754,1275,5687,25166,14,4001
2024-10-04T04:30:00Z,18918,1504,7747,25161,122,4002
2024-06-15T18:30:00Z,22517,3270,5910,25157,6,4003
2024-09-19T22:30:00Z,21538,1331,4950,25157,11,4004
2024-08-06T23:30:00Z,19355,1738,7539,25156,60,4005
2024-10-22T13:00:00Z,26138,7394,6411,25155,10,4006
2024-11-04T00:00:00Z,20718,409,4845,25154,840,4007
2024-10-08T00:00:00Z,19961,823,6014,25152,13,4008
2024-10-26T14:00:00Z,22928,5954,8177,25151,4,4009
2024-11-16T02:00:00Z,21057,2459,6551,25149,588,4010
2024-10-18T02:30:00Z,18994,884,7038,25148,346,4011
2024-06-25T17:30:00Z,24952,4851,5044,25145,12,4012
2024-08-30T22:30:00Z,21099,705,4751,25145,11,4013
2024-06-29T17:30:00Z,21182,4715,8677,25144,15,4014
2024-11-22T06:30:00Z,28659,2885,-630,25144,13,4015
2024-09-23T07:30:00Z,25721,803,224,25142,7,4016
2024-10-22T12:00:00Z,26437,7603,6308,25142,11,4017
2024-07-24T08:30:00Z,23092,4017,6063,25138,7,4018
2024-09-22T16:00:00Z,24438,2502,3201,25137,10,4019
2024-06-23T23:30:00Z,19370,553,6318,25135,12,4020
2024-07-10T06:00:00Z,19819,1899,7213,25133,102,4021
2024-10-26T00:30:00Z,20488,789,5432,25131,7,4022
2024-07-16T17:00:00Z,25163,4682,4648,25129,12,4023
2024-08-26T19:30:00Z,23808,1449,2769,25128,0,4024
2024-08-23T21:30:00Z,22475,1934,4582,25123,1,4025
2024-08-23T18:30:00Z,23330,3240,5031,25121,2,4026
2024-10-06T23:30:00Z,19870,1248,6493,25115,19,4027
2024-08-02T22:00:00Z,22447,1425,4092,25114,9,4028
2024-12-04T00:00:00Z,24256,1781,2638,25113,769,4029
2024-08-13T22:30:00Z,22562,1270,3819,25111,12,4030
2024-09-05T06:30:00Z,21002,1876,5985,25111,23,4031
2024-10-05T06:00:00Z,19061,2114,8164,25111,17,4032
2024-10-22T13:30:00Z,25850,7180,6437,25107,8,4033
2024-07-01T10:30:00Z,23341,6393,8157,25105,7,4034
2024-09-08T23:00:00Z,19068,1899,7936,25105,11,4035
2024-09-28T06:30:00Z,20241,874,5738,25105,13,4036
2024-10-08T01:30:00Z,19601,840,6343,25104,13,4037
2024-07-20T08:00:00Z,20287,3212,8028,25103,10,4038
2024-07-20T16:00:00Z,21601,3997,7498,25102,8,4039
2024-06-13T13:00:00Z,24020,7064,8145,25101,7,4040
2024-11-02T02:30:00Z,19336,568,6332,25100,279,4041
2024-09-26T06:00:00Z,20729,2358,6728,25099,18,4042
2024-10-03T15:00:00Z,23689,5712,7122,25099,9,4043
2024-08-03T20:00:00Z,22160,1117,4054,25097,12,4044
2024-07-20T07:00:00Z,19069,2221,8248,25096,25,4045
2024-08-01T07:00:00Z,22096,1019,4019,25096,11,4046
2024-11-19T05:00:00Z,21077,1732,5747,25092,746,4047
2024-08-16T21:00:00Z,24400,1678,2365,25087,11,4048
2024-10-05T09:30:00Z,22199,6458,9346,25087,6,4049
2024-10-17T23:30:00Z,20762,1076,5401,25087,8,4050
2024-08-13T17:00:00Z,24691,5443,5836,25084,10,4051
2024-10-18T10:30:00Z,26369,7334,6049,25084,9,4052
2024-10-18T16:00:00Z,26394,4618,3307,25083,11,4053
2024-07-29T18:00:00Z,24752,4450,4779,25081,15,4054
2024-09-22T09:30:00Z,22133,2052,5000,25081,10,4055
2024-07-10T01:00:00Z,18831,1632,7879,25078,588,4056
2024-09-29T02:00:00Z,18512,782,7348,25078,8,4057
2024-11-30T04:30:00Z,19792,2944,8227,25075,577,4058
2024-06-30T01:00:00Z,17709,848,8210,25071,3,4059
2024-08-01T17:30:00Z,24839,4210,4441,25070,12,4060
2024-10-07T23:30:00Z,20421,812,5460,25069,9,4061
2024-11-06T06:30:00Z,25744,665,-11,25068,12,4062
2024-06-06T17:30:00Z,23565,6109,7610,25066,17,4063
2024-10-31T02:30:00Z,19559,1481,6982,25060,582,4064
2024-11-23T06:00:00Z,21491,4275,7841,25057,865,4065
2024-08-28T13:00:00Z,23122,7777,9711,25056,14,4066
2024-08-21T17:30:00Z,25268,5812,5599,25055,6,4067
2024-07-20T08:30:00Z,20885,3814,7982,25053,10,4068
2024-09-22T21:00:00Z,23711,952,2293,25052,11,4069
2024-10-15T00:30:00Z,20507,1309,5854,25052,15,4070
2024-10-07T15:30:00Z,25222,4681,4507,25048,9,4071
2024-08-28T17:30:00Z,26262,3726,2510,25046,11,4072
2024-11-07T02:30:00Z,20428,1059,5677,25046,809,4073
2024-10-13T07:00:00Z,20365,1371,6051,25045,250,4074
2024-11-18T06:00:00Z,24082,963,1926,25045,8,4075
2024-07-22T07:00:00Z,21240,2183,5986,25043,9,4076
2024-08-13T09:00:00Z,22615,7046,9470,25039,11,4077
2024-09-29T00:30:00Z,19356,713,6393,25036,11,4078
2024-08-02T10:00:00Z,22257,7597,10374,25034,8,4079
2024-11-26T04:30:00Z,20879,1876,6031,25034,762,4080
2024-08-20T09:00:00Z,23098,6632,8567,25033,11,4081
2024-06-17T23:30:00Z,20273,792,5549,25030,70,4082
2024-08-31T18:00:00Z,22667,2666,5028,25029,1,4083
2024-07-14T23:30:00Z,19113,417,6330,25026,8,4084
2024-07-12T09:00:00Z,24392,4206,4839,25025,13,4085
2024-09-15T14:30:00Z,21648,5309,8685,25024,9,4086
2024-08-30T23:00:00Z,19966,719,5776,25023,9,4087
2024-08-01T09:00:00Z,23462,3822,5382,25022,6,4088
2024-08-02T01:30:00Z,19139,542,6425,25022,6,4089
2024-06-26T07:30:00Z,23038,3211,5191,25018,13,4090
2024-08-03T20:30:00Z,21980,846,3884,25018,12,4091
2024-08-07T22:30:00Z,21055,1931,5894,25018,14,4092
2024-08-19T09:30:00Z,23373,5370,7015,25018,15,4093
2024-08-29T08:30:00Z,22968,5214,7261,25015,19,4094
2024-08-28T13:30:00Z,23027,7670,9657,25014,12,4095
2024-09-08T22:30:00Z,20201,1870,6683,25014,10,4096
2024-11-01T05:00:00Z,18811,1588,7791,25014,827,4097
2024-08-24T11:30:00Z,21219,5879,9673,25013,5,4098
2024-07-27T22:30:00Z,20919,502,4595,25012,9,4099
2024-09-08T10:30:00Z,21728,4127,7409,25010,10,4100
2024-09-26T12:00:00Z,24970,8163,8201,25008,8,4101
2024-07-31T23:30:00Z,20984,485,4508,25007,8,4102
2024-08-21T20:00:00Z,24682,3997,4321,25006,7,4103
2024-10-22T12:30:00Z,26002,7288,6292,25006,11,4104
2024-10-04T05:30:00Z,20147,1525,6382,25004,7,4105
2024-07-15T10:00:00Z,23931,5160,6232,25003,8,4106
2024-06-12T17:00:00Z,24656,4952,5297,25001,7,4107
2024-06-14T23:00:00Z,20633,770,5138,25001,12,4108
2024-07-15T00:00:00Z,18715,390,6676,25001,9,4109
2024-07-30T22:30:00Z,22834,597,2764,25001,10,4110
2024-08-19T10:00:00Z,23040,5964,7924,25000,15,4111
2024-09-29T12:00:00Z,23071,6000,7928,24999,14,4112
2024-09-29T12:30:00Z,23257,6160,7902,24999,10,4113
2024-07-18T23:00:00Z,22151,798,3645,24998,9,4114
2024-07-04T21:00:00Z,23509,3030,4511,24990,10,4115
2024-07-01T07:00:00Z,21375,2852,6466,24989,7,4116
2024-09-08T11:00:00Z,22131,4598,7456,24989,10,4117
2024-07-30T18:00:00Z,25318,4088,3757,24987,11,4118
2024-09-15T22:30:00Z,20917,796,4866,24987,9,4119
2024-09-29T13:30:00Z,23221,6213,7977,24985,14,4120
2024-07-02T17:00:00Z,23730,5913,7164,24981,12,4121
2024-10-17T06:00:00Z,21590,1341,4731,24980,29,4122
2024-07-24T15:00:00Z,23798,6500,7681,24979,9,4123
2024-11-08T06:30:00Z,25233,797,541,24977,9,4124
2024-12-02T01:30:00Z,20365,2256,6868,24977,889,4125
2024-09-07T14:00:00Z,22567,3681,6088,24974,13,4126
2024-06-13T21:30:00Z,23885,3440,4527,24972,12,4127
2024-07-20T07:30:00Z,19559,2712,8124,24971,12,4128
2024-09-25T23:30:00Z,20049,1974,6893,24968,12,4129
2024-09-11T22:30:00Z,22195,2284,5056,24967,10,4130
2024-11-12T06:00:00Z,24375,1101,1693,24967,11,4131
2024-07-18T08:30:00Z,22873,5515,7608,24966,12,4132
2024-07-11T09:00:00Z,24069,5158,6054,24965,15,4133
2024-08-13T06:00:00Z,19459,1602,7105,24962,69,4134
2024-08-13T06:30:00Z,20187,2240,7015,24962,16,4135
2024-07-01T23:30:00Z,19510,1681,7132,24961,215,4136
2024-09-29T13:00:00Z,23230,6284,8015,24961,14,4137
2024-06-11T16:00:00Z,23791,5120,6285,24956,7,4138
2024-07-12T16:30:00Z,24186,3831,4600,24955,14,4139
2024-08-28T23:30:00Z,19903,1079,6129,24953,10,4140
2024-09-29T01:00:00Z,18918,733,6768,24953,8,4141
2024-08-03T22:00:00Z,21195,766,4523,24952,11,4142
2024-08-22T17:30:00Z,24775,5098,5275,24952,2,4143
2024-07-12T23:00:00Z,20745,649,4850,24946,14,4144
2024-10-08T05:00:00Z,19220,1088,6813,24945,98,4145
2024-11-17T07:00:00Z,20793,1560,5712,24945,563,4146
2024-11-26T06:00:00Z,24608,1542,1879,24945,53,4147
2024-07-10T18:00:00Z,24745,4041,4240,24944,10,4148
2024-11-13T10:30:00Z,29390,5244,797,24943,8,4149
2024-07-22T09:30:00Z,23481,4601,6061,24941,12,4150
2024-09-24T13:30:00Z,25384,5565,5121,24940,11,4151
2024-07-11T15:30:00Z,23114,5341,7158,24931,15,4152
2024-06-18T07:00:00Z,22624,2724,5029,24929,12,4153
2024-09-07T13:00:00Z,22659,3961,6231,24929,12,4154
2024-09-29T14:30:00Z,22833,6348,8442,24927,11,4155
2024-06-18T17:30:00Z,24457,4613,5081,24925,5,4156
2024-09-09T09:30:00Z,25513,4374,3781,24920,6,4157
2024-08-28T16:30:00Z,24839,5406,5486,24919,10,4158
2024-08-19T10:30:00Z,22890,6192,8220,24918,14,4159
2024-10-17T10:00:00Z,25810,6313,5421,24918,10,4160
2024-06-28T18:30:00Z,22280,5387,8020,24913,16,4161
2024-10-21T23:00:00Z,22124,2410,5199,24913,11,4162
2024-07-08T08:00:00Z,23113,4236,6034,24911,4,4163
2024-10-23T23:00:00Z,21560,2810,6161,24911,736,4164
2024-06-26T07:00:00Z,22527,2434,4816,24909,13,4165
2024-07-24T00:30:00Z,19646,282,5544,24908,14,4166
2024-09-18T22:30:00Z,21390,1482,5000,24908,7,4167
2024-07-18T00:30:00Z,19295,966,6575,24904,295,4168
2024-09-07T12:30:00Z,22688,3835,6051,24904,12,4169
2024-08-24T19:30:00Z,22196,2608,5315,24903,4,4170
2024-06-18T08:00:00Z,23606,4341,5636,24901,12,4171
2024-07-03T00:30:00Z,18785,957,7073,24901,130,4172
2024-07-03T06:30:00Z,20770,1891,6022,24901,17,4173
2024-07-28T23:00:00Z,19683,1010,6226,24899,15,4174
2024-08-29T21:30:00Z,24616,1151,1434,24899,16,4175
2024-10-06T10:30:00Z,23327,4976,6548,24899,11,4176
2024-11-13T12:30:00Z,29332,5624,1190,24898,9,4177
2024-07-30T07:00:00Z,21165,2225,5955,24895,8,4178
2024-10-15T01:00:00Z,20429,1312,5777,24894,273,4179
2024-11-16T23:30:00Z,21339,2460,6015,24894,842,4180
2024-07-02T10:00:00Z,23976,5998,6914,24892,12,4181
2024-07-03T13:30:00Z,23396,7260,8756,24892,326,4182
2024-11-22T03:00:00Z,23179,3480,5193,24892,878,4183
2024-09-25T13:30:00Z,25938,4826,3779,24891,8,4184
2024-10-17T23:00:00Z,21222,1086,4752,24888,8,4185
2024-06-08T19:00:00Z,20866,4888,8909,24887,3,4186
2024-11-10T22:30:00Z,22609,1785,4062,24886,15,4187
2024-09-01T22:30:00Z,21551,803,4134,24882,14,4188
2024-10-06T08:00:00Z,20916,2347,6313,24882,65,4189
2024-07-18T02:00:00Z,18561,942,7261,24880,863,4190
2024-10-16T23:00:00Z,21733,1079,4221,24875,6,4191
2024-09-24T15:00:00Z,25012,4590,4452,24874,15,4192
2024-07-29T07:30:00Z,21392,3556,7035,24871,13,4193
2024-09-07T13:30:00Z,22551,3857,6177,24871,13,4194
2024-09-07T14:30:00Z,22562,3691,6000,24871,11,4195
2024-06-24T09:00:00Z,23319,6120,7671,24870,6,4196
2024-09-04T16:30:00Z,25064,3623,3429,24870,17,4197
2024-08-31T22:00:00Z,20764,1845,5949,24868,9,4198
2024-10-20T12:30:00Z,25158,6884,6593,24867,848,4199
2024-08-10T23:00:00Z,19808,757,5812,24863,3,4200
2024-07-16T23:30:00Z,20320,888,5430,24862,8,4201
2024-11-30T05:30:00Z,19716,2803,7945,24858,20,4202
2024-07-12T08:00:00Z,23726,3156,4287,24857,13,4203
2024-11-03T02:30:00Z,18701,566,6722,24857,849,4204
2024-11-17T00:00:00Z,21283,2490,6063,24856,850,4205
2024-07-13T23:00:00Z,19722,888,6021,24855,16,4206
2024-09-04T22:30:00Z,21756,885,3984,24855,10,4207
2024-10-14T03:30:00Z,19000,1063,6918,24855,826,4208
2024-08-09T19:00:00Z,23389,4172,5637,24854,0,4209
2024-10-20T00:30:00Z,18785,1787,7856,24854,13,4210
2024-07-01T10:00:00Z,23194,6055,7713,24852,7,4211
2024-06-30T01:30:00Z,17470,863,8244,24851,3,4212
2024-10-06T12:00:00Z,24049,5692,6493,24850,9,4213
2024-07-12T22:00:00Z,23038,635,2445,24848,15,4214
2024-08-02T06:00:00Z,19721,1205,6328,24844,9,4215
2024-07-11T22:00:00Z,23351,839,2331,24843,8,4216
2024-09-09T08:00:00Z,24892,2794,2745,24843,0,4217
2024-09-25T06:00:00Z,21316,406,3930,24840,16,4218
2024-07-15T23:30:00Z,20031,621,5429,24839,13,4219
2024-07-10T01:30:00Z,18604,1622,7856,24838,631,4220
2024-12-04T02:00:00Z,24013,1460,2283,24836,892,4221
2024-07-24T06:00:00Z,19622,684,5897,24835,11,4222
2024-08-28T14:30:00Z,23173,7467,9128,24834,14,4223
2024-06-07T18:00:00Z,23248,5597,7181,24832,8,4224
2024-10-27T15:00:00Z,22401,5818,8248,24831,14,4225
2024-07-22T23:00:00Z,20915,750,4664,24829,6,4226
2024-09-27T11:00:00Z,25508,8620,7940,24828,7,4227
2024-07-10T20:00:00Z,24401,1883,2306,24824,5,4228
2024-09-16T08:00:00Z,25358,2276,1741,24823,6,4229
2024-07-15T06:30:00Z,20074,1467,6215,24822,12,4230
2024-08-15T08:00:00Z,22307,4772,7287,24822,142,4231
2024-11-12T01:30:00Z,21895,1197,4124,24822,827,4232
2024-06-12T00:30:00Z,19771,556,5603,24818,66,4233
2024-06-18T18:00:00Z,24828,4080,4066,24814,5,4234
2024-09-01T15:30:00Z,21102,5184,8896,24814,200,4235
2024-09-21T08:30:00Z,21406,2533,5940,24813,8,4236
2024-06-18T07:30:00Z,23189,3517,5140,24812,12,4237
2024-06-26T08:00:00Z,23419,4161,5554,24812,13,4238
2024-07-15T10:30:00Z,23861,5309,6258,24810,8,4239
2024-07-23T08:30:00Z,23389,3981,5401,24809,9,4240
2024-11-11T23:30:00Z,22578,1165,3396,24809,6,4241
2024-06-12T08:30:00Z,23976,4211,5042,24807,8,4242
2024-07-03T12:30:00Z,23698,6905,8014,24807,8,4243
2024-10-05T03:00:00Z,18525,2123,8405,24807,7,4244
2024-09-20T22:30:00Z,20835,1451,5422,24806,11,4245
2024-09-24T23:30:00Z,20142,920,5583,24805,65,4246
2024-08-08T16:00:00Z,24203,4189,4785,24799,10,4247
2024-07-18T22:00:00Z,24221,776,1348,24793,15,4248
2024-11-10T23:00:00Z,21311,1805,5286,24792,287,4249
2024-09-21T08:00:00Z,20905,1909,5793,24789,11,4250
2024-11-26T05:30:00Z,22451,1677,4014,24788,507,4251
2024-09-11T17:00:00Z,24871,6196,6112,24787,7,4252
2024-07-01T07:30:00Z,21891,3672,6565,24784,7,4253
2024-08-14T16:30:00Z,23642,5221,6363,24784,14,4254
2024-11-30T22:30:00Z,22899,4805,6689,24783,68,4255
2024-07-03T00:00:00Z,19115,972,6637,24780,8,4256
2024-07-03T11:00:00Z,24022,6155,6911,24778,13,4257
2024-09-28T01:30:00Z,19896,1448,6329,24777,699,4258
2024-08-06T08:00:00Z,23050,3221,4944,24773,5,4259
2024-09-29T14:00:00Z,23105,6366,8032,24771,14,4260
2024-08-15T16:30:00Z,24025,5780,6525,24770,355,4261
2024-07-20T06:30:00Z,18409,1669,8029,24769,76,4262
2024-07-25T12:30:00Z,24623,6015,6161,24769,7,4263
2024-09-02T07:00:00Z,22451,718,3035,24768,13,4264
2024-10-19T10:00:00Z,23801,3755,4721,24767,8,4265
2024-07-23T07:30:00Z,22386,2573,4953,24766,8,4266
2024-08-16T07:00:00Z,21359,2249,5655,24765,11,4267
2024-06-25T00:00:00Z,20348,695,5110,24763,107,4268
2024-07-24T21:00:00Z,24443,1887,2207,24763,6,4269
2024-07-20T09:00:00Z,21293,4482,7947,24758,10,4270
2024-07-18T06:00:00Z,19830,1535,6462,24757,28,4271
2024-07-25T07:00:00Z,22063,1908,4602,24757,13,4272
2024-11-02T03:00:00Z,19194,630,6192,24756,279,4273
2024-11-16T06:00:00Z,20765,2050,6040,24755,438,4274
2024-09-30T23:00:00Z,21195,2424,5981,24752,335,4275
2024-08-19T15:30:00Z,23166,6343,7928,24751,240,4276
2024-11-05T23:00:00Z,23513,703,1941,24751,9,4277
2024-07-16T07:30:00Z,23214,2118,3654,24750,20,4278
2024-09-17T01:30:00Z,18679,657,6728,24750,277,4279
2024-09-17T02:00:00Z,18436,650,6963,24749,276,4280
2024-07-04T21:30:00Z,23378,2910,4280,24748,6,4281
2024-07-21T23:00:00Z,19787,833,5792,24746,8,4282
2024-08-21T20:30:00Z,24438,3960,4267,24745,6,4283
2024-09-30T06:30:00Z,22648,2610,4707,24745,156,4284
2024-07-23T07:00:00Z,21700,1911,4953,24742,8,4285
2024-07-26T22:00:00Z,22150,702,3293,24741,11,4286
2024-10-10T11:00:00Z,26202,6590,5129,24741,14,4287
2024-06-29T18:30:00Z,21731,3357,6366,24740,5,4288
2024-06-23T17:30:00Z,22215,4513,7034,24736,7,4289
2024-08-19T18:30:00Z,25110,4337,3960,24733,12,4290
2024-06-06T00:00:00Z,19178,1166,6719,24731,13,4291
2024-09-17T01:00:00Z,18764,674,6641,24731,278,4292
2024-08-19T16:30:00Z,23985,5817,6561,24729,13,4293
2024-11-29T04:30:00Z,21388,3421,6762,24729,917,4294
2024-09-09T08:30:00Z,24885,3155,2995,24725,5,4295
2024-08-09T22:00:00Z,21952,2377,5149,24724,0,4296
2024-07-11T08:30:00Z,23895,4573,5400,24722,14,4297
2024-08-14T09:30:00Z,24159,4560,5121,24720,14,4298
2024-06-12T06:30:00Z,21814,1362,4264,24716,7,4299
2024-09-10T09:00:00Z,25138,6122,5700,24716,11,4300
2024-07-30T00:00:00Z,20013,698,5396,24711,54,4301
2024-07-02T10:30:00Z,23703,5945,6950,24708,7,4302
2024-09-29T06:30:00Z,18174,1176,7708,24706,16,4303
2024-08-15T23:00:00Z,20802,1356,5255,24701,9,4304
2024-08-20T21:00:00Z,23784,3196,4113,24701,0,4305
2024-10-12T14:00:00Z,22335,7121,9486,24700,7,4306
2024-10-27T10:00:00Z,21773,6066,8993,24700,14,4307
2024-07-30T23:30:00Z,20745,534,4487,24698,10,4308
2024-08-12T18:00:00Z,25417,4402,3683,24698,8,4309
2024-09-29T02:30:00Z,18113,811,7391,24693,8,4310
2024-07-05T23:30:00Z,19873,797,5613,24689,7,4311
2024-09-06T11:30:00Z,24254,7297,7732,24689,12,4312
2024-09-14T01:00:00Z,18306,1711,8094,24689,18,4313
2024-07-29T08:00:00Z,21854,4623,7456,24687,11,4314
2024-08-05T21:30:00Z,23830,1565,2421,24686,10,4315
2024-09-26T01:30:00Z,18832,2104,7958,24686,128,4316
2024-11-29T04:00:00Z,21394,3410,6700,24684,929,4317
2024-06-10T18:00:00Z,24375,5904,6209,24680,10,4318
2024-06-19T00:00:00Z,19255,732,6157,24680,11,4319
2024-06-07T22:30:00Z,21119,2007,5566,24678,15,4320
2024-12-04T21:30:00Z,28378,5059,1358,24677,12,4321
2024-07-24T09:00:00Z,23221,4797,6252,24676,7,4322
2024-07-18T03:00:00Z,18140,934,7463,24669,981,4323
2024-07-06T22:30:00Z,20275,1204,5595,24666,15,4324
2024-09-21T22:30:00Z,20260,1350,5755,24665,16,4325
2024-11-08T02:30:00Z,20176,924,5413,24665,583,4326
2024-08-08T15:30:00Z,24085,4406,4984,24663,4,4327
2024-09-08T15:00:00Z,22100,5078,7640,24662,9,4328
2024-10-09T02:30:00Z,19021,2066,7707,24662,906,4329
2024-06-10T00:00:00Z,17993,1416,8079,24656,277,4330
2024-06-25T23:30:00Z,20994,539,4196,24651,6,4331
2024-07-15T11:30:00Z,24188,5610,6072,24650,6,4332
2024-07-18T02:30:00Z,18303,933,7278,24648,983,4333
2024-10-02T23:30:00Z,20745,1255,5157,24647,6,4334
2024-06-13T08:30:00Z,23408,5807,7045,24646,8,4335
2024-07-03T10:00:00Z,24012,5608,6240,24644,10,4336
2024-06-10T17:30:00Z,24056,6781,7366,24641,12,4337
2024-07-12T07:30:00Z,23339,2484,3786,24641,13,4338
2024-07-03T10:30:00Z,24237,5902,6301,24636,8,4339
2024-11-14T04:00:00Z,20083,856,5407,24634,836,4340
2024-10-19T07:30:00Z,21970,1210,3871,24631,16,4341
2024-07-14T17:00:00Z,22434,4472,6665,24627,15,4342
2024-09-17T23:00:00Z,20506,930,5051,24627,9,4343
2024-10-20T11:30:00Z,24916,6312,6023,24627,727,4344
2024-11-04T23:00:00Z,23217,375,1785,24627,10,4345
2024-11-11T00:00:00Z,20843,1844,5625,24624,652,4346
2024-09-20T10:30:00Z,24820,4937,4738,24621,8,4347
2024-09-22T09:00:00Z,21569,2005,5057,24621,10,4348
2024-06-20T00:30:00Z,19123,874,6369,24618,98,4349
2024-11-11T00:30:00Z,20865,1863,5615,24617,843,4350
2024-06-20T00:00:00Z,19227,943,6332,24616,63,4351
2024-07-18T01:30:00Z,18716,951,6849,24614,853,4352
2024-10-23T03:00:00Z,19896,1606,6323,24613,8,4353
2024-10-12T15:30:00Z,22306,6398,8702,24610,139,4354
2024-07-08T21:00:00Z,24155,1035,1488,24608,6,4355
2024-08-18T22:00:00Z,21229,992,4371,24608,11,4356
2024-07-16T16:30:00Z,24602,4824,4826,24604,13,4357
2024-09-14T01:30:00Z,18094,1778,8288,24604,289,4358
2024-10-06T11:30:00Z,23674,5511,6441,24604,14,4359
2024-08-26T19:00:00Z,23760,1678,2521,24603,1,4360
2024-06-06T01:00:00Z,18742,1113,6971,24600,80,4361
2024-09-12T23:00:00Z,21591,867,3875,24599,135,4362
2024-11-14T05:30:00Z,21728,639,3510,24599,36,4363
2024-08-30T18:00:00Z,23846,2782,3534,24598,8,4364
2024-07-31T08:00:00Z,23227,3501,4870,24596,5,4365
2024-06-29T00:00:00Z,19232,1194,6555,24593,4,4366
2024-10-29T03:00:00Z,19242,764,6113,24591,534,4367
2024-06-06T00:30:00Z,18952,1127,6759,24584,14,4368
2024-10-08T02:00:00Z,19309,847,6121,24583,13,4369
2024-08-24T07:30:00Z,19143,1718,7157,24582,110,4370
2024-06-06T23:00:00Z,21069,1141,4651,24579,11,4371
2024-07-18T03:30:00Z,17988,935,7526,24579,976,4372
2024-09-08T00:00:00Z,18780,463,6262,24579,6,4373
2024-11-03T06:30:00Z,18882,472,6167,24577,446,4374
2024-09-08T00:30:00Z,18345,416,6646,24575,6,4375
2024-07-06T19:30:00Z,20965,2866,6475,24574,11,4376
2024-09-07T00:00:00Z,19643,909,5839,24573,11,4377
2024-11-09T03:00:00Z,19951,337,4956,24570,871,4378
2024-06-24T00:00:00Z,18830,553,6292,24569,10,4379
2024-08-16T07:30:00Z,21988,3150,5731,24569,10,4380
2024-09-10T22:30:00Z,21150,2818,6236,24568,41,4381
2024-08-28T21:30:00Z,24480,1124,1211,24567,11,4382
2024-07-08T07:00:00Z,21994,2469,5040,24565,7,4383
2024-07-10T20:30:00Z,23900,1605,2269,24564,10,4384
2024-11-18T05:00:00Z,20366,1048,5246,24564,333,4385
2024-07-26T23:00:00Z,20919,704,4348,24563,10,4386
2024-10-30T06:00:00Z,22333,351,2578,24560,14,4387
2024-06-18T22:30:00Z,22447,806,2917,24558,9,4388
2024-11-14T04:30:00Z,20074,785,5269,24558,813,4389
2024-06-16T18:30:00Z,21976,4045,6626,24557,14,4390
2024-10-02T11:30:00Z,27130,5978,3399,24551,7,4391
2024-07-12T07:00:00Z,22449,1877,3973,24545,13,4392
2024-07-25T22:00:00Z,23379,1350,2514,24543,8,4393
2024-08-28T22:00:00Z,23403,1102,2239,24540,13,4394
2024-12-04T02:30:00Z,23930,1391,2001,24540,805,4395
2024-07-10T17:30:00Z,24509,4638,4668,24539,11,4396
2024-08-05T07:30:00Z,21160,4148,7527,24539,15,4397
2024-10-09T03:00:00Z,18898,2099,7740,24539,903,4398
2024-10-15T03:00:00Z,19767,1292,6055,24530,576,4399
2024-09-17T02:30:00Z,18206,642,6964,24528,276,4400
2024-07-19T09:00:00Z,22529,7231,9229,24527,16,4401
2024-10-12T14:30:00Z,22087,6833,9271,24525,9,4402
2024-11-01T04:00:00Z,18556,1655,7623,24524,840,4403
2024-07-30T07:30:00Z,21455,3143,6211,24523,13,4404
2024-08-05T09:30:00Z,22995,6977,8505,24523,7,4405
2024-07-12T08:30:00Z,23886,3660,4296,24522,13,4406
2024-08-02T02:00:00Z,18805,573,6289,24521,6,4407
2024-07-05T09:30:00Z,23591,6999,7928,24520,7,4408
2024-11-16T02:30:00Z,20593,2400,6326,24519,677,4409
2024-08-10T23:30:00Z,19148,726,6094,24516,7,4410
2024-11-01T04:30:00Z,18478,1631,7669,24516,831,4411
2024-07-10T10:00:00Z,23586,6000,6925,24511,9,4412
2024-10-18T06:00:00Z,21826,1607,4292,24511,17,4413
2024-10-25T00:00:00Z,20507,1406,5406,24507,274,4414
2024-07-11T21:30:00Z,23837,846,1514,24505,9,4415
2024-07-03T01:00:00Z,18423,1004,7080,24499,263,4416
2024-10-27T23:00:00Z,21723,2422,5198,24499,478,4417
2024-10-11T15:00:00Z,23738,6324,7084,24498,10,4418
2024-07-16T10:00:00Z,24452,4136,4181,24497,11,4419
2024-10-05T03:30:00Z,18343,2104,8255,24494,7,4420
2024-10-03T05:30:00Z,19881,851,5463,24493,5,4421
2024-11-15T04:30:00Z,21023,1051,4515,24487,792,4422
2024-10-04T10:30:00Z,24780,8627,8330,24483,12,4423
2024-06-11T15:30:00Z,23273,5468,6677,24482,7,4424
2024-08-16T08:00:00Z,22414,4247,6310,24477,8,4425
2024-06-11T08:30:00Z,23359,6048,7165,24476,9,4426
2024-07-20T02:00:00Z,18597,1007,6881,24471,330,4427
2024-09-28T02:00:00Z,19611,1402,6262,24471,695,4428
2024-12-04T06:00:00Z,26041,757,-815,24469,16,4429
2024-07-04T18:30:00Z,23971,6315,6812,24468,5,4430
2024-10-14T05:30:00Z,20344,1052,5173,24465,659,4431
2024-07-11T23:00:00Z,20913,814,4364,24463,11,4432
2024-08-19T13:00:00Z,22924,7017,8556,24463,79,4433
2024-10-30T03:00:00Z,19224,385,5624,24463,283,4434
2024-09-26T01:00:00Z,18847,2074,7683,24456,20,4435
2024-06-23T00:30:00Z,18031,1146,7570,24455,251,4436
2024-07-15T11:00:00Z,24017,5615,6053,24455,8,4437
2024-07-18T01:00:00Z,18922,959,6492,24455,449,4438
2024-07-31T07:30:00Z,22625,2700,4529,24454,5,4439
2024-08-28T14:00:00Z,22945,7648,9157,24454,14,4440
2024-09-19T23:00:00Z,20248,1296,5499,24451,10,4441
2024-12-02T06:00:00Z,22742,3248,4957,24451,138,4442
2024-08-30T08:00:00Z,22968,3605,5087,24450,13,4443
2024-09-10T08:30:00Z,25033,5599,5014,24448,6,4444
2024-07-24T01:00:00Z,19210,284,5521,24447,275,4445
2024-08-19T17:30:00Z,24795,4979,4625,24441,18,4446
2024-10-11T05:30:00Z,20928,1415,4927,24440,21,4447
2024-07-15T00:30:00Z,18127,363,6670,24434,12,4448
2024-07-07T23:30:00Z,19092,478,5817,24431,7,4449
2024-09-28T08:30:00Z,22774,3643,5300,24431,11,4450
2024-06-15T18:00:00Z,22211,3993,6211,24429,6,4451
2024-08-13T23:00:00Z,21235,1201,4395,24429,5,4452
2024-09-07T07:30:00Z,20539,980,4868,24427,14,4453
2024-07-21T18:00:00Z,21914,4047,6559,24426,6,4454
2024-07-30T08:00:00Z,22026,4007,6407,24426,10,4455
2024-10-11T10:30:00Z,25644,8240,7022,24426,15,4456
2024-07-22T23:30:00Z,20042,723,5106,24425,9,4457
2024-08-05T07:00:00Z,20433,3592,7582,24423,19,4458
2024-11-03T03:00:00Z,18423,556,6554,24421,779,4459
2024-11-27T03:30:00Z,22205,1293,3509,24421,65,4460
2024-08-20T08:00:00Z,22780,4728,6368,24420,7,4461
2024-09-14T07:00:00Z,19476,2259,7203,24420,13,4462
2024-09-26T00:30:00Z,19094,2043,7369,24420,13,4463
2024-09-10T08:00:00Z,24632,5038,4824,24418,2,4464
2024-07-20T06:00:00Z,17875,1302,7842,24415,162,4465
2024-06-17T17:30:00Z,24341,5411,5484,24414,11,4466
2024-08-16T06:30:00Z,20241,1520,5692,24413,15,4467
2024-09-29T06:00:00Z,17751,1106,7768,24413,64,4468
2024-09-20T16:30:00Z,24025,4328,4715,24412,15,4469
2024-08-29T09:00:00Z,22745,6490,8152,24407,15,4470
2024-06-19T07:00:00Z,22689,2473,4190,24406,8,4471
2024-11-10T23:30:00Z,20766,1825,5465,24406,567,4472
2024-06-16T23:00:00Z,19766,1122,5756,24400,13,4473
2024-11-29T06:00:00Z,25151,3390,2639,24400,90,4474
2024-09-17T06:30:00Z,22439,643,2600,24396,11,4475
2024-07-03T11:30:00Z,23817,6717,7290,24390,8,4476
2024-10-02T12:00:00Z,27080,6384,3690,24386,7,4477
2024-10-14T04:00:00Z,18821,1079,6644,24386,826,4478
2024-10-24T11:30:00Z,26357,8941,6969,24385,12,4479
2024-06-20T18:00:00Z,24220,4110,4271,24381,5,4480
2024-10-26T02:00:00Z,20100,852,5129,24377,7,4481
2024-08-06T07:00:00Z,21598,1844,4620,24374,9,4482
2024-11-04T01:00:00Z,20517,389,4244,24372,838,4483
2024-09-08T23:30:00Z,18149,1927,8147,24369,265,4484
2024-09-09T22:30:00Z,20961,2464,5872,24369,14,4485
2024-10-13T12:00:00Z,25442,5192,4119,24369,15,4486
2024-11-24T22:00:00Z,23273,5508,6604,24369,886,4487
2024-08-08T15:00:00Z,23951,4598,5014,24367,7,4488
2024-06-19T07:30:00Z,23271,3197,4290,24364,11,4489
2024-06-25T00:30:00Z,19980,652,5036,24364,121,4490
2024-08-06T07:30:00Z,22143,2510,4730,24363,10,4491
2024-09-14T07:30:00Z,20072,3003,7294,24363,10,4492
2024-08-24T19:00:00Z,22207,3227,5382,24362,0,4493
2024-10-12T22:30:00Z,21568,3658,6451,24361,863,4494
2024-07-01T00:00:00Z,18177,717,6897,24357,5,4495
2024-07-03T12:00:00Z,23743,7268,7882,24357,8,4496
2024-10-04T05:00:00Z,19210,1515,6662,24357,5,4497
2024-06-21T00:30:00Z,18945,1041,6452,24356,100,4498
2024-10-08T02:30:00Z,19115,853,6093,24355,13,4499
2024-09-21T23:00:00Z,19371,1341,6319,24349,16,4500
2024-09-26T00:00:00Z,19403,2009,6955,24349,12,4501
2024-08-08T08:00:00Z,22422,4431,6357,24348,7,4502
2024-07-27T19:00:00Z,22191,2069,4225,24347,9,4503
2024-06-21T00:00:00Z,19371,970,5944,24345,62,4504
2024-06-27T20:30:00Z,23075,4100,5370,24345,1,4505
2024-09-08T01:00:00Z,18097,407,6655,24345,6,4506
2024-07-23T00:00:00Z,19336,685,5691,24342,14,4507
2024-06-06T01:30:00Z,18490,1099,6949,24340,126,4508
2024-06-24T15:30:00Z,23278,7194,8254,24338,8,4509
2024-08-16T21:30:00Z,23778,1693,2253,24338,11,4510
2024-08-27T18:00:00Z,25841,3270,1767,24338,6,4511
2024-08-24T21:30:00Z,21430,2411,5317,24336,11,4512
2024-08-03T19:30:00Z,21992,1718,4061,24335,15,4513
2024-08-06T08:30:00Z,23197,3977,5110,24330,2,4514
2024-07-26T22:30:00Z,21789,701,3241,24329,10,4515
2024-06-27T21:00:00Z,22881,3810,5254,24325,1,4516
2024-11-07T03:00:00Z,19857,1107,5568,24318,844,4517
2024-08-07T07:00:00Z,20667,3543,7193,24317,17,4518
2024-06-24T00:30:00Z,18425,553,6441,24313,16,4519
2024-06-06T09:00:00Z,22229,7481,9564,24312,9,4520
2024-11-15T04:00:00Z,20778,990,4522,24310,853,4521
2024-07-08T15:30:00Z,23791,5205,5722,24308,7,4522
2024-06-06T06:30:00Z,20427,2199,6079,24307,10,4523
2024-09-21T09:00:00Z,21582,3357,6082,24307,6,4524
2024-10-01T06:00:00Z,21458,2311,5149,24296,274,4525
2024-08-20T09:30:00Z,22822,7483,8952,24291,11,4526
2024-11-02T03:30:00Z,18788,692,6192,24288,280,4527
2024-11-10T07:30:00Z,21595,765,3458,24288,12,4528
2024-07-31T07:00:00Z,21744,1900,4441,24285,5,4529
2024-10-08T04:30:00Z,18717,1056,6621,24282,9,4530
2024-10-29T03:30:00Z,19012,796,6065,24281,530,4531
2024-10-15T03:30:00Z,19627,1287,5939,24279,576,4532
2024-06-12T01:00:00Z,19349,544,5473,24278,125,4533
2024-10-23T03:30:00Z,19698,1614,6193,24277,9,4534
2024-06-14T23:30:00Z,20048,775,5002,24275,10,4535
2024-08-18T18:30:00Z,22566,3097,4806,24275,10,4536
2024-09-19T17:00:00Z,25208,3733,2795,24270,15,4537
2024-07-02T16:30:00Z,23271,6660,7658,24269,11,4538
2024-11-06T00:30:00Z,22598,645,2314,24267,12,4539
2024-06-21T18:00:00Z,22781,4779,6264,24266,8,4540
2024-11-30T05:00:00Z,19540,2874,7600,24266,116,4541
2024-08-29T18:00:00Z,25369,3772,2668,24265,6,4542
2024-08-17T21:00:00Z,22937,1261,2586,24262,2,4543
2024-06-29T00:30:00Z,18662,1138,6730,24254,7,4544
2024-06-12T23:30:00Z,20496,502,4259,24253,12,4545
2024-07-24T01:30:00Z,18954,285,5583,24252,401,4546
2024-08-17T20:00:00Z,22884,1247,2614,24251,12,4547
2024-09-02T22:30:00Z,22263,1115,3099,24247,10,4548
2024-07-18T23:30:00Z,21113,805,3937,24245,13,4549
2024-08-05T16:30:00Z,23461,5759,6539,24241,9,4550
2024-06-10T23:30:00Z,20183,1600,5657,24240,9,4551
2024-07-17T07:00:00Z,22037,2423,4626,24240,13,4552
2024-07-11T09:30:00Z,23824,5529,5944,24239,15,4553
2024-08-26T18:30:00Z,23633,2095,2701,24239,7,4554
2024-07-18T17:30:00Z,24567,4873,4544,24238,13,4555
2024-10-18T22:30:00Z,21714,2881,5405,24238,12,4556
2024-10-08T03:00:00Z,18936,873,6172,24235,11,4557
2024-07-13T23:30:00Z,18927,905,6212,24234,170,4558
2024-07-20T09:30:00Z,21334,4905,7805,24234,10,4559
2024-07-17T16:30:00Z,22958,5966,7236,24228,8,4560
2024-09-22T08:30:00Z,20692,1752,5287,24227,10,4561
2024-08-30T23:30:00Z,19203,732,5752,24223,8,4562
2024-09-29T03:00:00Z,17732,828,7317,24221,8,4563
2024-11-05T00:30:00Z,22174,345,2391,24220,336,4564
2024-07-23T01:00:00Z,18639,637,6217,24219,355,4565
2024-07-29T06:30:00Z,19635,1855,6439,24219,13,4566
2024-08-13T23:30:00Z,20675,1131,4674,24218,6,4567
2024-08-08T07:30:00Z,21728,3487,5976,24217,6,4568
2024-08-29T22:00:00Z,23606,1137,1746,24215,12,4569
2024-11-13T12:00:00Z,29197,5976,994,24215,9,4570
2024-07-01T06:30:00Z,19960,2018,6271,24213,7,4571
2024-07-23T09:00:00Z,23530,4657,5340,24213,9,4572
2024-07-10T10:30:00Z,23700,6406,6918,24212,9,4573
2024-07-03T01:30:00Z,18357,1051,6901,24207,177,4574
2024-08-08T07:00:00Z,20958,2666,5915,24207,8,4575
2024-06-21T23:00:00Z,20059,1086,5233,24206,7,4576
2024-09-20T23:00:00Z,19719,1420,5907,24206,118,4577
2024-09-21T17:30:00Z,23730,2286,2762,24206,9,4578
2024-09-28T16:30:00Z,23058,3416,4564,24206,13,4579
2024-07-22T00:00:00Z,18241,880,6843,24204,14,4580
2024-08-02T02:30:00Z,18518,603,6286,24201,6,4581
2024-09-24T06:30:00Z,23098,831,1933,24200,12,4582
2024-09-29T03:30:00Z,17649,845,7396,24200,8,4583
2024-06-24T09:30:00Z,23198,6745,7745,24198,6,4584
2024-06-07T08:30:00Z,21757,7293,9733,24197,12,4585
2024-06-14T17:00:00Z,22818,5029,6407,24196,6,4586
2024-07-03T06:00:00Z,19424,1635,6407,24196,15,4587
2024-07-31T00:00:00Z,19960,522,4755,24193,8,4588
2024-07-08T07:30:00Z,22513,3333,5012,24192,6,4589
2024-10-09T06:00:00Z,20909,2298,5581,24192,17,4590
2024-08-22T23:00:00Z,19805,2056,6439,24188,12,4591
2024-07-12T23:30:00Z,19750,660,5097,24187,14,4592
2024-07-23T00:30:00Z,18925,647,5907,24185,11,4593
2024-08-04T17:00:00Z,20438,5858,9605,24185,21,4594
2024-10-20T01:00:00Z,18391,1965,7757,24183,13,4595
2024-08-07T16:30:00Z,23015,6087,7251,24179,128,4596
2024-06-14T08:00:00Z,23487,5061,5748,24174,5,4597
2024-08-13T00:00:00Z,19485,1006,5695,24174,4,4598
2024-06-18T00:00:00Z,19466,768,5475,24173,66,4599
2024-09-08T01:30:00Z,17853,398,6710,24165,6,4600
2024-06-12T01:30:00Z,19197,531,5497,24163,129,4601
2024-06-07T06:30:00Z,20337,3026,6849,24160,16,4602
2024-09-05T23:00:00Z,19874,2377,6658,24155,166,4603
2024-07-28T23:30:00Z,18847,1021,6326,24152,14,4604
2024-10-07T00:00:00Z,19139,1235,6248,24152,185,4605
2024-11-22T03:30:00Z,22712,3466,4906,24152,870,4606
2024-10-05T16:30:00Z,22780,5117,6486,24149,12,4607
2024-10-14T04:30:00Z,18924,1095,6316,24145,826,4608
2024-06-20T01:00:00Z,18865,832,6111,24144,129,4609
2024-08-06T18:00:00Z,23718,5301,5725,24142,8,4610
2024-06-10T07:00:00Z,21613,3964,6492,24141,8,4611
2024-08-21T17:00:00Z,24639,6290,5792,24141,16,4612
2024-10-16T06:00:00Z,22019,2770,4891,24140,468,4613
2024-07-18T09:00:00Z,22727,6595,8004,24136,10,4614
2024-08-12T17:30:00Z,24904,5450,4680,24134,18,4615
2024-06-16T00:00:00Z,18358,1056,6826,24128,695,4616
2024-10-26T02:30:00Z,19780,878,5226,24128,7,4617
2024-08-19T13:30:00Z,22869,7133,8391,24127,75,4618
2024-10-19T06:30:00Z,19955,1338,5510,24127,13,4619
2024-11-09T03:30:00Z,19546,322,4898,24122,765,4620
2024-08-19T15:00:00Z,22841,6542,7819,24118,310,4621
2024-09-08T13:00:00Z,21889,5348,7576,24117,14,4622
2024-11-09T06:30:00Z,21263,320,3174,24117,14,4623
2024-09-25T00:00:00Z,19607,863,5372,24116,345,4624
2024-09-04T09:30:00Z,24223,4501,4393,24115,8,4625
2024-06-19T08:00:00Z,23519,3887,4481,24113,12,4626
2024-07-15T01:30:00Z,17645,354,6822,24113,68,4627
2024-06-24T01:30:00Z,17961,542,6692,24111,298,4628
2024-06-20T01:30:00Z,18758,790,6140,24108,130,4629
2024-08-17T20:30:00Z,23041,1242,2308,24107,6,4630
2024-06-25T08:30:00Z,23089,5080,6096,24105,5,4631
2024-07-19T06:30:00Z,20741,2097,5457,24101,15,4632
2024-06-19T00:30:00Z,18853,703,5948,24098,11,4633
2024-08-20T21:30:00Z,23205,3200,4091,24096,0,4634
2024-07-02T11:00:00Z,23441,6146,6800,24095,7,4635
2024-07-10T22:00:00Z,22697,1378,2776,24095,6,4636
2024-09-05T00:30:00Z,18385,1029,6739,24095,18,4637
2024-08-31T22:30:00Z,19853,1832,6073,24094,12,4638
2024-10-19T10:30:00Z,23744,4394,4742,24092,8,4639
2024-09-03T17:00:00Z,25621,3378,1847,24090,9,4640
2024-11-13T03:00:00Z,20883,1004,4207,24086,817,4641
2024-08-20T18:30:00Z,23665,5247,5664,24082,5,4642
2024-08-02T22:30:00Z,21681,1342,3742,24081,7,4643
2024-09-06T16:00:00Z,23618,4703,5166,24081,16,4644
2024-07-18T18:00:00Z,24952,4020,3148,24080,12,4645
2024-09-26T23:30:00Z,19353,3263,7988,24078,713,4646
2024-10-20T11:00:00Z,24776,6009,5311,24078,303,4647
2024-06-17T08:00:00Z,22639,4502,5940,24077,6,4648
2024-10-12T15:00:00Z,21961,6629,8744,24076,76,4649
2024-10-25T00:30:00Z,20239,1331,5168,24076,273,4650
2024-09-28T06:00:00Z,19349,923,5646,24072,41,4651
2024-07-02T12:30:00Z,23239,6757,7587,24069,8,4652
2024-10-30T03:30:00Z,18973,385,5480,24068,283,4653
2024-06-21T07:00:00Z,21097,3635,6602,24064,11,4654
2024-06-10T00:30:00Z,17515,1506,8052,24061,307,4655
2024-10-13T11:30:00Z,25072,5003,3990,24059,15,4656
2024-08-14T23:00:00Z,20885,1837,5006,24054,11,4657
2024-10-07T10:30:00Z,25386,6665,5332,24053,11,4658
2024-10-31T05:30:00Z,20338,1570,5284,24052,15,4659
2024-10-04T15:30:00Z,23857,6021,6210,24046,7,4660
2024-07-23T01:30:00Z,18319,626,6352,24045,415,4661
2024-07-19T18:00:00Z,24375,4813,4481,24043,9,4662
2024-07-05T16:00:00Z,22877,5712,6872,24037,6,4663
2024-07-15T06:00:00Z,18793,1017,6261,24037,12,4664
2024-08-04T22:00:00Z,20501,2369,5901,24033,9,4665
2024-10-20T21:00:00Z,23315,5068,5783,24030,767,4666
2024-09-03T22:00:00Z,23482,640,1185,24027,6,4667
2024-06-28T18:00:00Z,21895,6131,8261,24025,25,4668
2024-10-08T03:30:00Z,18687,892,6227,24022,10,4669
2024-06-24T01:00:00Z,18129,548,6440,24021,301,4670
2024-08-19T18:00:00Z,24870,4795,3945,24020,14,4671
2024-11-12T02:00:00Z,21414,1187,3793,24020,820,4672
2024-06-06T06:00:00Z,19441,1623,6201,24019,10,4673
2024-07-25T23:00:00Z,20704,1330,4643,24017,7,4674
2024-08-17T18:00:00Z,22479,3091,4627,24015,17,4675
2024-09-23T22:00:00Z,23281,907,1639,24013,10,4676
2024-07-06T00:00:00Z,19005,755,5761,24011,4,4677
2024-09-19T07:30:00Z,23920,1380,1469,24009,15,4678
2024-06-21T07:30:00Z,21661,4523,6869,24007,12,4679
2024-08-16T06:00:00Z,19269,1144,5879,24004,10,4680
2024-07-17T00:00:00Z,19482,860,5380,24002,6,4681
2024-11-29T05:30:00Z,23255,3428,4172,23999,350,4682
2024-07-22T17:30:00Z,24164,4852,4686,23998,10,4683
2024-09-08T14:30:00Z,21659,5242,7581,23998,12,4684
2024-08-01T06:30:00Z,21004,673,3665,23996,10,4685
2024-08-15T23:30:00Z,19973,1294,5317,23996,10,4686
2024-11-11T01:00:00Z,20388,1839,5446,23995,842,4687
2024-06-26T00:00:00Z,20294,505,4203,23992,5,4688
2024-10-19T07:00:00Z,20863,1274,4403,23992,15,4689
2024-07-28T18:00:00Z,21288,4139,6842,23991,11,4690
2024-08-19T16:00:00Z,23219,5941,6711,23989,15,4691
2024-07-11T22:30:00Z,22300,832,2519,23987,11,4692
2024-08-28T17:00:00Z,25359,4427,3054,23986,8,4693
2024-08-03T22:30:00Z,20563,744,4166,23985,10,4694
2024-09-07T07:00:00Z,19720,796,5061,23985,13,4695
2024-07-17T07:30:00Z,22480,3311,4815,23984,13,4696
2024-07-12T16:00:00Z,23593,4338,4728,23983,14,4697
2024-09-07T00:30:00Z,19127,885,5737,23979,9,4698
2024-06-06T17:00:00Z,22812,6897,8057,23972,15,4699
2024-08-20T08:30:00Z,22821,5633,6782,23970,5,4700
2024-10-06T11:00:00Z,23305,5480,6145,23970,13,4701
2024-06-18T01:30:00Z,18777,714,5906,23969,341,4702
2024-06-06T23:30:00Z,20084,1153,5037,23968,12,4703
2024-08-06T09:00:00Z,23305,4587,5250,23968,4,4704
2024-11-07T06:00:00Z,22907,1366,2422,23963,31,4705
2024-09-22T21:30:00Z,22602,933,2293,23962,13,4706
2024-10-08T04:00:00Z,18549,974,6387,23962,10,4707
2024-08-07T08:00:00Z,21952,5402,7411,23961,7,4708
2024-07-24T14:30:00Z,23576,6846,7230,23960,9,4709
2024-06-18T01:00:00Z,18964,729,5724,23959,175,4710
2024-07-16T07:00:00Z,22205,1695,3449,23959,14,4711
2024-10-27T01:00:00Z,19330,1577,6204,23957,867,4712
2024-09-19T10:00:00Z,24847,4951,4058,23954,12,4713
2024-11-12T02:30:00Z,21290,1177,3841,23954,824,4714
2024-11-26T05:00:00Z,21226,1777,4501,23950,592,4715
2024-10-02T06:30:00Z,23247,1944,2645,23948,8,4716
2024-11-10T03:00:00Z,19545,608,5011,23948,574,4717
2024-11-08T03:00:00Z,19717,914,5136,23939,834,4718
2024-10-20T13:00:00Z,24997,7508,6449,23938,844,4719
2024-08-21T08:00:00Z,22640,5368,6665,23937,10,4720
2024-07-01T00:30:00Z,17790,705,6850,23935,3,4721
2024-09-28T02:30:00Z,19175,1356,6115,23934,598,4722
2024-07-21T02:00:00Z,17334,1344,7943,23933,665,4723
2024-07-25T23:30:00Z,19864,1326,5395,23933,7,4724
2024-06-29T07:00:00Z,17914,3022,9040,23932,65,4725
2024-10-25T06:30:00Z,23563,1045,1414,23932,9,4726
2024-06-18T08:30:00Z,23390,5110,5651,23931,11,4727
2024-08-07T07:30:00Z,21272,4329,6988,23931,17,4728
2024-10-09T03:30:00Z,18408,2132,7655,23931,906,4729
2024-06-13T09:00:00Z,23339,6559,7150,23930,7,4730
2024-09-29T04:00:00Z,17263,890,7556,23929,23,4731
2024-06-29T18:00:00Z,21233,3999,6694,23928,7,4732
2024-07-11T07:30:00Z,23046,3242,4124,23928,14,4733
2024-09-17T23:30:00Z,19703,944,5169,23928,9,4734
2024-10-29T06:00:00Z,22413,833,2348,23928,13,4735
2024-09-25T00:30:00Z,19319,806,5413,23926,346,4736
2024-06-19T01:00:00Z,18664,681,5942,23925,66,4737
2024-06-06T02:00:00Z,18310,1079,6691,23922,131,4738
2024-07-15T01:00:00Z,17542,359,6736,23919,67,4739
2024-10-05T22:00:00Z,21838,2953,5033,23918,326,4740
2024-10-23T06:00:00Z,22850,1580,2648,23918,8,4741
2024-09-17T09:00:00Z,24337,5437,5017,23917,13,4742
2024-07-30T17:30:00Z,24491,4983,4408,23916,14,4743
2024-08-31T17:00:00Z,21581,3867,6201,23915,3,4744
2024-07-12T09:30:00Z,24148,5025,4791,23914,14,4745
2024-08-19T14:30:00Z,22702,6630,7842,23914,110,4746
2024-11-06T01:00:00Z,22160,651,2405,23914,266,4747
2024-06-27T02:00:00Z,18592,1706,7026,23912,47,4748
2024-09-04T16:00:00Z,24312,3895,3492,23909,10,4749
2024-11-03T03:30:00Z,17967,546,6488,23909,841,4750
2024-09-12T09:00:00Z,24540,6686,6054,23908,15,4751
2024-06-10T07:30:00Z,22341,4854,6420,23907,10,4752
2024-06-12T16:30:00Z,23922,5262,5247,23907,7,4753
2024-07-08T00:00:00Z,18421,477,5963,23907,6,4754
2024-06-17T07:00:00Z,21725,2860,5039,23904,10,4755
2024-07-18T22:30:00Z,23314,791,1381,23904,12,4756
2024-09-13T06:00:00Z,21728,741,2917,23904,17,4757
2024-11-04T01:30:00Z,20159,383,4127,23903,834,4758
2024-06-12T06:00:00Z,20286,956,4572,23902,6,4759
2024-07-30T00:30:00Z,19439,673,5135,23901,76,4760
2024-09-19T23:30:00Z,19479,1261,5683,23901,10,4761
2024-11-05T06:30:00Z,25587,316,-1370,23901,10,4762
2024-08-15T08:30:00Z,22332,5672,7238,23898,309,4763
2024-08-22T17:00:00Z,24196,5762,5463,23897,7,4764
2024-10-03T01:30:00Z,19538,1013,5372,23897,5,4765
2024-07-21T23:30:00Z,18833,883,5943,23893,9,4766
2024-10-01T23:00:00Z,20777,2388,5499,23888,9,4767
2024-10-02T12:30:00Z,26703,6274,3458,23887,7,4768
2024-12-02T02:00:00Z,20048,2325,6164,23887,878,4769
2024-07-20T15:30:00Z,20901,4504,7489,23886,9,4770
2024-08-24T07:00:00Z,18346,1537,7076,23885,11,4771
2024-10-18T05:30:00Z,19700,1464,5645,23881,336,4772
2024-06-21T01:30:00Z,18314,1091,6657,23880,356,4773
2024-07-10T02:00:00Z,18229,1613,7263,23879,705,4774
2024-06-07T23:00:00Z,20159,2019,5738,23878,16,4775
2024-10-03T00:00:00Z,20004,1183,5054,23875,5,4776
2024-07-26T18:30:00Z,23259,3469,4084,23874,10,4777
2024-07-22T00:30:00Z,17757,876,6990,23871,13,4778
2024-10-07T01:30:00Z,18902,1228,6193,23867,835,4779
2024-06-21T01:00:00Z,18562,1066,6370,23866,352,4780
2024-07-17T00:30:00Z,19145,832,5553,23866,64,4781
2024-07-23T02:00:00Z,18066,622,6422,23866,667,4782
2024-09-08T13:30:00Z,21790,5455,7531,23866,9,4783
2024-08-08T14:30:00Z,23905,5164,5123,23864,7,4784
2024-10-23T23:30:00Z,20502,2881,6243,23864,861,4785
2024-09-27T16:30:00Z,23876,6320,6306,23862,5,4786
2024-07-11T15:00:00Z,22706,5806,6960,23860,15,4787
2024-08-08T21:00:00Z,23648,2841,3051,23858,4,4788
2024-08-17T17:30:00Z,21801,3896,5952,23857,14,4789
2024-08-02T23:00:00Z,20614,1264,4506,23856,7,4790
2024-07-31T17:30:00Z,24530,4530,3855,23855,17,4791
2024-07-20T02:30:00Z,18180,967,6639,23852,74,4792
2024-06-27T20:00:00Z,23109,4632,5374,23851,1,4793
2024-10-10T14:00:00Z,25272,6784,5362,23850,12,4794
2024-06-12T09:00:00Z,23947,5212,5105,23840,4,4795
2024-08-27T22:00:00Z,22762,1644,2722,23840,16,4796
2024-10-02T16:00:00Z,26739,4570,1671,23840,7,4797
2024-07-02T11:30:00Z,23469,6611,6981,23839,8,4798
2024-07-10T23:00:00Z,20723,1323,4437,23837,12,4799
2024-08-27T17:30:00Z,25568,3980,2249,23837,6,4800
2024-08-19T17:00:00Z,24221,5406,5018,23833,9,4801
2024-09-14T08:00:00Z,20442,4186,7577,23833,10,4802
2024-10-21T23:30:00Z,21066,2387,5153,23832,11,4803
2024-06-18T00:30:00Z,19174,744,5401,23831,70,4804
2024-09-20T23:30:00Z,19225,1389,5992,23828,584,4805
2024-08-13T00:30:00Z,19049,978,5755,23826,9,4806
2024-07-13T17:00:00Z,21530,3717,6010,23823,7,4807
2024-11-03T06:00:00Z,18388,490,5923,23821,818,4808
2024-11-04T06:30:00Z,25093,362,-911,23820,14,4809
2024-10-27T01:30:00Z,19351,1570,6035,23816,573,4810
2024-09-08T07:30:00Z,18504,853,6164,23815,10,4811
2024-08-10T18:00:00Z,21928,4791,6676,23813,6,4812
2024-06-15T00:00:00Z,19438,739,5110,23809,9,4813
2024-08-28T16:00:00Z,23501,5706,6014,23809,11,4814
2024-08-14T00:00:00Z,19841,1100,5067,23808,9,4815
2024-11-05T01:00:00Z,21748,341,2399,23806,826,4816
2024-07-17T08:00:00Z,22803,4346,5348,23805,12,4817
2024-10-27T10:30:00Z,21526,7179,9458,23805,14,4818
2024-07-06T00:30:00Z,18593,712,5923,23804,7,4819
2024-07-11T00:00:00Z,19069,1287,6021,23803,12,4820
2024-10-16T23:30:00Z,20764,1046,4085,23803,6,4821
2024-06-27T21:30:00Z,22473,3690,5019,23802,7,4822
2024-08-14T22:30:00Z,22035,1792,3558,23801,10,4823
2024-09-06T15:30:00Z,23376,5608,6027,23795,15,4824
2024-09-11T23:00:00Z,20942,2272,5125,23795,14,4825
2024-07-15T02:00:00Z,17502,356,6646,23792,125,4826
2024-07-19T17:30:00Z,23863,6032,5961,23792,14,4827
2024-06-20T07:00:00Z,22080,2721,4432,23791,12,4828
2024-09-08T14:00:00Z,21583,5295,7502,23790,9,4829
2024-09-25T01:00:00Z,19130,762,5421,23789,347,4830
2024-10-03T00:30:00Z,19722,1111,5173,23784,5,4831
2024-08-26T21:00:00Z,23078,1634,2339,23783,0,4832
2024-10-31T03:00:00Z,19037,1530,6274,23781,794,4833
2024-06-07T06:00:00Z,19236,2382,6926,23780,144,4834
2024-08-01T00:00:00Z,20187,470,4061,23778,8,4835
2024-10-03T01:00:00Z,19547,1062,5293,23778,5,4836
2024-06-27T09:00:00Z,22820,8063,9019,23776,8,4837
2024-08-05T10:00:00Z,22846,7541,8468,23773,8,4838
2024-11-07T03:30:00Z,19486,1154,5438,23770,842,4839
2024-06-21T23:30:00Z,19345,1024,5448,23769,7,4840
2024-07-29T06:00:00Z,18636,1262,6395,23769,13,4841
2024-08-18T23:00:00Z,18998,930,5701,23769,5,4842
2024-09-16T17:00:00Z,24787,4248,3230,23769,10,4843
2024-09-29T05:00:00Z,17097,985,7652,23764,315,4844
2024-06-24T06:30:00Z,20741,1975,4993,23759,14,4845
2024-08-18T22:30:00Z,20307,951,4403,23759,9,4846
2024-09-25T01:30:00Z,18929,717,5547,23759,348,4847
2024-08-15T07:00:00Z,20837,3329,6246,23754,178,4848
2024-10-17T15:30:00Z,24870,5813,4697,23754,10,4849
2024-07-02T13:00:00Z,22875,6689,7567,23753,8,4850
2024-06-21T02:00:00Z,17990,1119,6881,23752,413,4851
2024-08-09T22:30:00Z,21036,2365,5079,23750,0,4852
2024-09-27T11:30:00Z,24872,8766,7643,23749,7,4853
2024-11-04T23:30:00Z,22393,371,1727,23749,5,4854
2024-06-14T07:30:00Z,23030,4083,4799,23746,4,4855
2024-09-29T05:30:00Z,17125,1036,7657,23746,157,4856
2024-06-19T01:30:00Z,18567,658,5835,23744,70,4857
2024-06-24T10:00:00Z,23048,7081,7775,23742,7,4858
2024-08-14T10:00:00Z,23656,5300,5386,23742,14,4859
2024-10-25T01:30:00Z,20006,1227,4962,23741,42,4860
2024-07-11T00:30:00Z,18951,1274,6060,23737,60,4861
2024-10-31T04:30:00Z,18789,1584,6531,23736,848,4862
2024-06-12T02:00:00Z,19049,526,5212,23735,129,4863
2024-09-04T15:30:00Z,24137,4658,4256,23735,9,4864
2024-11-24T08:00:00Z,22372,4928,6291,23735,796,4865
2024-11-15T06:00:00Z,24682,1265,315,23732,18,4866
2024-09-06T12:00:00Z,23901,7724,7550,23727,12,4867
2024-08-08T08:30:00Z,22683,5261,6303,23725,6,4868
2024-08-11T22:00:00Z,21328,2479,4868,23717,9,4869
2024-07-27T23:00:00Z,19633,507,4590,23716,8,4870
2024-08-28T22:30:00Z,22223,1079,2572,23716,14,4871
2024-09-23T07:00:00Z,24461,757,12,23716,13,4872
2024-07-24T04:30:00Z,17934,370,6148,23712,987,4873
2024-08-31T00:00:00Z,18625,733,5819,23711,8,4874
2024-07-08T21:30:00Z,23351,1099,1457,23709,10,4875
2024-07-20T10:00:00Z,21272,5205,7642,23709,9,4876
2024-08-07T23:00:00Z,19864,1901,5746,23709,12,4877
2024-09-03T12:00:00Z,24496,7089,6302,23709,13,4878
2024-08-30T07:00:00Z,21910,1561,3359,23708,9,4879
2024-08-13T01:30:00Z,18748,1015,5973,23706,8,4880
2024-10-31T03:30:00Z,18800,1579,6483,23704,851,4881
2024-10-31T04:00:00Z,18816,1582,6470,23704,851,4882
2024-07-30T08:30:00Z,22158,4956,6501,23703,11,4883
2024-06-07T00:00:00Z,19381,1141,5462,23702,13,4884
2024-10-11T05:00:00Z,19849,1432,5285,23702,148,4885
2024-08-13T05:30:00Z,18274,1395,6821,23700,83,4886
2024-11-10T06:30:00Z,19842,718,4574,23698,547,4887
2024-06-17T07:30:00Z,22256,3640,5078,23694,7,4888
2024-11-09T06:00:00Z,20736,304,3262,23694,83,4889
2024-07-19T06:00:00Z,19723,1499,5462,23686,15,4890
2024-08-13T09:30:00Z,22235,7974,9424,23685,11,4891
2024-08-15T07:30:00Z,21494,4018,6208,23684,18,4892
2024-07-02T12:00:00Z,23414,7070,7337,23681,8,4893
2024-10-05T05:30:00Z,18148,2102,7635,23681,13,4894
2024-07-11T07:00:00Z,22119,2399,3958,23678,11,4895
2024-06-16T23:30:00Z,18950,1096,5822,23676,16,4896
2024-07-16T10:30:00Z,24390,4911,4194,23673,11,4897
2024-08-14T07:30:00Z,22867,1803,2607,23671,5,4898
2024-10-14T06:00:00Z,22754,1031,1942,23665,45,4899
2024-11-08T03:30:00Z,19472,903,5094,23663,856,4900
2024-08-11T00:00:00Z,18325,686,6023,23662,8,4901
2024-11-02T04:00:00Z,18522,723,5861,23660,281,4902
2024-08-07T06:30:00Z,19513,2733,6879,23659,19,4903
2024-08-17T21:30:00Z,22344,1279,2594,23659,2,4904
2024-09-30T23:30:00Z,20301,2404,5759,23656,687,4905
2024-07-24T04:00:00Z,17934,342,6063,23655,989,4906
2024-11-05T00:00:00Z,22019,358,1994,23655,10,4907
2024-08-19T14:00:00Z,22738,7144,8060,23654,19,4908
2024-07-12T22:30:00Z,21669,638,2622,23653,18,4909
2024-08-02T17:00:00Z,22971,6357,7039,23653,12,4910
2024-10-14T05:00:00Z,19248,1074,5476,23650,811,4911
2024-09-05T01:00:00Z,18124,1096,6620,23648,284,4912
2024-07-31T00:30:00Z,19498,509,4657,23646,10,4913
2024-06-30T02:00:00Z,17037,884,7490,23643,3,4914
2024-10-03T10:00:00Z,25221,6707,5124,23638,9,4915
2024-07-12T00:00:00Z,19121,787,5301,23635,8,4916
2024-11-10T03:30:00Z,19209,645,5071,23635,570,4917
2024-11-13T06:00:00Z,24551,927,11,23635,13,4918
2024-09-10T09:30:00Z,24729,6811,5716,23634,36,4919
2024-08-21T16:30:00Z,23934,6739,6438,23633,176,4920
2024-07-23T02:30:00Z,17862,618,6385,23629,695,4921
2024-08-14T07:00:00Z,22147,1215,2694,23626,5,4922
2024-09-17T03:00:00Z,17795,628,6454,23621,276,4923
2024-11-17T01:00:00Z,20945,2504,5179,23620,858,4924
2024-09-15T23:00:00Z,19427,770,4962,23619,12,4925
2024-11-14T05:00:00Z,20766,712,3563,23617,100,4926
2024-06-17T00:00:00Z,18444,1076,6247,23615,235,4927
2024-07-26T01:30:00Z,18379,1283,6517,23613,406,4928
2024-08-31T16:30:00Z,20639,4625,7599,23613,11,4929
2024-07-24T21:30:00Z,23764,1911,1758,23611,6,4930
2024-09-15T14:00:00Z,20766,5636,8477,23607,9,4931
2024-07-18T05:30:00Z,18302,1114,6418,23606,185,4932
2024-08-19T19:00:00Z,24775,4183,3013,23605,9,4933
2024-09-29T04:30:00Z,16950,934,7589,23605,337,4934
2024-11-23T22:30:00Z,22438,5378,6542,23602,587,4935
2024-06-20T17:30:00Z,23762,5082,4921,23601,10,4936
2024-07-10T22:30:00Z,21780,1345,3166,23601,14,4937
2024-09-18T17:00:00Z,24541,4597,3657,23601,14,4938
2024-06-24T02:00:00Z,17721,545,6424,23600,348,4939
2024-12-04T03:00:00Z,23484,1259,1372,23597,887,4940
2024-09-05T23:30:00Z,19316,2272,6552,23596,363,4941
2024-07-11T23:30:00Z,19736,796,4654,23594,10,4942
2024-09-10T15:30:00Z,24092,6983,6484,23593,575,4943
2024-06-12T12:00:00Z,24386,5942,5145,23589,6,4944
2024-08-11T18:00:00Z,21018,4822,7391,23587,6,4945
2024-06-18T02:00:00Z,18416,706,5875,23585,803,4946
2024-06-29T07:30:00Z,18052,3715,9245,23582,70,4947
2024-08-07T00:00:00Z,18431,1660,6810,23581,435,4948
2024-09-14T22:00:00Z,21105,2421,4897,23581,11,4949
2024-08-16T08:30:00Z,22406,5365,6539,23580,6,4950
2024-10-20T01:30:00Z,18117,2142,7605,23580,13,4951
2024-06-21T08:00:00Z,21805,5573,7347,23579,15,4952
2024-06-25T17:00:00Z,24347,5740,4972,23579,12,4953
2024-10-25T02:00:00Z,19713,1178,5043,23578,10,4954
2024-10-03T14:30:00Z,23268,6561,6869,23576,12,4955
2024-07-17T01:00:00Z,18806,819,5581,23568,67,4956
2024-08-05T23:00:00Z,20182,1500,4886,23568,179,4957
2024-10-05T05:00:00Z,17900,2097,7765,23568,12,4958
2024-09-25T02:00:00Z,18553,676,5690,23567,344,4959
2024-09-03T16:30:00Z,24995,4104,2675,23566,9,4960
2024-09-21T07:30:00Z,19915,1554,5205,23566,9,4961
2024-09-10T10:00:00Z,24276,7570,6857,23563,787,4962
2024-09-12T23:30:00Z,20561,852,3854,23563,20,4963
2024-09-16T07:30:00Z,24382,1360,540,23562,3,4964
2024-09-18T23:00:00Z,20105,1406,4863,23562,7,4965
2024-06-21T02:30:00Z,17669,1146,7036,23559,492,4966
2024-09-06T00:00:00Z,18899,2153,6813,23559,730,4967
2024-06-24T10:30:00Z,23198,7533,7893,23558,5,4968
2024-11-02T04:30:00Z,18442,753,5869,23558,281,4969
2024-08-23T22:00:00Z,21623,1926,3859,23556,1,4970
2024-06-25T01:30:00Z,19292,564,4821,23549,120,4971
2024-08-08T14:00:00Z,23745,5329,5131,23547,7,4972
2024-10-03T05:00:00Z,18882,849,5513,23546,6,4973
2024-09-16T09:00:00Z,24915,4818,3446,23543,9,4974
2024-06-26T00:30:00Z,19797,470,4211,23538,3,4975
2024-09-26T05:30:00Z,18991,2330,6874,23535,124,4976
2024-11-13T03:30:00Z,20658,1004,3881,23535,814,4977
2024-09-26T02:00:00Z,18444,2132,7221,23533,492,4978
2024-10-07T01:00:00Z,18678,1225,6078,23531,454,4979
2024-06-21T06:30:00Z,19849,2907,6587,23529,16,4980
2024-09-12T06:30:00Z,22531,1555,2553,23529,6,4981
2024-08-05T22:00:00Z,22736,1552,2343,23527,13,4982
2024-07-03T22:00:00Z,22242,2906,4190,23526,6,4983
2024-07-10T21:00:00Z,23310,1475,1690,23525,10,4984
2024-07-16T00:00:00Z,19521,630,4634,23525,13,4985
2024-07-26T01:00:00Z,18486,1301,6336,23521,403,4986
2024-07-24T03:30:00Z,18082,313,5748,23517,790,4987
2024-07-29T08:30:00Z,21702,5752,7567,23517,11,4988
2024-10-07T02:00:00Z,18720,1223,6020,23517,890,4989
2024-08-13T01:00:00Z,18799,997,5713,23515,4,4990
2024-08-02T03:30:00Z,18139,644,6014,23509,6,4991
2024-07-08T14:00:00Z,22953,5795,6350,23508,6,4992
2024-11-02T06:30:00Z,20233,785,4059,23507,183,4993
2024-07-08T00:30:00Z,17940,476,6042,23506,6,4994
2024-07-05T10:00:00Z,23186,7181,7499,23504,7,4995
2024-07-12T00:30:00Z,18743,778,5539,23504,6,4996
2024-09-13T16:00:00Z,22361,6007,7145,23499,9,4997
2024-10-03T02:00:00Z,19126,973,5346,23499,5,4998
2024-07-17T01:30:00Z,18612,806,5691,23497,76,4999
2024-08-29T00:00:00Z,19147,1086,5436,23497,6,5000
2024-07-22T10:00:00Z,23196,5308,5608,23496,6,5001
2024-11-13T11:00:00Z,29034,5769,228,23493,10,5002
2024-07-24T14:00:00Z,23281,6931,7142,23492,11,5003
2024-08-18T23:30:00Z,18559,909,5837,23487,3,5004
2024-08-23T18:00:00Z,22719,4325,5093,23487,4,5005
2024-10-25T01:00:00Z,19824,1279,4940,23485,273,5006
2024-06-08T18:30:00Z,20300,5970,9154,23484,10,5007
2024-08-07T00:30:00Z,18153,1582,6913,23484,594,5008
2024-07-16T16:00:00Z,23864,5178,4797,23483,13,5009
2024-11-11T06:00:00Z,22547,1550,2485,23482,30,5010
2024-11-16T03:00:00Z,20059,2379,5801,23481,851,5011
2024-07-26T23:30:00Z,19766,707,4421,23480,8,5012
2024-10-23T04:30:00Z,19373,1594,5701,23480,10,5013
2024-10-23T05:30:00Z,20930,1581,4130,23479,7,5014
2024-07-02T16:00:00Z,22642,6878,7714,23478,12,5015
2024-11-11T01:30:00Z,19927,1815,5366,23478,709,5016
2024-11-05T23:30:00Z,22361,656,1772,23477,9,5017
2024-07-24T23:00:00Z,21068,1941,4349,23476,11,5018
2024-07-20T05:00:00Z,17323,873,7023,23473,129,5019
2024-09-01T23:00:00Z,20232,763,4004,23473,12,5020
2024-10-18T05:00:00Z,19077,1342,5737,23472,208,5021
2024-07-26T07:00:00Z,20688,2814,5591,23465,6,5022
2024-08-19T19:30:00Z,24633,4016,2848,23465,12,5023
2024-09-12T17:00:00Z,26108,4780,2135,23463,16,5024
2024-07-10T02:30:00Z,17953,1603,7111,23461,672,5025
2024-06-13T12:30:00Z,23482,7127,7103,23458,7,5026
2024-07-01T06:00:00Z,18692,1514,6277,23455,7,5027
2024-09-13T09:30:00Z,24008,7014,6461,23455,11,5028
2024-08-02T10:30:00Z,21754,8525,10224,23453,8,5029
2024-06-29T01:00:00Z,18040,1133,6542,23449,6,5030
2024-07-08T14:30:00Z,22935,5829,6343,23449,6,5031
2024-07-24T09:30:00Z,23031,5863,6279,23447,7,5032
2024-06-27T02:30:00Z,18182,1745,7009,23446,8,5033
2024-07-22T01:00:00Z,17396,908,6958,23446,10,5034
2024-08-08T13:00:00Z,23687,5725,5484,23446,8,5035
2024-06-14T08:30:00Z,23172,5536,5809,23445,9,5036
2024-07-26T00:00:00Z,19171,1322,5595,23444,271,5037
2024-08-01T17:00:00Z,24180,4968,4232,23444,8,5038
2024-11-27T06:00:00Z,25043,1617,17,23443,9,5039
2024-08-02T03:00:00Z,18168,624,5898,23442,6,5040
2024-06-25T01:00:00Z,19318,608,4730,23440,121,5041
2024-06-20T06:30:00Z,20705,1981,4714,23438,12,5042
2024-10-07T00:30:00Z,18661,1222,5999,23438,272,5043
2024-10-24T12:00:00Z,26151,9223,6509,23437,12,5044
2024-06-20T08:00:00Z,22811,4482,5106,23435,12,5045
2024-11-03T04:00:00Z,17708,537,6264,23435,839,5046
2024-06-19T17:00:00Z,22954,6670,7150,23434,7,5047
2024-08-08T13:30:00Z,23635,5629,5427,23433,9,5048
2024-08-01T00:30:00Z,19887,455,3997,23429,8,5049
2024-09-05T01:30:00Z,17912,1162,6679,23429,355,5050
2024-06-24T11:00:00Z,23205,7727,7950,23428,7,5051
2024-07-30T06:30:00Z,19870,1420,4978,23428,10,5052
2024-07-24T03:00:00Z,18110,308,5625,23427,702,5053
2024-07-21T02:30:00Z,16897,1375,7900,23422,983,5054
2024-07-02T06:30:00Z,20360,2110,5170,23420,10,5055
2024-07-02T00:00:00Z,18766,1628,6274,23412,579,5056
2024-09-26T02:30:00Z,18275,2160,7297,23412,705,5057
2024-06-29T17:00:00Z,20204,5463,8669,23410,12,5058
2024-09-14T02:00:00Z,17750,1818,7478,23410,306,5059
2024-06-24T15:00:00Z,22774,7638,8265,23401,8,5060
2024-08-14T16:00:00Z,22965,5572,6006,23399,12,5061
2024-07-20T03:00:00Z,17834,930,6493,23397,74,5062
2024-11-10T07:00:00Z,20838,722,3277,23393,43,5063
2024-10-25T02:30:00Z,19369,1128,5150,23391,6,5064
2024-06-20T02:00:00Z,18424,756,5722,23390,129,5065
2024-06-14T07:00:00Z,22094,3500,4795,23389,7,5066
2024-07-06T19:00:00Z,20603,3752,6538,23389,14,5067
2024-07-14T00:00:00Z,18195,871,6064,23388,25,5068
2024-07-31T08:30:00Z,23080,4566,4874,23388,5,5069
2024-06-19T08:30:00Z,23397,4596,4584,23385,12,5070
2024-08-02T23:30:00Z,19823,1186,4746,23383,7,5071
2024-11-08T04:00:00Z,19443,867,4807,23383,589,5072
2024-09-01T09:00:00Z,19891,4193,7682,23380,860,5073
2024-06-12T11:30:00Z,24069,5695,5004,23378,7,5074
2024-06-06T16:30:00Z,21857,7592,9111,23376,16,5075
2024-10-28T06:30:00Z,22250,1886,3012,23376,18,5076
2024-07-30T01:00:00Z,19045,654,4982,23373,343,5077
2024-07-23T17:00:00Z,23818,5174,4724,23368,8,5078
2024-07-08T08:30:00Z,22746,5178,5799,23367,7,5079
2024-08-06T09:30:00Z,23160,5354,5559,23365,10,5080
2024-06-06T02:30:00Z,17869,1058,6551,23362,131,5081
2024-07-18T04:30:00Z,17572,965,6753,23360,838,5082
2024-09-15T23:30:00Z,18912,743,5186,23355,10,5083
2024-06-29T01:30:00Z,17869,1128,6612,23353,6,5084
2024-11-06T01:30:00Z,21541,656,2466,23351,554,5085
2024-10-31T05:00:00Z,19426,1577,5500,23349,311,5086
2024-09-19T07:00:00Z,23156,1078,1269,23347,13,5087
2024-08-19T07:30:00Z,21661,2687,4372,23346,8,5088
2024-10-05T04:30:00Z,17817,2091,7617,23343,7,5089
2024-10-25T03:00:00Z,19176,1089,5253,23340,6,5090
2024-08-03T19:00:00Z,21698,2547,4188,23339,15,5091
2024-07-26T00:30:00Z,18714,1318,5939,23335,297,5092
2024-09-21T09:30:00Z,21351,3938,5921,23334,9,5093
2024-09-13T00:30:00Z,19907,748,4174,23333,308,5094
2024-07-08T01:30:00Z,17551,446,6225,23330,13,5095
2024-10-18T11:00:00Z,25541,8243,6026,23324,9,5096
2024-12-02T02:30:00Z,19870,2393,5842,23319,879,5097
2024-10-17T10:30:00Z,25199,7368,5486,23317,10,5098
2024-06-12T02:30:00Z,18686,520,5147,23313,153,5099
2024-06-27T19:30:00Z,23055,5262,5520,23313,2,5100
2024-09-22T08:00:00Z,19819,1503,4997,23313,12,5101
2024-10-26T06:30:00Z,20345,1120,4085,23310,11,5102
2024-07-20T05:30:00Z,17343,1000,6964,23307,72,5103
2024-09-23T23:00:00Z,20383,895,3819,23307,17,5104
2024-07-12T01:00:00Z,18516,764,5553,23305,8,5105
2024-08-13T16:30:00Z,23468,6794,6629,23303,10,5106
2024-07-10T17:00:00Z,23844,5567,5023,23300,8,5107
2024-10-19T01:30:00Z,19456,1799,5643,23300,75,5108
2024-09-25T05:30:00Z,19131,428,4596,23299,17,5109
2024-09-04T15:00:00Z,23719,4882,4455,23292,9,5110
2024-06-15T00:30:00Z,18829,702,5163,23290,6,5111
2024-07-15T02:30:00Z,17098,358,6550,23290,130,5112
2024-12-04T22:00:00Z,26525,4980,1744,23289,13,5113
2024-10-03T02:30:00Z,18931,932,5289,23288,5,5114
2024-08-11T00:30:00Z,17878,646,6050,23282,9,5115
2024-09-09T16:30:00Z,23365,5562,5479,23282,12,5116
2024-09-13T00:00:00Z,19991,800,4089,23280,307,5117
2024-06-08T23:00:00Z,19115,2137,6300,23278,15,5118
2024-06-12T11:00:00Z,23957,5562,4877,23272,7,5119
2024-09-03T23:00:00Z,21024,626,2873,23271,10,5120
2024-09-08T07:00:00Z,17909,639,5998,23268,9,5121
2024-07-12T01:30:00Z,18485,750,5527,23262,11,5122
2024-09-21T07:00:00Z,19127,1354,5488,23261,10,5123
2024-07-18T04:00:00Z,17466,950,6744,23260,967,5124
2024-09-20T11:00:00Z,24043,5572,4788,23259,9,5125
2024-10-29T04:30:00Z,19075,829,5013,23259,379,5126
2024-06-23T01:00:00Z,17533,1088,6807,23252,331,5127
2024-09-14T06:30:00Z,18469,1963,6745,23251,13,5128
2024-06-11T00:00:00Z,19249,1536,5532,23245,282,5129
2024-10-25T03:30:00Z,18845,1049,5442,23238,10,5130
2024-07-08T01:00:00Z,17563,461,6135,23237,3,5131
2024-07-30T06:00:00Z,19086,920,5071,23237,12,5132
2024-08-29T07:30:00Z,21989,3030,4277,23236,16,5133
2024-07-11T14:30:00Z,22748,6180,6666,23234,15,5134
2024-08-29T07:00:00Z,21360,2179,4053,23234,11,5135
2024-06-21T06:00:00Z,18842,2248,6639,23233,17,5136
2024-08-13T05:00:00Z,17906,1314,6641,23233,8,5137
2024-06-16T00:30:00Z,17853,998,6373,23228,708,5138
2024-08-16T18:00:00Z,23145,4952,5035,23228,11,5139
2024-09-11T08:30:00Z,23496,7249,6977,23224,12,5140
2024-06-22T00:00:00Z,18619,975,5578,23222,13,5141
2024-11-05T01:30:00Z,21239,336,2319,23222,827,5142
2024-07-10T03:00:00Z,17858,1592,6954,23220,357,5143
2024-07-08T15:00:00Z,23003,5487,5703,23219,7,5144
2024-07-31T01:30:00Z,18827,498,4890,23219,393,5145
2024-10-27T06:30:00Z,17508,1225,6932,23215,820,5146
2024-06-29T08:00:00Z,18408,4589,9395,23214,70,5147
2024-08-14T23:30:00Z,19871,1882,5224,23213,12,5148
2024-10-19T02:00:00Z,19427,1708,5493,23212,18,5149
2024-10-29T04:00:00Z,18790,813,5232,23209,523,5150
2024-08-11T01:00:00Z,17587,614,6235,23208,10,5151
2024-07-23T03:00:00Z,17517,615,6304,23206,696,5152
2024-07-25T22:30:00Z,22080,1334,2459,23205,7,5153
2024-06-24T02:30:00Z,17460,547,6291,23204,353,5154
2024-06-20T02:30:00Z,17972,721,5952,23203,128,5155
2024-08-14T00:30:00Z,19312,1069,4960,23203,281,5156
2024-06-30T16:00:00Z,20158,5252,8294,23200,14,5157
2024-09-21T23:30:00Z,18581,1331,5947,23197,16,5158
2024-06-22T00:30:00Z,18299,925,5820,23194,16,5159
2024-10-01T23:30:00Z,19936,2319,5572,23189,9,5160
2024-09-09T07:30:00Z,23841,2513,1859,23187,0,5161
2024-09-06T06:00:00Z,20243,1627,4566,23182,15,5162
2024-08-16T00:00:00Z,19400,1253,5034,23181,9,5163
2024-08-29T22:30:00Z,22432,1122,1871,23181,13,5164
2024-11-08T04:30:00Z,19483,831,4529,23181,531,5165
2024-08-22T09:00:00Z,24032,6157,5304,23179,24,5166
2024-07-08T02:00:00Z,17294,433,6314,23175,117,5167
2024-07-20T03:30:00Z,17709,893,6359,23175,74,5168
2024-08-04T22:30:00Z,19660,2407,5922,23175,14,5169
2024-09-16T07:00:00Z,23182,715,708,23175,2,5170
2024-07-31T01:00:00Z,18952,504,4726,23174,334,5171
2024-08-19T07:00:00Z,20879,2177,4472,23174,7,5172
2024-06-07T23:30:00Z,19361,2031,5842,23172,17,5173
2024-07-20T15:00:00Z,20595,4886,7462,23171,9,5174
2024-08-06T17:30:00Z,23166,6367,6372,23171,11,5175
2024-10-07T14:30:00Z,23471,6707,6407,23171,10,5176
2024-08-03T23:00:00Z,19636,734,4264,23166,9,5177
2024-07-14T00:30:00Z,17894,837,6108,23165,618,5178
2024-06-18T17:00:00Z,23656,5440,4948,23164,6,5179
2024-10-05T04:00:00Z,17810,2098,7449,23161,7,5180
2024-07-29T01:30:00Z,17372,930,6718,23160,349,5181
2024-07-29T00:00:00Z,18080,987,6066,23159,72,5182
2024-08-29T23:00:00Z,21103,1109,3165,23159,14,5183
2024-10-19T00:30:00Z,19712,2030,5476,23158,21,5184
2024-06-17T00:30:00Z,17853,1056,6358,23155,271,5185
2024-08-11T01:30:00Z,17416,582,6320,23154,12,5186
2024-09-25T02:30:00Z,18147,635,5635,23147,344,5187
2024-07-02T14:30:00Z,22135,7473,8483,23145,7,5188
2024-07-15T03:00:00Z,16930,357,6572,23145,130,5189
2024-09-13T02:00:00Z,19144,721,4721,23144,653,5190
2024-07-23T06:30:00Z,20138,1331,4332,23139,9,5191
2024-10-24T15:00:00Z,25871,6224,3490,23137,11,5192
2024-10-20T16:30:00Z,24940,6339,4535,23136,1,5193
2024-06-21T03:00:00Z,17393,1171,6909,23131,555,5194
2024-09-17T03:30:00Z,17692,614,6051,23129,276,5195
2024-10-23T04:00:00Z,19282,1604,5451,23129,12,5196
2024-06-11T15:00:00Z,22565,6072,6635,23128,7,5197
2024-07-11T14:00:00Z,22959,6457,6625,23127,15,5198
2024-10-03T14:00:00Z,23190,6952,6882,23120,10,5199
2024-10-17T00:00:00Z,20145,1078,4053,23120,6,5200
2024-10-22T06:30:00Z,24483,1934,571,23120,12,5201
2024-09-05T06:00:00Z,19157,1816,5778,23119,451,5202
2024-06-15T01:30:00Z,18463,709,5363,23117,22,5203
2024-10-03T03:00:00Z,18786,894,5224,23116,5,5204
2024-08-07T08:30:00Z,22098,6260,7277,23115,6,5205
2024-07-19T09:30:00Z,22092,8395,9417,23114,16,5206
2024-07-22T10:30:00Z,23339,5636,5410,23113,13,5207
2024-06-11T06:30:00Z,21024,3096,5183,23111,13,5208
2024-08-01T09:30:00Z,22889,5150,5371,23110,8,5209
2024-06-25T09:00:00Z,23053,6130,6186,23109,7,5210
2024-07-29T01:00:00Z,17464,942,6587,23109,198,5211
2024-06-12T09:30:00Z,24001,5974,5080,23107,7,5212
2024-07-08T22:00:00Z,22766,1184,1525,23107,11,5213
2024-07-20T04:30:00Z,17340,899,6665,23106,73,5214
2024-07-12T06:30:00Z,20672,1420,3852,23104,13,5215
2024-10-30T05:30:00Z,20492,368,2979,23103,14,5216
2024-06-07T00:30:00Z,18702,1129,5528,23101,44,5217
2024-06-20T07:30:00Z,22410,3514,4205,23101,11,5218
2024-07-10T11:00:00Z,23474,7232,6859,23101,9,5219
2024-10-24T12:30:00Z,25880,9281,6501,23100,12,5220
2024-07-15T03:30:00Z,16983,355,6471,23099,129,5221
2024-07-23T09:30:00Z,23201,5264,5161,23098,7,5222
2024-11-10T06:00:00Z,19226,706,4578,23098,561,5223
2024-10-19T11:00:00Z,23471,5096,4722,23097,10,5224
2024-09-13T01:30:00Z,19422,725,4399,23096,504,5225
2024-10-27T23:30:00Z,20732,2415,4779,23096,553,5226
2024-06-15T01:00:00Z,18502,706,5298,23094,7,5227
2024-07-17T02:00:00Z,18238,784,5638,23092,408,5228
2024-06-23T02:00:00Z,16962,979,7106,23089,666,5229
2024-06-12T12:30:00Z,24293,6255,5050,23088,7,5230
2024-06-19T02:00:00Z,18341,642,5389,23088,127,5231
2024-08-31T00:30:00Z,18043,734,5778,23087,8,5232
2024-11-03T04:30:00Z,17561,527,6053,23087,831,5233
2024-07-20T14:00:00Z,20782,5405,7707,23084,9,5234
2024-07-27T18:30:00Z,21814,2760,4030,23084,9,5235
2024-07-12T15:30:00Z,23313,4826,4595,23082,14,5236
2024-07-20T04:00:00Z,17513,896,6463,23080,127,5237
2024-09-08T02:00:00Z,17528,403,5955,23080,10,5238
2024-06-19T06:30:00Z,21035,1892,3933,23076,11,5239
2024-06-20T06:00:00Z,19521,1418,4969,23072,55,5240
2024-06-15T02:00:00Z,18230,715,5553,23068,310,5241
2024-07-29T17:30:00Z,23841,5475,4701,23067,14,5242
2024-08-13T03:00:00Z,17994,1097,6170,23067,68,5243
2024-07-08T02:30:00Z,17088,419,6397,23066,121,5244
2024-10-19T00:00:00Z,19844,2292,5513,23065,17,5245
2024-08-08T12:30:00Z,23760,6142,5445,23063,5,5246
2024-09-03T22:30:00Z,22384,634,1309,23059,7,5247
2024-09-06T00:30:00Z,18466,2034,6626,23058,639,5248
2024-07-11T13:30:00Z,22941,6582,6698,23057,14,5249
2024-06-24T12:00:00Z,23243,8329,8142,23056,8,5250
2024-07-11T12:30:00Z,23282,6758,6532,23056,14,5251
2024-08-16T22:00:00Z,22987,1685,1754,23056,15,5252
2024-10-07T02:30:00Z,18471,1218,5802,23055,889,5253
2024-07-04T22:00:00Z,22409,2882,3523,23050,11,5254
2024-07-11T10:00:00Z,23387,5843,5505,23049,14,5255
2024-10-19T01:00:00Z,19554,1915,5409,23048,20,5256
2024-09-17T06:00:00Z,20903,638,2782,23047,15,5257
2024-08-16T00:30:00Z,19080,1212,5178,23046,9,5258
2024-09-13T01:00:00Z,19459,737,4324,23046,375,5259
2024-09-25T03:00:00Z,18016,592,5622,23046,149,5260
2024-06-29T08:30:00Z,18741,5300,9600,23041,71,5261
2024-06-13T22:00:00Z,22764,3372,3648,23040,13,5262
2024-08-24T12:00:00Z,20575,6776,9241,23040,12,5263
2024-10-19T16:30:00Z,23480,2796,2356,23040,16,5264
2024-08-30T07:30:00Z,22158,2484,3362,23036,12,5265
2024-07-16T06:30:00Z,20561,1304,3774,23031,12,5266
2024-09-11T23:30:00Z,20076,2259,5214,23031,9,5267
2024-06-25T02:00:00Z,18922,523,4630,23029,120,5268
2024-07-23T03:30:00Z,17312,611,6325,23026,687,5269
2024-10-27T14:30:00Z,21358,6897,8563,23024,12,5270
2024-08-21T08:30:00Z,22424,6386,6982,23020,13,5271
2024-11-06T00:00:00Z,22107,651,1563,23019,9,5272
2024-10-27T02:00:00Z,18989,1536,5561,23014,425,5273
2024-07-10T21:30:00Z,22680,1410,1743,23013,9,5274
2024-08-07T23:30:00Z,19297,1870,5584,23011,18,5275
2024-08-07T06:00:00Z,18454,2163,6718,23009,21,5276
2024-07-11T01:00:00Z,18518,1252,5742,23008,73,5277
2024-10-13T06:30:00Z,19160,1476,5323,23007,755,5278
2024-08-01T01:00:00Z,19484,439,3960,23005,11,5279
2024-06-26T16:00:00Z,22271,8191,8923,23003,8,5280
2024-07-29T00:30:00Z,17704,953,6252,23003,78,5281
2024-07-24T02:00:00Z,18190,294,5103,22999,680,5282
2024-11-10T04:00:00Z,18787,656,4865,22996,571,5283
2024-09-21T00:00:00Z,18630,1340,5705,22995,585,5284
2024-07-20T14:30:00Z,20696,5242,7538,22992,9,5285
2024-07-22T01:30:00Z,17203,940,6724,22987,9,5286
2024-07-23T06:00:00Z,19437,934,4481,22984,12,5287
2024-09-04T13:30:00Z,23810,5766,4939,22983,6,5288
2024-06-13T00:00:00Z,19726,547,3803,22982,12,5289
2024-10-29T05:30:00Z,20234,862,3609,22981,15,5290
2024-07-24T05:30:00Z,18309,434,5102,22977,169,5291
2024-09-06T02:00:00Z,17946,1852,6881,22975,842,5292
2024-12-04T03:30:00Z,23020,1126,1080,22974,808,5293
2024-06-17T08:30:00Z,22364,5521,6130,22973,11,5294
2024-06-17T17:00:00Z,23593,5971,5351,22973,11,5295
2024-08-22T23:30:00Z,18916,2061,6114,22969,15,5296
2024-11-17T06:30:00Z,19701,1588,4852,22965,808,5297
2024-09-20T16:00:00Z,23283,5103,4784,22964,19,5298
2024-07-24T02:30:00Z,18088,302,5174,22960,701,5299
2024-10-25T04:00:00Z,18513,1044,5489,22958,10,5300
2024-06-06T09:30:00Z,21753,8157,9358,22954,9,5301
2024-12-05T06:00:00Z,23669,3436,2721,22954,40,5302
2024-08-01T06:00:00Z,19940,462,3472,22950,6,5303
2024-10-26T03:00:00Z,19138,900,4712,22950,7,5304
2024-08-13T04:30:00Z,17559,1233,6623,22949,62,5305
2024-08-06T10:00:00Z,23087,6114,5974,22947,5,5306
2024-11-24T22:30:00Z,22296,5501,6151,22946,918,5307
2024-06-30T02:30:00Z,16688,905,7162,22945,51,5308
2024-11-17T01:30:00Z,20426,2488,5006,22944,849,5309
2024-12-02T05:30:00Z,20398,3249,5792,22941,812,5310
2024-08-14T01:00:00Z,19005,1019,4954,22940,497,5311
2024-06-23T17:00:00Z,21349,5273,6863,22939,7,5312
2024-07-06T23:00:00Z,19084,1184,5039,22939,475,5313
2024-08-06T06:30:00Z,20197,1240,3981,22938,11,5314
2024-10-30T04:30:00Z,18785,377,4530,22938,266,5315
2024-06-23T01:30:00Z,17273,1030,6694,22937,423,5316
2024-08-05T10:30:00Z,22542,7980,8375,22937,8,5317
2024-06-24T03:30:00Z,17334,555,6157,22936,352,5318
2024-11-10T04:30:00Z,18584,666,5018,22936,572,5319
2024-09-06T02:30:00Z,17721,1817,7030,22934,838,5320
2024-06-11T09:00:00Z,23035,6858,6755,22932,8,5321
2024-09-28T05:30:00Z,18259,972,5645,22932,613,5322
2024-06-23T02:30:00Z,16640,927,7218,22931,882,5323
2024-07-11T12:00:00Z,23342,6796,6383,22929,14,5324
2024-06-18T02:30:00Z,18052,697,5573,22928,843,5325
2024-09-26T04:00:00Z,17855,2256,7328,22927,700,5326
2024-09-09T10:00:00Z,24933,5145,3138,22926,11,5327
2024-07-19T00:00:00Z,20256,793,3459,22922,15,5328
2024-09-16T08:30:00Z,24727,3502,1697,22922,6,5329
2024-07-20T10:30:00Z,21092,5647,7475,22920,9,5330
2024-07-17T02:30:00Z,17988,761,5692,22919,411,5331
2024-11-08T06:00:00Z,23161,808,565,22918,9,5332
2024-07-02T00:30:00Z,18308,1575,6183,22916,622,5333
2024-09-06T01:00:00Z,18237,1961,6638,22914,795,5334
2024-11-06T02:00:00Z,21032,649,2531,22914,816,5335
2024-09-28T03:00:00Z,18624,1309,5598,22913,659,5336
2024-06-20T03:00:00Z,17628,678,5962,22912,124,5337
2024-07-01T01:00:00Z,17390,716,6238,22912,3,5338
2024-10-22T00:00:00Z,20315,2373,4970,22912,17,5339
2024-06-18T06:30:00Z,21152,1948,3706,22910,70,5340
2024-10-01T00:00:00Z,19731,2331,5507,22907,687,5341
2024-07-24T13:30:00Z,23054,7224,7075,22905,11,5342
2024-08-19T20:00:00Z,24086,3964,2779,22901,12,5343
2024-09-02T00:30:00Z,18319,698,5280,22901,14,5344
2024-07-02T13:30:00Z,22388,7147,7658,22899,8,5345
2024-09-03T06:30:00Z,21543,717,2073,22899,7,5346
2024-06-21T17:30:00Z,22242,5861,6517,22898,11,5347
2024-10-15T06:00:00Z,22671,1375,1602,22898,59,5348
2024-07-17T06:30:00Z,20677,1701,3921,22897,13,5349
2024-07-11T11:30:00Z,23177,6653,6367,22891,14,5350
2024-09-06T01:30:00Z,18176,1887,6601,22890,728,5351
2024-10-04T11:00:00Z,23852,9362,8399,22889,12,5352
2024-08-14T06:30:00Z,20741,882,3029,22888,8,5353
2024-11-12T05:30:00Z,21892,1097,2092,22887,11,5354
2024-07-10T03:30:00Z,17517,1581,6950,22886,632,5355
2024-09-09T12:00:00Z,23973,7362,6274,22885,9,5356
2024-07-11T10:30:00Z,23289,5981,5575,22883,14,5357
2024-07-26T02:00:00Z,17995,1264,6152,22883,412,5358
2024-10-07T15:00:00Z,23933,5751,4701,22883,9,5359
2024-08-30T08:30:00Z,22701,4836,5016,22881,10,5360
2024-09-26T05:00:00Z,18361,2298,6818,22881,246,5361
2024-08-27T22:30:00Z,21661,1635,2852,22878,15,5362
2024-06-24T03:00:00Z,17304,551,6120,22873,353,5363
2024-07-11T13:00:00Z,23030,6785,6627,22872,14,5364
2024-06-29T02:00:00Z,17573,1105,6403,22871,8,5365
2024-07-16T00:30:00Z,19074,638,4435,22871,13,5366
2024-08-15T09:00:00Z,22141,6264,6994,22871,304,5367
2024-12-05T23:00:00Z,22590,5575,5851,22866,864,5368
2024-10-11T11:00:00Z,24857,8995,7002,22864,15,5369
2024-10-25T04:30:00Z,18462,1039,5441,22864,106,5370
2024-09-20T00:00:00Z,18910,1208,5160,22862,13,5371
2024-09-10T15:00:00Z,23827,7348,6378,22857,612,5372
2024-09-18T10:00:00Z,24211,5285,3931,22857,16,5373
2024-08-01T01:30:00Z,19241,423,4031,22849,267,5374
2024-08-15T16:00:00Z,23436,6959,6371,22848,556,5375
2024-06-11T00:30:00Z,18778,1471,5539,22846,297,5376
2024-07-11T11:00:00Z,23077,6305,6074,22846,14,5377
2024-11-22T06:00:00Z,26202,3042,-314,22846,57,5378
2024-10-05T22:30:00Z,20714,2955,5084,22843,803,5379
2024-08-12T09:00:00Z,23831,6272,5283,22842,10,5380
2024-11-11T02:30:00Z,19502,1798,5137,22841,835,5381
2024-06-24T13:30:00Z,22845,8421,8416,22840,8,5382
2024-11-22T04:00:00Z,22289,3443,3993,22839,760,5383
2024-07-10T23:30:00Z,19376,1300,4761,22837,13,5384
2024-09-14T02:30:00Z,17440,1858,7255,22837,310,5385
2024-09-02T00:00:00Z,18525,710,5011,22826,13,5386
2024-11-11T02:00:00Z,19625,1807,5008,22826,833,5387
2024-06-24T06:00:00Z,19307,1412,4929,22824,15,5388
2024-11-09T04:00:00Z,19207,303,3918,22822,795,5389
2024-10-30T04:00:00Z,18648,381,4552,22819,280,5390
2024-10-10T11:30:00Z,25521,7663,4958,22816,10,5391
2024-09-23T22:30:00Z,21744,897,1967,22814,10,5392
2024-09-06T12:30:00Z,23473,7966,7305,22812,12,5393
2024-10-20T10:30:00Z,24043,5875,4642,22810,604,5394
2024-07-01T01:30:00Z,17301,726,6234,22809,3,5395
2024-10-24T13:00:00Z,25634,9229,6403,22808,11,5396
2024-07-18T05:00:00Z,17607,976,6173,22804,365,5397
2024-06-24T14:30:00Z,22536,7963,8230,22803,8,5398
2024-07-08T09:00:00Z,22829,5888,5860,22801,7,5399
2024-07-07T17:30:00Z,21189,5289,6900,22800,7,5400
2024-10-03T03:30:00Z,18566,856,5089,22799,5,5401
2024-06-09T16:30:00Z,20318,5754,8234,22798,5,5402
2024-09-04T14:30:00Z,23538,5239,4498,22797,8,5403
2024-07-03T02:00:00Z,17971,1102,5927,22796,72,5404
2024-10-20T10:00:00Z,23851,5649,4594,22796,598,5405
2024-07-02T06:00:00Z,19072,1682,5405,22795,212,5406
2024-10-03T04:00:00Z,18487,852,5159,22794,7,5407
2024-09-07T02:00:00Z,18278,782,5290,22786,9,5408
2024-08-05T23:30:00Z,19329,1462,4918,22785,174,5409
2024-10-24T14:30:00Z,25462,7203,4526,22785,11,5410
2024-07-08T13:30:00Z,22902,6491,6373,22784,7,5411
2024-09-13T02:30:00Z,18870,717,4631,22784,798,5412
2024-08-08T21:30:00Z,22747,2888,2918,22777,8,5413
2024-10-05T10:00:00Z,21370,7807,9213,22776,8,5414
2024-06-26T08:30:00Z,22829,5289,5235,22775,12,5415
2024-11-13T11:30:00Z,28687,5902,-10,22775,9,5416
2024-07-19T01:00:00Z,19387,783,4170,22774,353,5417
2024-11-29T05:00:00Z,21823,3425,4376,22774,451,5418
2024-08-23T22:30:00Z,20835,1918,3855,22772,1,5419
2024-11-04T02:00:00Z,19654,376,3494,22772,834,5420
2024-07-08T23:00:00Z,20178,1340,3933,22771,9,5421
2024-09-10T10:30:00Z,24097,8210,6884,22771,773,5422
2024-06-20T03:30:00Z,17457,635,5948,22770,129,5423
2024-10-10T12:00:00Z,25651,8084,5203,22770,15,5424
2024-09-01T23:30:00Z,19299,722,4192,22769,10,5425
2024-09-26T03:30:00Z,17869,2246,7146,22769,696,5426
2024-07-26T08:00:00Z,21387,4914,6294,22767,8,5427
2024-07-22T11:00:00Z,23280,5962,5448,22766,17,5428
2024-09-04T14:00:00Z,23527,5185,4422,22764,10,5429
2024-09-26T04:30:00Z,17698,2266,7332,22764,696,5430
2024-11-07T05:30:00Z,20555,1322,3530,22763,694,5431
2024-06-10T17:00:00Z,23180,7698,7277,22759,4,5432
2024-10-23T05:00:00Z,19744,1588,4602,22758,10,5433
2024-06-22T01:00:00Z,17720,891,5925,22754,575,5434
2024-06-12T10:30:00Z,23720,5787,4818,22751,7,5435
2024-11-03T05:30:00Z,17759,508,5499,22750,833,5436
2024-07-17T08:30:00Z,22668,5368,5448,22748,7,5437
2024-06-26T01:00:00Z,19375,450,3818,22743,3,5438
2024-09-03T12:30:00Z,23991,7545,6294,22740,13,5439
2024-10-20T21:30:00Z,22394,5067,5412,22739,853,5440
2024-10-07T05:30:00Z,18995,1158,4901,22738,502,5441
2024-08-13T03:30:00Z,17693,1125,6168,22736,72,5442
2024-08-30T17:30:00Z,23155,3726,3306,22735,10,5443
2024-07-16T11:00:00Z,24258,5686,4162,22734,10,5444
2024-08-03T23:30:00Z,18864,723,4590,22731,9,5445
2024-08-13T02:00:00Z,18163,1042,5610,22731,5,5446
2024-06-07T01:00:00Z,18303,1173,5599,22729,9,5447
2024-07-10T11:30:00Z,23182,7574,7117,22725,9,5448
2024-10-15T04:00:00Z,19316,1322,4729,22723,579,5449
2024-08-03T00:00:00Z,19184,1147,4683,22720,7,5450
2024-10-22T00:30:00Z,20262,2358,4813,22717,63,5451
2024-08-04T08:30:00Z,17845,3244,8113,22714,17,5452
2024-08-29T01:00:00Z,18338,1117,5490,22711,7,5453
2024-10-03T13:30:00Z,23193,7403,6920,22710,8,5454
2024-06-13T00:30:00Z,19251,591,4049,22709,10,5455
2024-11-07T04:30:00Z,19305,1225,4628,22708,846,5456
2024-08-13T04:00:00Z,17572,1179,6314,22707,70,5457
2024-06-10T01:00:00Z,16965,1570,7308,22703,404,5458
2024-11-07T04:00:00Z,19172,1190,4721,22703,844,5459
2024-09-25T05:00:00Z,18326,461,4835,22700,17,5460
2024-06-21T03:30:00Z,17119,1195,6774,22698,567,5461
2024-09-14T06:00:00Z,17944,1941,6695,22698,58,5462
2024-11-25T06:00:00Z,22587,4851,4962,22698,799,5463
2024-09-01T09:30:00Z,20015,5140,7820,22695,852,5464
2024-10-26T06:00:00Z,19694,1088,4088,22694,13,5465
2024-08-16T05:30:00Z,18064,1105,5730,22689,12,5466
2024-10-03T04:30:00Z,18502,847,5034,22689,10,5467
2024-06-29T06:00:00Z,16946,1730,7472,22688,66,5468
2024-08-22T16:30:00Z,23489,6618,5817,22688,33,5469
2024-10-24T13:30:00Z,25233,8816,6270,22687,13,5470
2024-06-10T08:00:00Z,22448,5654,5892,22686,7,5471
2024-08-19T01:30:00Z,17323,818,6181,22686,11,5472
2024-07-23T04:00:00Z,17214,608,6078,22684,485,5473
2024-09-18T23:30:00Z,19336,1329,4674,22681,7,5474
2024-07-02T15:00:00Z,22075,7314,7919,22680,12,5475
2024-07-23T04:30:00Z,17279,605,6006,22680,407,5476
2024-09-19T16:30:00Z,24091,4871,3460,22680,21,5477
2024-11-06T06:00:00Z,23838,684,-474,22680,43,5478
2024-10-24T06:00:00Z,21998,3108,3788,22678,814,5479
2024-06-18T09:00:00Z,23139,5840,5378,22677,7,5480
2024-07-11T01:30:00Z,18151,1229,5753,22675,213,5481
2024-08-29T09:30:00Z,21865,7621,8430,22674,194,5482
2024-08-08T09:00:00Z,22560,6060,6172,22672,5,5483
2024-09-07T06:30:00Z,18601,672,4743,22672,9,5484
2024-08-29T01:30:00Z,18232,1141,5580,22671,12,5485
2024-09-22T22:00:00Z,21622,914,1962,22670,14,5486
2024-10-15T04:30:00Z,19296,1356,4729,22669,466,5487
2024-07-16T15:30:00Z,23474,5615,4808,22667,13,5488
2024-11-03T05:00:00Z,17686,518,5498,22666,648,5489
2024-07-24T13:00:00Z,23077,7355,6943,22665,11,5490
2024-09-09T12:30:00Z,23309,7524,6880,22665,207,5491
2024-09-06T03:00:00Z,17565,1782,6880,22663,833,5492
2024-07-27T23:30:00Z,18722,512,4452,22662,8,5493
2024-06-26T02:00:00Z,18934,423,4147,22658,3,5494
2024-08-26T21:30:00Z,22068,1704,2292,22656,5,5495
2024-09-07T01:00:00Z,18642,852,4866,22656,9,5496
2024-07-10T12:00:00Z,22991,8222,7885,22654,9,5497
2024-08-14T14:30:00Z,22582,6241,6313,22654,13,5498
2024-10-27T11:00:00Z,21308,8043,9387,22652,14,5499
2024-06-13T06:30:00Z,20713,2686,4624,22651,11,5500
2024-10-19T06:00:00Z,18847,1357,5160,22650,15,5501
2024-08-03T07:00:00Z,18422,1590,5817,22649,9,5502
2024-08-28T06:30:00Z,20120,1420,3949,22649,12,5503
2024-10-25T06:00:00Z,21647,1031,2032,22648,6,5504
2024-10-15T23:00:00Z,21111,3054,4590,22647,758,5505
2024-07-26T06:00:00Z,18791,1550,5405,22646,10,5506
2024-06-29T09:00:00Z,18901,6053,9794,22642,13,5507
2024-07-31T02:00:00Z,18457,495,4674,22636,641,5508
2024-08-01T02:00:00Z,18856,413,4192,22635,287,5509
2024-09-26T03:00:00Z,17730,2203,7108,22635,532,5510
2024-09-25T03:30:00Z,17714,548,5468,22634,131,5511
2024-06-24T11:30:00Z,22997,8243,7877,22631,8,5512
2024-09-14T22:30:00Z,20220,2350,4759,22629,14,5513
2024-09-09T11:00:00Z,24494,6687,4820,22627,8,5514
2024-06-13T09:30:00Z,23151,7405,6878,22624,7,5515
2024-07-27T00:00:00Z,19043,684,4265,22624,8,5516
2024-10-18T15:30:00Z,25297,5842,3169,22624,11,5517
2024-06-22T01:30:00Z,17526,856,5953,22623,658,5518
2024-07-24T05:00:00Z,17808,372,5185,22621,399,5519
2024-09-29T22:00:00Z,21419,3786,4988,22621,699,5520
2024-06-24T12:30:00Z,23105,8594,8107,22618,8,5521
2024-06-29T02:30:00Z,17331,1081,6367,22617,8,5522
2024-08-08T12:00:00Z,23644,6537,5508,22615,5,5523
2024-08-19T20:30:00Z,23839,3975,2751,22615,8,5524
2024-06-06T10:00:00Z,21289,8060,9384,22613,9,5525
2024-07-29T05:30:00Z,17439,943,6116,22612,14,5526
2024-08-02T04:30:00Z,18053,793,5348,22608,8,5527
2024-10-07T11:00:00Z,24645,7366,5329,22608,11,5528
2024-07-15T04:00:00Z,16872,362,6097,22607,128,5529
2024-06-30T12:00:00Z,19994,6180,8792,22606,13,5530
2024-08-05T11:00:00Z,22357,8109,8358,22606,6,5531
2024-10-02T01:00:00Z,19049,2239,5795,22605,767,5532
2024-10-07T03:00:00Z,18024,1209,5790,22605,883,5533
2024-06-12T16:00:00Z,23308,5829,5125,22604,7,5534
2024-06-11T06:00:00Z,19606,2312,5302,22596,15,5535
2024-07-10T16:30:00Z,22914,6543,6225,22596,13,5536
2024-06-26T01:30:00Z,19154,430,3871,22595,3,5537
2024-11-17T02:00:00Z,20127,2365,4832,22594,787,5538
2024-09-08T02:30:00Z,17147,407,5852,22592,10,5539
2024-07-13T00:00:00Z,19107,635,4117,22589,11,5540
2024-07-19T00:30:00Z,19772,781,3597,22588,22,5541
2024-08-06T10:30:00Z,23102,6781,6267,22588,4,5542
2024-07-26T18:00:00Z,22640,4381,4327,22586,8,5543
2024-08-06T11:00:00Z,22843,7011,6754,22586,9,5544
2024-08-24T18:30:00Z,21531,4152,5205,22584,1,5545
2024-08-14T10:30:00Z,23159,6043,5465,22581,12,5546
2024-10-18T23:00:00Z,20615,2717,4683,22581,14,5547
2024-08-29T00:30:00Z,18534,1092,5134,22576,8,5548
2024-09-07T01:30:00Z,18535,819,4855,22571,9,5549
2024-07-26T02:30:00Z,17727,1244,6087,22570,504,5550
2024-07-05T10:30:00Z,22749,7686,7504,22567,11,5551
2024-08-03T18:30:00Z,21368,3467,4665,22566,14,5552
2024-10-02T00:00:00Z,19502,2306,5370,22566,323,5553
2024-08-07T16:00:00Z,22220,6722,7066,22564,601,5554
2024-08-11T22:30:00Z,20602,2536,4498,22564,126,5555
2024-11-16T05:30:00Z,19442,2076,5197,22563,735,5556
2024-06-27T06:30:00Z,20406,3315,5471,22562,12,5557
2024-09-20T00:30:00Z,18473,1154,5241,22560,60,5558
2024-11-12T03:00:00Z,20734,1152,2976,22558,822,5559
2024-08-29T02:00:00Z,18201,1144,5500,22557,17,5560
2024-09-14T08:30:00Z,20156,5373,7773,22556,411,5561
2024-07-30T01:30:00Z,18575,635,4611,22551,357,5562
2024-06-25T06:30:00Z,21080,1709,3178,22549,7,5563
2024-08-21T21:00:00Z,23738,3971,2782,22549,6,5564
2024-10-24T01:30:00Z,20019,3089,5618,22548,845,5565
2024-07-26T06:30:00Z,19591,2127,5079,22543,29,5566
2024-08-22T09:30:00Z,23962,6735,5316,22543,6,5567
2024-07-06T01:00:00Z,18192,726,5074,22540,7,5568
2024-07-12T02:00:00Z,18082,754,5211,22539,259,5569
2024-11-16T05:00:00Z,19452,2071,5158,22539,848,5570
2024-09-01T15:00:00Z,20108,6237,8665,22536,671,5571
2024-08-27T23:00:00Z,20284,1630,3881,22535,14,5572
2024-07-31T06:30:00Z,20427,1304,3410,22533,5,5573
2024-07-02T15:30:00Z,22279,7459,7712,22532,12,5574
2024-08-02T04:00:00Z,17978,719,5272,22531,6,5575
2024-11-02T06:00:00Z,19372,788,3947,22531,275,5576
2024-09-16T00:00:00Z,18233,712,4998,22519,9,5577
2024-06-19T02:30:00Z,17902,625,5237,22514,130,5578
2024-06-14T09:00:00Z,22939,6290,5863,22512,13,5579
2024-10-04T14:00:00Z,22915,8276,7871,22510,10,5580
2024-09-09T10:30:00Z,24718,5724,3515,22509,8,5581
2024-08-05T16:00:00Z,22584,6681,6605,22508,11,5582
2024-10-07T11:30:00Z,24267,7318,5558,22507,11,5583
2024-09-21T16:30:00Z,21835,3855,4525,22505,8,5584
2024-09-09T00:00:00Z,17391,1927,7040,22504,87,5585
2024-08-04T09:00:00Z,18056,4084,8529,22501,17,5586
2024-07-24T23:30:00Z,19679,1946,4767,22500,15,5587
2024-07-29T02:00:00Z,17136,920,6284,22500,349,5588
2024-06-25T02:30:00Z,18530,482,4450,22498,121,5589
2024-06-24T14:00:00Z,22503,8073,8067,22497,8,5590
2024-08-06T12:00:00Z,22635,7916,7777,22496,7,5591
2024-08-31T08:00:00Z,18748,3308,7054,22494,11,5592
2024-10-10T12:30:00Z,25503,8260,5251,22494,15,5593
2024-09-01T10:00:00Z,20004,5804,8292,22492,847,5594
2024-06-15T17:30:00Z,21507,4587,5568,22488,7,5595
2024-09-21T17:00:00Z,22796,3070,2761,22487,7,5596
2024-08-26T18:00:00Z,22907,2854,2433,22486,8,5597
2024-08-16T01:00:00Z,18689,1204,4997,22482,13,5598
2024-09-09T07:00:00Z,22737,2271,2011,22477,1,5599
2024-09-22T00:00:00Z,18055,1286,5708,22477,16,5600
2024-11-22T04:30:00Z,22364,3420,3532,22476,857,5601
2024-10-10T13:30:00Z,24983,7357,4846,22472,11,5602
2024-09-16T06:30:00Z,21734,552,1289,22471,12,5603
2024-09-14T17:30:00Z,22417,5193,5245,22469,13,5604
2024-06-11T02:00:00Z,18150,1476,5794,22468,818,5605
2024-10-11T14:30:00Z,23185,7085,6368,22468,12,5606
2024-08-29T17:30:00Z,23967,4887,3386,22466,10,5607
2024-07-08T03:00:00Z,16710,407,6161,22464,76,5608
2024-10-27T06:00:00Z,17200,1242,6505,22463,825,5609
2024-07-22T06:30:00Z,19411,1696,4747,22462,14,5610
2024-09-05T02:00:00Z,17514,1236,6184,22462,661,5611
2024-08-12T08:00:00Z,23142,4779,4095,22458,11,5612
2024-08-03T07:30:00Z,18930,2192,5717,22455,7,5613
2024-10-24T01:00:00Z,19852,3028,5629,22453,764,5614
2024-09-07T02:30:00Z,17928,745,5268,22451,9,5615
2024-11-06T02:30:00Z,20589,641,2502,22450,837,5616
2024-07-04T18:00:00Z,23302,7465,6612,22449,2,5617
2024-09-06T14:30:00Z,22680,7092,6853,22441,12,5618
2024-06-11T01:00:00Z,18488,1472,5424,22440,394,5619
2024-09-02T01:30:00Z,18189,631,4880,22438,14,5620
2024-10-02T01:30:00Z,18939,2184,5678,22433,863,5621
2024-10-19T02:30:00Z,18895,1617,5155,22433,18,5622
2024-07-16T12:00:00Z,24201,6020,4251,22432,10,5623
2024-09-27T06:30:00Z,21020,3599,5011,22432,431,5624
2024-06-10T01:30:00Z,16829,1633,7232,22428,697,5625
2024-09-02T02:00:00Z,17974,616,5070,22428,14,5626
2024-07-17T06:00:00Z,19428,1135,4134,22427,15,5627
2024-08-20T07:00:00Z,21213,2966,4178,22425,3,5628
2024-08-14T01:30:00Z,18615,969,4777,22423,999,5629
2024-10-20T02:00:00Z,17655,2323,7088,22420,15,5630
2024-06-07T01:30:00Z,17985,1217,5651,22419,9,5631
2024-09-28T03:30:00Z,18305,1261,5373,22417,694,5632
2024-08-04T16:30:00Z,19368,6508,9556,22416,389,5633
2024-08-07T01:00:00Z,17676,1613,6353,22416,593,5634
2024-06-29T06:30:00Z,17204,2301,7511,22414,12,5635
2024-07-21T17:30:00Z,20956,5020,6475,22411,17,5636
2024-07-25T01:30:00Z,18544,1758,5624,22410,1010,5637
2024-11-16T03:30:00Z,19451,2358,5314,22407,817,5638
2024-07-03T02:30:00Z,17814,1153,5745,22406,121,5639
2024-11-27T04:00:00Z,21725,1396,2075,22404,65,5640
2024-10-10T13:00:00Z,25402,8059,5060,22403,10,5641
2024-08-04T00:00:00Z,18350,667,4718,22401,9,5642
2024-08-13T02:30:00Z,17796,1069,5673,22400,61,5643
2024-10-15T05:30:00Z,20505,1345,3240,22400,568,5644
2024-10-17T01:30:00Z,19886,1067,3580,22399,6,5645
2024-10-27T02:30:00Z,18493,1502,5405,22396,717,5646
2024-08-16T09:00:00Z,21994,6528,6929,22395,5,5647
2024-07-20T11:00:00Z,21041,6121,7474,22394,10,5648
2024-08-08T11:30:00Z,23184,6530,5738,22392,5,5649
2024-10-04T14:30:00Z,22675,7758,7475,22392,9,5650
2024-07-11T02:00:00Z,17815,1209,5782,22388,529,5651
2024-07-31T02:30:00Z,18290,491,4589,22388,637,5652
2024-09-04T13:00:00Z,23911,6136,4610,22385,6,5653
2024-08-02T16:30:00Z,21809,7246,7819,22382,11,5654
2024-09-28T05:00:00Z,18008,1034,5404,22378,545,5655
2024-07-06T23:30:00Z,18525,1163,5014,22376,660,5656
2024-09-18T00:00:00Z,19008,938,4306,22376,9,5657
2024-08-05T22:30:00Z,21447,1538,2465,22374,12,5658
2024-08-04T09:30:00Z,18252,4832,8952,22372,17,5659
2024-07-08T12:30:00Z,23205,6833,5998,22370,7,5660
2024-11-05T02:00:00Z,20754,329,1945,22370,821,5661
2024-06-07T11:00:00Z,21176,10175,11368,22369,541,5662
2024-08-06T12:30:00Z,22469,7955,7855,22369,8,5663
2024-06-12T10:00:00Z,23638,6056,4784,22366,7,5664
2024-06-13T11:30:00Z,22953,7779,7191,22365,7,5665
2024-06-13T01:00:00Z,18793,613,4181,22361,7,5666
2024-10-02T15:30:00Z,25871,5148,1638,22361,7,5667
2024-06-07T09:00:00Z,21278,8271,9352,22359,7,5668
2024-07-28T00:00:00Z,18182,500,4676,22358,8,5669
2024-10-09T04:00:00Z,18037,2173,6493,22357,688,5670
2024-07-08T13:00:00Z,22939,6888,6305,22356,7,5671
2024-07-12T15:00:00Z,22631,4930,4654,22355,14,5672
2024-07-25T01:00:00Z,18548,1795,5599,22352,979,5673
2024-09-20T11:30:00Z,23859,6326,4819,22352,9,5674
2024-10-04T12:30:00Z,23474,9712,8589,22351,11,5675
2024-06-12T03:00:00Z,18236,510,4623,22349,412,5676
2024-10-17T05:30:00Z,19057,1295,4586,22348,419,5677
2024-09-09T11:30:00Z,24135,7016,5227,22346,8,5678
2024-07-16T11:30:00Z,24223,6137,4259,22345,10,5679
2024-06-07T17:30:00Z,22074,6661,6931,22344,9,5680
2024-10-07T14:00:00Z,23388,7242,6198,22344,10,5681
2024-06-19T06:00:00Z,19593,1392,4142,22343,106,5682
2024-06-24T13:00:00Z,22880,8722,8184,22342,8,5683
2024-09-02T01:00:00Z,18130,665,4875,22340,14,5684
2024-08-07T01:30:00Z,17454,1644,6529,22339,602,5685
2024-06-19T09:00:00Z,23162,5396,4571,22337,11,5686
2024-06-17T09:00:00Z,22280,6439,6494,22335,11,5687
2024-10-26T03:30:00Z,18704,921,4548,22331,7,5688
2024-07-06T01:30:00Z,17912,739,5154,22327,11,5689
2024-07-17T16:00:00Z,22220,6908,7011,22323,8,5690
2024-08-19T00:00:00Z,17848,870,5344,22322,7,5691
2024-08-11T02:00:00Z,16989,566,5896,22319,12,5692
2024-10-17T00:30:00Z,19585,1110,3844,22319,6,5693
2024-07-01T02:00:00Z,16968,731,6081,22318,3,5694
2024-08-17T23:00:00Z,19567,1312,4062,22317,8,5695
2024-07-18T16:30:00Z,22756,7202,6760,22314,12,5696
2024-08-09T18:30:00Z,22769,5375,4919,22313,0,5697
2024-09-15T13:30:00Z,20219,6189,8278,22308,8,5698
2024-09-13T03:00:00Z,18481,716,4540,22305,861,5699
2024-10-24T00:00:00Z,20035,2924,5192,22303,862,5700
2024-07-15T04:30:00Z,16674,369,5996,22301,133,5701
2024-07-14T16:30:00Z,21340,5217,6176,22299,15,5702
2024-11-27T04:30:00Z,21830,1499,1968,22299,67,5703
2024-06-11T01:30:00Z,18308,1472,5462,22298,567,5704
2024-06-13T12:00:00Z,23291,7940,6947,22298,6,5705
2024-07-12T06:00:00Z,19289,1125,4133,22297,70,5706
2024-08-18T18:00:00Z,21472,4186,5011,22297,9,5707
2024-07-02T01:00:00Z,18171,1550,5675,22296,410,5708
2024-11-10T05:00:00Z,18526,680,4449,22295,568,5709
2024-07-08T12:00:00Z,23093,6806,6007,22294,7,5710
2024-08-14T15:30:00Z,22390,6002,5906,22294,14,5711
2024-07-02T14:00:00Z,21957,7672,8005,22290,8,5712
2024-07-12T02:30:00Z,17747,758,5301,22290,291,5713
2024-06-27T19:00:00Z,22645,5891,5530,22284,1,5714
2024-06-26T02:30:00Z,18729,416,3969,22282,3,5715
2024-07-26T03:00:00Z,17537,1229,5973,22281,411,5716
2024-07-04T22:30:00Z,21674,2853,3458,22279,11,5717
2024-11-15T05:30:00Z,22334,1205,1150,22279,16,5718
2024-07-16T06:00:00Z,19420,1050,3908,22278,12,5719
2024-06-12T03:30:00Z,18159,499,4615,22275,406,5720
2024-07-17T05:30:00Z,18033,745,4984,22272,72,5721
2024-11-04T02:30:00Z,19315,369,3323,22269,830,5722
2024-08-12T08:30:00Z,23488,5588,4367,22267,13,5723
2024-08-07T09:00:00Z,22110,6899,7055,22266,6,5724
2024-09-04T06:30:00Z,21679,571,1157,22265,10,5725
2024-06-22T02:00:00Z,17238,827,5852,22263,711,5726
2024-07-08T03:30:00Z,16562,394,6095,22263,62,5727
2024-06-22T17:30:00Z,19414,6032,8879,22261,8,5728
2024-09-23T06:30:00Z,22516,764,509,22261,11,5729
2024-10-09T04:30:00Z,18068,2213,6406,22261,882,5730
2024-07-13T16:30:00Z,20657,4360,5963,22260,11,5731
2024-07-26T07:30:00Z,20777,3832,5315,22260,8,5732
2024-07-09T06:30:00Z,20250,2348,4355,22257,15,5733
2024-08-04T00:30:00Z,17924,611,4942,22255,7,5734
2024-08-05T06:30:00Z,18838,3053,6470,22255,221,5735
2024-06-27T22:00:00Z,21697,3703,4258,22252,6,5736
2024-10-25T05:30:00Z,19726,1017,3543,22252,13,5737
2024-06-08T23:30:00Z,18397,2141,5995,22251,99,5738
2024-07-24T10:30:00Z,22839,6965,6373,22247,7,5739
2024-09-11T06:30:00Z,21161,2823,3909,22247,10,5740
2024-08-31T01:00:00Z,17583,745,5407,22245,8,5741
2024-08-04T08:00:00Z,17306,2745,7683,22244,17,5742
2024-07-30T05:30:00Z,17826,575,4989,22240,10,5743
2024-06-20T04:00:00Z,17296,612,5555,22239,104,5744
2024-07-20T13:00:00Z,20558,5935,7614,22237,9,5745
2024-09-27T12:00:00Z,24611,9485,7111,22237,7,5746
2024-08-16T01:30:00Z,18487,1196,4945,22236,10,5747
2024-09-21T00:30:00Z,18206,1291,5321,22236,646,5748
2024-06-30T03:00:00Z,16345,932,6821,22234,461,5749
2024-09-06T03:30:00Z,17523,1747,6458,22234,823,5750
2024-10-02T00:30:00Z,19128,2293,5399,22234,538,5751
2024-08-06T11:30:00Z,22753,7702,7182,22233,8,5752
2024-08-19T01:00:00Z,17321,825,5736,22232,8,5753
2024-07-25T00:00:00Z,19026,1889,5092,22229,580,5754
2024-08-21T16:00:00Z,23077,7307,6457,22227,628,5755
2024-09-17T04:30:00Z,17574,649,5301,22226,278,5756
2024-10-20T13:30:00Z,24333,8485,6378,22226,850,5757
2024-06-26T06:30:00Z,20848,1783,3159,22224,13,5758
2024-09-21T10:00:00Z,21058,4915,6075,22218,9,5759
2024-09-11T16:30:00Z,23400,7587,6402,22215,10,5760
2024-10-10T05:30:00Z,19573,1993,4635,22215,884,5761
2024-06-17T16:30:00Z,22719,6658,6151,22212,11,5762
2024-07-31T06:00:00Z,19464,763,3508,22209,5,5763
2024-07-30T16:30:00Z,22568,7152,6789,22205,14,5764
2024-10-18T23:30:00Z,20120,2553,4636,22203,13,5765
2024-07-10T05:30:00Z,18033,1661,5827,22199,404,5766
2024-11-10T05:30:00Z,18510,693,4381,22198,569,5767
2024-07-01T03:00:00Z,16609,752,6340,22197,62,5768
2024-09-13T03:30:00Z,18411,714,4499,22196,863,5769
2024-10-29T05:00:00Z,19365,846,3677,22196,27,5770
2024-09-10T23:00:00Z,19878,2806,5119,22191,473,5771
2024-09-15T08:00:00Z,18314,3120,6997,22191,16,5772
2024-07-22T11:30:00Z,23271,6450,5369,22190,17,5773
2024-07-16T02:00:00Z,18218,693,4664,22189,266,5774
2024-08-16T05:00:00Z,17545,1123,5763,22185,13,5775
2024-09-06T15:00:00Z,22623,6647,6209,22185,12,5776
2024-10-01T00:30:00Z,19369,2258,5072,22183,686,5777
2024-06-16T18:00:00Z,21179,5124,6126,22181,13,5778
2024-07-09T00:30:00Z,18203,1438,5416,22181,7,5779
2024-07-29T02:30:00Z,16864,910,6227,22181,348,5780
2024-08-14T14:00:00Z,22355,6159,5984,22180,6,5781
2024-11-12T03:30:00Z,20486,1127,2821,22180,821,5782
2024-10-04T15:00:00Z,22735,6841,6284,22178,10,5783
2024-10-09T05:30:00Z,19077,2274,5375,22178,22,5784
2024-12-02T03:00:00Z,19449,2521,5250,22178,881,5785
2024-07-03T05:30:00Z,17891,1422,5705,22174,31,5786
2024-08-03T08:00:00Z,19423,2989,5738,22172,7,5787
2024-10-17T01:00:00Z,19720,1089,3540,22171,6,5788
2024-11-09T04:30:00Z,18930,283,3524,22171,749,5789
2024-08-03T00:30:00Z,18651,1108,4623,22166,7,5790
2024-07-26T03:30:00Z,17473,1214,5906,22165,413,5791
2024-10-02T13:00:00Z,26192,6553,2526,22165,7,5792
2024-08-19T06:30:00Z,19578,1665,4249,22162,8,5793
2024-09-03T23:30:00Z,20056,618,2724,22162,11,5794
2024-07-09T00:00:00Z,18519,1425,5067,22161,4,5795
2024-07-22T02:30:00Z,16886,974,6249,22161,72,5796
2024-08-26T17:30:00Z,22206,3843,3798,22161,4,5797
2024-08-29T23:30:00Z,19981,1096,3276,22161,13,5798
2024-07-20T12:30:00Z,20744,6147,7563,22160,8,5799
2024-08-06T17:00:00Z,22533,7010,6637,22160,10,5800
2024-07-20T12:00:00Z,20829,6114,7444,22159,8,5801
2024-07-22T17:00:00Z,23355,5481,4284,22158,11,5802
2024-06-06T12:00:00Z,21366,9513,10304,22157,8,5803
2024-09-20T01:30:00Z,17871,1091,5373,22153,492,5804
2024-10-17T15:00:00Z,23884,6782,5051,22153,7,5805
2024-07-23T10:00:00Z,22881,5919,5190,22152,7,5806
2024-07-17T03:00:00Z,17613,729,5265,22149,413,5807
2024-07-18T17:00:00Z,23353,5969,4764,22148,11,5808
2024-10-30T05:00:00Z,19405,373,3113,22145,12,5809
2024-07-31T09:00:00Z,22726,5633,5048,22141,5,5810
2024-09-23T23:30:00Z,19170,892,3863,22141,220,5811
2024-07-27T00:30:00Z,18467,661,4334,22140,8,5812
2024-07-10T04:00:00Z,17233,1587,6492,22138,485,5813
2024-09-18T00:30:00Z,18747,932,4323,22138,9,5814
2024-09-24T06:00:00Z,21098,832,1872,22138,12,5815
2024-06-06T03:00:00Z,17344,1049,5840,22135,131,5816
2024-06-20T04:30:00Z,17214,588,5509,22135,196,5817
2024-09-28T04:00:00Z,18097,1178,5216,22135,696,5818
2024-09-20T02:00:00Z,17836,1075,5373,22134,412,5819
2024-09-03T16:00:00Z,23971,4627,2789,22133,9,5820
2024-06-07T02:00:00Z,17978,1254,5407,22131,5,5821
2024-09-07T06:00:00Z,18148,648,4631,22131,9,5822
2024-09-12T16:30:00Z,24812,5970,3285,22127,13,5823
2024-09-16T09:30:00Z,24173,5933,3886,22126,16,5824
2024-10-07T03:30:00Z,17791,1200,5533,22124,876,5825
2024-06-08T08:00:00Z,19264,5199,8055,22120,14,5826
2024-10-04T13:30:00Z,22887,8958,8189,22118,11,5827
2024-08-08T06:30:00Z,19384,2087,4818,22115,14,5828
2024-08-19T00:30:00Z,17566,831,5379,22114,8,5829
2024-09-28T09:00:00Z,22260,5046,4900,22114,11,5830
2024-10-24T14:00:00Z,25180,8047,4976,22109,13,5831
2024-07-01T02:30:00Z,16720,736,6123,22107,59,5832
2024-08-14T15:00:00Z,22380,6191,5918,22107,13,5833
2024-11-05T02:30:00Z,20449,322,1978,22105,814,5834
2024-07-14T01:00:00Z,17363,851,5591,22103,873,5835
2024-11-17T06:00:00Z,19177,1676,4598,22099,815,5836
2024-07-24T10:00:00Z,22593,6706,6206,22093,7,5837
2024-06-27T03:00:00Z,17855,1790,6026,22091,8,5838
2024-07-15T05:30:00Z,17186,596,5498,22088,12,5839
2024-07-27T18:00:00Z,21395,3443,4134,22086,9,5840
2024-06-11T02:30:00Z,17853,1479,5711,22085,887,5841
2024-08-31T01:30:00Z,17349,755,5490,22084,7,5842
2024-09-22T00:30:00Z,17587,1241,5738,22084,16,5843
2024-08-02T05:30:00Z,18199,926,4809,22082,14,5844
2024-06-23T03:00:00Z,16422,881,6540,22081,906,5845
2024-09-17T04:00:00Z,17447,632,5266,22081,275,5846
2024-09-17T17:00:00Z,24446,4232,1866,22080,7,5847
2024-09-24T00:00:00Z,18905,868,4043,22080,280,5848
2024-07-20T13:30:00Z,20472,6173,7774,22073,9,5849
2024-07-01T03:30:00Z,16546,767,6291,22070,62,5850
2024-08-24T12:30:00Z,19938,6875,9006,22069,9,5851
2024-08-31T02:00:00Z,16987,773,5854,22068,10,5852
2024-11-08T05:30:00Z,20677,819,2208,22066,9,5853
2024-07-22T02:00:00Z,16895,957,6126,22064,9,5854
2024-11-30T23:00:00Z,21567,4769,5266,22064,389,5855
2024-06-17T06:30:00Z,20212,2206,4053,22059,9,5856
2024-07-08T09:30:00Z,22551,6392,5894,22053,7,5857
2024-08-19T02:00:00Z,16803,832,6079,22050,13,5858
2024-07-30T09:00:00Z,21862,6015,6202,22049,9,5859
2024-11-07T05:00:00Z,19698,1274,3622,22046,833,5860
2024-07-30T02:00:00Z,18271,611,4384,22044,310,5861
2024-08-29T02:30:00Z,17588,1147,5601,22042,531,5862
2024-07-24T12:00:00Z,22735,7480,6785,22040,11,5863
2024-07-20T11:30:00Z,20874,6167,7331,22038,11,5864
2024-08-04T01:00:00Z,17469,615,5182,22036,5,5865
2024-07-11T02:30:00Z,17561,1188,5662,22035,624,5866
2024-09-19T10:30:00Z,23942,5981,4073,22034,11,5867
2024-07-23T16:30:00Z,22945,5864,4952,22033,7,5868
2024-08-15T09:30:00Z,21991,7075,7117,22033,641,5869
2024-12-04T22:30:00Z,24876,4901,2057,22032,15,5870
2024-11-09T05:00:00Z,19109,285,3205,22029,586,5871
2024-09-25T04:30:00Z,17635,493,4885,22027,72,5872
2024-08-12T16:30:00Z,23467,7196,5754,22025,5,5873
2024-06-29T03:00:00Z,16926,1054,6151,22023,8,5874
2024-10-04T13:00:00Z,23122,9325,8226,22023,11,5875
2024-07-25T06:30:00Z,20011,1585,3596,22022,150,5876
2024-10-06T07:30:00Z,19491,2178,4706,22019,276,5877
2024-08-12T17:00:00Z,23855,6395,4558,22018,9,5878
2024-06-17T01:00:00Z,17444,1023,5596,22017,15,5879
2024-06-18T03:00:00Z,17687,679,5009,22017,886,5880
2024-08-16T22:30:00Z,22093,1677,1601,22017,15,5881
2024-06-06T10:30:00Z,21206,8804,9613,22015,8,5882
2024-07-08T10:30:00Z,22605,6574,5982,22013,7,5883
2024-10-19T11:30:00Z,23221,5865,4655,22011,7,5884
2024-10-13T06:00:00Z,18565,1608,5053,22010,814,5885
2024-09-14T03:30:00Z,16970,1888,6927,22009,259,5886
2024-08-14T02:00:00Z,18356,935,4587,22008,995,5887
2024-07-08T23:30:00Z,19034,1412,4384,22006,5,5888
2024-11-11T03:00:00Z,19380,1792,4418,22006,830,5889
2024-09-16T00:30:00Z,17849,681,4837,22005,9,5890
2024-10-04T11:30:00Z,23241,9836,8599,22004,12,5891
2024-08-01T02:30:00Z,18575,403,3831,22003,288,5892
2024-06-15T02:30:00Z,17486,721,5235,22000,413,5893
2024-06-21T04:00:00Z,16869,1248,6378,21999,450,5894
2024-07-10T12:30:00Z,22806,8616,7805,21995,10,5895
2024-09-02T06:30:00Z,20935,579,1638,21994,16,5896
2024-09-14T03:00:00Z,16974,1873,6893,21994,308,5897
2024-10-24T00:30:00Z,19752,2967,5209,21994,858,5898
2024-11-13T05:30:00Z,22054,931,871,21994,11,5899
2024-08-27T23:30:00Z,19421,1624,4196,21993,14,5900
2024-06-13T01:30:00Z,18636,635,3990,21991,9,5901
2024-11-09T05:30:00Z,19360,287,2916,21989,395,5902
2024-06-06T04:00:00Z,17301,1038,5722,21985,96,5903
2024-09-08T06:30:00Z,17125,475,5333,21983,6,5904
2024-06-21T08:30:00Z,21466,6700,7215,21981,15,5905
2024-07-12T10:00:00Z,23705,5320,3594,21979,14,5906
2024-10-27T14:00:00Z,20671,7574,8879,21976,99,5907
2024-10-17T12:00:00Z,24163,8408,6219,21974,10,5908
2024-08-02T11:00:00Z,21295,9010,9687,21972,23,5909
2024-08-05T11:30:00Z,22211,8438,8195,21968,7,5910
2024-09-12T09:30:00Z,23587,7656,6034,21965,12,5911
2024-07-19T17:00:00Z,22776,7180,6364,21960,14,5912
2024-09-27T16:00:00Z,22866,7450,6543,21959,7,5913
2024-11-13T04:30:00Z,20292,1070,2737,21959,518,5914
2024-08-13T10:00:00Z,21560,8855,9252,21957,11,5915
2024-09-24T00:30:00Z,18709,844,4090,21955,473,5916
2024-07-08T11:30:00Z,22885,6868,5934,21951,7,5917
2024-07-26T04:30:00Z,17139,1150,5962,21951,411,5918
2024-09-02T23:00:00Z,20690,1096,2357,21951,7,5919
2024-12-01T07:30:00Z,20855,3425,4521,21951,287,5920
2024-09-05T02:30:00Z,17156,1309,6103,21950,853,5921
2024-07-23T05:30:00Z,18055,667,4560,21948,14,5922
2024-08-15T00:00:00Z,19113,1998,4833,21948,13,5923
2024-06-27T06:00:00Z,19355,2738,5328,21945,115,5924
2024-06-07T05:30:00Z,17869,1858,5933,21944,16,5925
2024-10-02T02:00:00Z,18698,2134,5376,21940,852,5926
2024-10-17T02:00:00Z,19670,1075,3345,21940,327,5927
2024-11-12T05:00:00Z,20896,1090,2134,21940,111,5928
2024-09-03T13:30:00Z,23433,7248,5754,21939,12,5929
2024-07-30T02:30:00Z,17968,587,4557,21938,360,5930
2024-07-15T05:00:00Z,16821,383,5498,21936,20,5931
2024-10-20T02:30:00Z,17460,2504,6980,21936,16,5932
2024-06-16T01:00:00Z,17411,981,5501,21931,707,5933
2024-07-16T02:30:00Z,17949,712,4694,21931,585,5934
2024-07-24T12:30:00Z,22875,7790,6843,21928,11,5935
2024-08-17T17:00:00Z,20485,4674,6117,21928,12,5936
2024-08-16T17:30:00Z,22115,5908,5720,21927,8,5937
2024-07-13T00:30:00Z,18505,610,4031,21926,15,5938
2024-08-07T02:00:00Z,17506,1659,6078,21925,299,5939
2024-08-14T06:00:00Z,19329,682,3274,21921,55,5940
2024-08-05T15:30:00Z,22270,7560,7209,21919,10,5941
2024-12-05T23:30:00Z,21958,5556,5517,21919,820,5942
2024-09-02T02:30:00Z,17838,600,4680,21918,13,5943
2024-06-06T03:30:00Z,17303,1040,5654,21917,139,5944
2024-06-17T01:30:00Z,17443,989,5463,21917,15,5945
2024-07-06T09:00:00Z,19813,4670,6774,21917,8,5946
2024-10-03T13:00:00Z,23192,7951,6676,21917,8,5947
2024-08-23T17:30:00Z,22102,5812,5624,21914,11,5948
2024-09-15T07:00:00Z,17289,1617,6241,21913,16,5949
2024-06-20T17:00:00Z,22917,5910,4905,21912,7,5950
2024-06-30T11:30:00Z,19902,5771,7781,21912,12,5951
2024-07-22T06:00:00Z,18390,1310,4832,21912,15,5952
2024-07-17T03:30:00Z,17461,696,5145,21910,408,5953
2024-08-20T07:30:00Z,21410,3781,4281,21910,3,5954
2024-11-15T05:00:00Z,21336,1128,1702,21910,173,5955
2024-06-26T09:00:00Z,22674,6352,5587,21909,9,5956
2024-09-20T01:00:00Z,17883,1123,5149,21909,451,5957
2024-06-24T04:00:00Z,16941,596,5558,21903,354,5958
2024-08-04T10:00:00Z,18278,5542,9167,21903,16,5959
2024-06-12T04:00:00Z,17884,487,4505,21902,140,5960
2024-06-22T02:30:00Z,16937,797,5761,21901,719,5961
2024-10-17T14:30:00Z,23697,6832,5036,21901,7,5962
2024-07-26T17:30:00Z,22017,5213,5096,21900,8,5963
2024-09-03T15:30:00Z,23634,5462,3728,21900,9,5964
2024-06-26T03:00:00Z,18544,414,3767,21897,3,5965
2024-07-21T03:00:00Z,16246,1367,7018,21897,796,5966
2024-09-25T04:00:00Z,17500,521,4916,21895,78,5967
2024-11-11T05:30:00Z,20148,1601,3348,21895,645,5968
2024-07-03T22:30:00Z,21174,2921,3640,21893,8,5969
2024-10-17T11:00:00Z,24348,8133,5678,21893,10,5970
2024-10-22T01:30:00Z,19828,2335,4398,21891,57,5971
2024-06-12T13:00:00Z,23722,6624,4792,21890,7,5972
2024-07-06T08:30:00Z,19371,4251,6768,21888,8,5973
2024-06-14T16:30:00Z,21920,6129,6092,21883,52,5974
2024-07-25T00:30:00Z,18496,1831,5217,21882,927,5975
2024-06-08T18:00:00Z,19695,7018,9204,21881,13,5976
2024-06-25T03:00:00Z,18165,440,4156,21881,120,5977
2024-07-10T04:30:00Z,17191,1592,6281,21880,546,5978
2024-06-12T05:30:00Z,18492,646,4033,21879,12,5979
2024-09-20T15:30:00Z,22671,5770,4977,21878,10,5980
2024-06-18T16:30:00Z,22810,6153,5220,21877,7,5981
2024-08-28T00:00:00Z,18937,1580,4518,21875,13,5982
2024-08-20T18:00:00Z,22790,6411,5491,21870,6,5983
2024-07-11T06:30:00Z,20446,1927,3350,21869,10,5984
2024-08-03T09:00:00Z,19627,4498,6739,21868,6,5985
2024-08-08T09:30:00Z,22366,6566,6066,21866,5,5986
2024-08-17T22:00:00Z,21534,1286,1617,21865,5,5987
2024-07-08T22:30:00Z,21377,1268,1754,21863,10,5988
2024-08-04T01:30:00Z,17154,618,5325,21861,10,5989
2024-12-02T05:00:00Z,19561,3141,5441,21861,870,5990
2024-08-06T06:00:00Z,18816,1007,4051,21860,55,5991
2024-08-19T02:30:00Z,16550,845,6153,21858,85,5992
2024-08-08T11:00:00Z,22836,6613,5633,21856,5,5993
2024-06-08T09:00:00Z,19851,6920,8922,21853,378,5994
2024-07-08T11:00:00Z,22797,6880,5936,21853,7,5995
2024-09-28T04:30:00Z,17883,1095,5062,21850,691,5996
2024-08-21T09:00:00Z,21822,7346,7373,21849,263,5997
2024-09-09T00:30:00Z,17079,1926,6694,21847,91,5998
2024-08-15T10:00:00Z,21868,7490,7464,21842,922,5999
2024-06-11T03:00:00Z,17764,1495,5572,21841,808,6000
2024-08-27T17:00:00Z,24307,4962,2496,21841,8,6001
2024-07-16T01:00:00Z,18592,656,3903,21839,12,6002
2024-08-04T23:00:00Z,18484,2427,5782,21839,286,6003
2024-06-08T09:30:00Z,19863,7313,9288,21838,723,6004
2024-10-07T13:30:00Z,23322,7715,6226,21833,10,6005
2024-12-02T03:30:00Z,19172,2648,5309,21833,878,6006
2024-06-13T03:00:00Z,18093,719,4457,21831,125,6007
2024-06-30T12:30:00Z,19705,6407,8531,21829,13,6008
2024-07-19T05:30:00Z,18278,1074,4623,21827,205,6009
2024-06-20T08:30:00Z,22454,5558,4925,21821,12,6010
2024-06-19T03:00:00Z,17640,615,4788,21813,129,6011
2024-09-06T13:00:00Z,23059,8141,6895,21813,12,6012
2024-09-03T06:00:00Z,20280,727,2259,21812,9,6013
2024-11-17T02:30:00Z,19567,2242,4487,21812,854,6014
2024-06-27T09:30:00Z,22078,9151,8884,21811,7,6015
2024-09-21T01:00:00Z,17739,1266,5338,21811,852,6016
2024-07-29T03:00:00Z,16667,894,6036,21809,346,6017
2024-07-24T11:00:00Z,22553,7407,6661,21807,12,6018
2024-07-26T04:00:00Z,17184,1182,5805,21807,413,6019
2024-07-08T06:30:00Z,20258,1723,3268,21803,3,6020
2024-09-13T15:30:00Z,21254,6896,7445,21803,10,6021
2024-06-16T01:30:00Z,17394,963,5370,21801,706,6022
2024-07-17T09:00:00Z,22423,6336,5714,21801,9,6023
2024-07-19T01:30:00Z,18891,784,3694,21801,357,6024
2024-09-20T12:00:00Z,23668,6781,4912,21799,7,6025
2024-07-30T05:00:00Z,17413,532,4915,21796,10,6026
2024-09-13T04:30:00Z,18395,753,4154,21796,592,6027
2024-07-26T08:30:00Z,21420,5978,6353,21795,8,6028
2024-09-30T06:00:00Z,20546,2674,3923,21795,663,6029
2024-07-27T01:00:00Z,18132,635,4297,21794,8,6030
2024-07-16T12:30:00Z,23909,6508,4391,21792,10,6031
2024-09-13T04:00:00Z,18312,734,4214,21792,700,6032
2024-09-18T06:30:00Z,21825,984,951,21792,12,6033
2024-09-12T06:00:00Z,20958,1554,2384,21788,8,6034
2024-06-12T04:30:00Z,17817,475,4442,21784,120,6035
2024-10-18T11:30:00Z,24806,8832,5805,21779,9,6036
2024-08-28T06:00:00Z,19265,1308,3821,21778,12,6037
2024-07-30T17:00:00Z,23142,6051,4683,21774,10,6038
2024-06-06T05:30:00Z,18009,1244,5007,21772,11,6039
2024-09-11T09:00:00Z,23107,8359,7016,21764,126,6040
2024-07-06T08:00:00Z,18955,3544,6352,21763,11,6041
2024-08-31T07:00:00Z,17492,1707,5977,21762,14,6042
2024-06-06T16:00:00Z,20893,8413,9279,21759,18,6043
2024-10-07T12:00:00Z,24129,7933,5563,21759,11,6044
2024-06-24T04:30:00Z,16767,637,5627,21757,353,6045
2024-08-10T17:30:00Z,20823,5711,6645,21757,10,6046
2024-09-04T10:00:00Z,23544,5509,3721,21756,8,6047
2024-10-17T14:00:00Z,23602,7233,5387,21756,7,6048
2024-06-30T03:30:00Z,16023,959,6691,21755,573,6049
2024-10-25T05:00:00Z,18824,1028,3959,21755,20,6050
2024-08-14T02:30:00Z,17918,901,4737,21754,785,6051
2024-07-08T10:00:00Z,22366,6491,5878,21753,7,6052
2024-07-11T03:00:00Z,17389,1166,5529,21752,578,6053
2024-10-17T11:30:00Z,24109,8287,5929,21751,10,6054
2024-09-02T03:00:00Z,17497,573,4822,21746,14,6055
2024-07-31T17:00:00Z,23491,5523,3777,21745,14,6056
2024-06-11T14:30:00Z,22251,6570,6061,21742,7,6057
2024-07-26T05:30:00Z,17677,1180,5245,21742,14,6058
2024-07-28T17:30:00Z,20322,5118,6537,21741,11,6059
2024-08-11T17:30:00Z,20064,5856,7531,21739,6,6060
2024-10-17T05:00:00Z,18487,1269,4520,21738,574,6061
2024-07-29T05:00:00Z,16757,909,5887,21735,49,6062
2024-09-08T06:00:00Z,16940,440,5233,21733,6,6063
2024-11-22T05:30:00Z,23482,3198,1447,21731,137,6064
2024-06-12T15:30:00Z,22963,6319,5083,21727,7,6065
2024-06-30T15:30:00Z,19332,5821,8215,21726,10,6066
2024-08-03T08:30:00Z,19384,3683,6025,21726,8,6067
2024-10-28T06:00:00Z,20628,1984,3082,21726,174,6068
2024-10-17T12:30:00Z,23959,8436,6202,21725,10,6069
2024-06-18T03:30:00Z,17533,660,4846,21719,813,6070
2024-11-05T06:00:00Z,23275,321,-1235,21719,9,6071
2024-06-27T03:30:00Z,17634,1834,5918,21718,8,6072
2024-06-18T06:00:00Z,19504,1366,3578,21716,156,6073
2024-09-18T01:30:00Z,18358,900,4256,21714,78,6074
2024-06-13T03:30:00Z,17871,745,4586,21712,126,6075
2024-09-06T14:00:00Z,22474,7599,6834,21709,12,6076
2024-10-02T06:00:00Z,21058,1936,2587,21709,8,6077
2024-08-03T01:00:00Z,18278,1073,4502,21707,7,6078
2024-06-07T02:30:00Z,17592,1290,5404,21706,5,6079
2024-06-07T10:30:00Z,20982,9917,10641,21706,112,6080
2024-09-18T01:00:00Z,18412,916,4210,21706,9,6081
2024-07-29T04:30:00Z,16518,920,6105,21703,344,6082
2024-10-01T03:30:00Z,18600,2272,5374,21702,674,6083
2024-06-29T09:30:00Z,18862,7072,9909,21699,7,6084
2024-08-31T07:30:00Z,17905,2474,6266,21697,14,6085
2024-09-16T01:00:00Z,17685,662,4671,21694,9,6086
2024-07-30T03:00:00Z,17666,563,4590,21693,358,6087
2024-09-20T02:30:00Z,17344,1058,5407,21693,677,6088
2024-07-10T05:00:00Z,17443,1600,5849,21692,427,6089
2024-07-24T22:00:00Z,22491,1923,1123,21691,8,6090
2024-09-20T06:30:00Z,21444,1224,1467,21687,14,6091
2024-09-28T16:00:00Z,21762,4760,4685,21687,13,6092
2024-07-02T01:30:00Z,17790,1525,5421,21686,916,6093
2024-06-20T05:00:00Z,17208,637,5114,21685,302,6094
2024-07-17T04:30:00Z,17341,654,4993,21680,408,6095
2024-06-17T06:00:00Z,19078,1617,4218,21679,10,6096
2024-08-11T02:30:00Z,16575,549,5653,21679,12,6097
2024-09-06T13:30:00Z,22721,7950,6906,21677,12,6098
2024-07-28T00:30:00Z,17649,487,4510,21672,8,6099
2024-10-17T02:30:00Z,19151,1083,3601,21669,578,6100
2024-11-27T05:30:00Z,22819,1575,424,21668,31,6101
2024-09-10T07:30:00Z,23607,4578,2638,21667,4,6102
2024-10-15T05:00:00Z,19582,1351,3436,21667,485,6103
2024-06-29T04:00:00Z,16592,999,6067,21660,8,6104
2024-09-03T13:00:00Z,23575,7629,5714,21660,13,6105
2024-08-14T13:00:00Z,22367,6800,6090,21657,9,6106
2024-06-23T03:30:00Z,16107,834,6383,21656,907,6107
2024-07-13T07:30:00Z,18255,2653,6053,21655,19,6108
2024-07-30T04:30:00Z,17268,537,4921,21652,263,6109
2024-08-22T10:00:00Z,23515,7278,5415,21652,9,6110
2024-09-19T00:00:00Z,18600,1252,4304,21652,5,6111
2024-09-08T03:00:00Z,16785,405,5271,21651,7,6112
2024-08-22T16:00:00Z,22911,7375,6101,21637,276,6113
2024-08-15T00:30:00Z,18768,2114,4980,21634,26,6114
2024-06-21T04:30:00Z,16622,1301,6307,21628,534,6115
2024-06-07T05:00:00Z,17403,1533,5756,21626,15,6116
2024-06-06T04:30:00Z,17074,1036,5586,21624,78,6117
2024-08-03T06:30:00Z,17618,1271,5274,21621,8,6118
2024-08-14T13:30:00Z,22120,6216,5716,21620,9,6119
2024-10-27T05:30:00Z,17182,1259,5696,21619,812,6120
2024-08-31T23:00:00Z,18770,1816,4664,21618,12,6121
2024-09-16T01:30:00Z,17703,642,4556,21617,9,6122
2024-09-02T03:30:00Z,17408,546,4754,21616,14,6123
2024-06-25T06:00:00Z,19895,1096,2816,21615,6,6124
2024-07-23T05:00:00Z,17401,601,4815,21615,43,6125
2024-06-24T05:30:00Z,17689,976,4897,21610,70,6126
2024-06-25T03:30:00Z,17986,398,4022,21610,120,6127
2024-08-30T00:00:00Z,19405,1048,3252,21609,10,6128
2024-10-04T12:00:00Z,23075,10017,8551,21609,11,6129
2024-07-09T01:00:00Z,17764,1450,5294,21608,20,6130
2024-06-06T11:30:00Z,21195,9690,10101,21606,9,6131
2024-06-30T10:00:00Z,19438,4991,7159,21606,12,6132
2024-06-13T06:00:00Z,19495,2083,4193,21605,12,6133
2024-06-13T02:00:00Z,18424,664,3839,21599,111,6134
2024-08-14T11:00:00Z,22423,6892,6066,21597,9,6135
2024-09-07T03:00:00Z,17560,702,4738,21596,9,6136
2024-10-27T12:30:00Z,20450,8876,10022,21596,14,6137
2024-06-10T08:30:00Z,22255,6474,5814,21595,10,6138
2024-06-13T22:30:00Z,21458,3303,3439,21594,12,6139
2024-07-12T03:00:00Z,17453,765,4903,21591,290,6140
2024-07-01T05:30:00Z,17180,1106,5516,21590,7,6141
2024-07-13T08:30:00Z,19439,4055,6206,21590,14,6142
2024-10-02T13:30:00Z,25588,6469,2467,21586,7,6143
2024-08-03T01:30:00Z,18058,1038,4565,21585,7,6144
2024-09-27T00:00:00Z,18432,3360,6512,21584,672,6145
2024-07-28T01:00:00Z,17355,479,4706,21582,8,6146
2024-06-07T11:30:00Z,20960,10157,10774,21577,600,6147
2024-08-04T07:30:00Z,16683,2152,7046,21577,17,6148
2024-06-10T02:00:00Z,16471,1690,6794,21575,964,6149
2024-11-13T04:00:00Z,20056,1037,2556,21575,546,6150
2024-10-11T13:30:00Z,23063,8618,7128,21573,13,6151
2024-07-27T01:30:00Z,17869,608,4311,21572,8,6152
2024-06-07T04:30:00Z,17083,1427,5914,21570,67,6153
2024-12-01T00:30:00Z,21217,4589,4939,21567,844,6154
2024-08-16T02:00:00Z,17945,1183,4803,21565,13,6155
2024-09-12T00:00:00Z,19391,2171,4345,21565,11,6156
2024-06-07T12:00:00Z,20865,9790,10488,21563,527,6157
2024-07-16T01:30:00Z,18394,674,3843,21563,13,6158
2024-08-19T06:00:00Z,18685,1310,4188,21563,11,6159
2024-06-06T11:00:00Z,21045,9190,9707,21562,9,6160
2024-09-15T07:30:00Z,17620,2276,6218,21562,16,6161
2024-07-12T11:00:00Z,23084,6309,4786,21561,14,6162
2024-08-08T06:00:00Z,18417,1634,4776,21559,31,6163
2024-10-22T01:00:00Z,19723,2347,4183,21559,152,6164
2024-07-01T04:00:00Z,16526,798,5829,21557,62,6165
2024-09-15T13:00:00Z,20142,6716,8130,21556,8,6166
2024-06-26T03:30:00Z,18297,411,3669,21555,3,6167
2024-07-25T02:00:00Z,18027,1706,5234,21555,1001,6168
2024-08-31T02:30:00Z,16448,790,5897,21555,82,6169
2024-12-04T04:00:00Z,22545,1033,43,21555,832,6170
2024-11-02T05:30:00Z,18640,791,3705,21554,278,6171
2024-10-01T01:00:00Z,19002,2254,4803,21551,684,6172
2024-10-01T01:30:00Z,19007,2249,4793,21551,674,6173
2024-08-21T15:30:00Z,22634,7501,6417,21550,573,6174
2024-06-29T03:30:00Z,16681,1026,5894,21549,8,6175
2024-07-24T11:30:00Z,22431,7702,6820,21549,11,6176
2024-10-01T02:30:00Z,18882,2261,4927,21548,606,6177
2024-07-29T09:00:00Z,21411,6956,7092,21547,11,6178
2024-07-29T03:30:00Z,16498,877,5924,21545,348,6179
2024-09-21T01:30:00Z,17377,1240,5405,21542,849,6180
2024-10-07T13:00:00Z,23444,7781,5879,21542,10,6181
2024-06-28T17:30:00Z,21048,6852,7342,21538,284,6182
2024-07-13T07:00:00Z,17736,2095,5894,21535,348,6183
2024-10-01T05:30:00Z,19105,2281,4711,21535,660,6184
2024-07-11T06:00:00Z,19258,1542,3816,21532,10,6185
2024-07-19T16:30:00Z,21797,8074,7808,21531,14,6186
2024-07-13T08:00:00Z,18802,3377,6103,21528,17,6187
2024-08-02T05:00:00Z,17767,852,4611,21526,10,6188
2024-09-19T00:30:00Z,18277,1175,4422,21524,5,6189
2024-10-03T12:30:00Z,23192,8351,6682,21523,8,6190
2024-08-28T00:30:00Z,18599,1536,4459,21522,15,6191
2024-07-03T03:00:00Z,17642,1198,5075,21519,78,6192
2024-08-20T22:00:00Z,22050,3212,2681,21519,4,6193
2024-07-13T01:00:00Z,18105,625,4038,21518,15,6194
2024-10-01T04:30:00Z,18233,2243,5528,21518,672,6195
2024-11-04T06:00:00Z,22581,364,-699,21518,43,6196
2024-07-01T04:30:00Z,16346,828,5998,21516,62,6197
2024-10-07T05:00:00Z,18014,1159,4661,21516,658,6198
2024-09-03T14:30:00Z,23105,6533,4943,21515,9,6199
2024-09-29T22:30:00Z,20542,3760,4732,21514,639,6200
2024-07-09T01:30:00Z,17443,1462,5532,21513,20,6201
2024-07-21T03:30:00Z,16177,1359,6695,21513,741,6202
2024-06-20T05:30:00Z,17679,945,4777,21511,300,6203
2024-06-17T02:00:00Z,17196,959,5273,21510,242,6204
2024-10-07T12:30:00Z,23859,8179,5830,21510,10,6205
2024-08-04T02:00:00Z,16775,614,5348,21509,10,6206
2024-07-17T05:00:00Z,17376,618,4749,21507,88,6207
2024-07-29T04:00:00Z,16445,899,5960,21506,345,6208
2024-09-09T16:00:00Z,22449,6408,5465,21506,16,6209
2024-07-30T03:30:00Z,17363,538,4678,21503,353,6210
2024-06-13T10:00:00Z,22880,7946,6568,21502,7,6211
2024-09-03T14:00:00Z,23283,6788,5005,21500,12,6212
2024-10-01T03:00:00Z,18524,2267,5243,21500,666,6213
2024-09-22T22:30:00Z,20641,895,1752,21498,13,6214
2024-11-12T04:30:00Z,20310,1083,2268,21495,757,6215
2024-07-19T10:00:00Z,21294,9545,9741,21490,16,6216
2024-06-08T08:30:00Z,19262,5868,8094,21488,15,6217
2024-09-10T23:30:00Z,19195,2793,5084,21486,878,6218
2024-07-28T01:30:00Z,17120,471,4835,21484,6,6219
2024-07-17T04:00:00Z,17238,675,4917,21480,406,6220
2024-06-13T02:30:00Z,18231,693,3940,21478,125,6221
2024-07-30T04:00:00Z,17317,538,4699,21478,353,6222
2024-08-06T00:00:00Z,18607,1528,4398,21477,205,6223
2024-10-09T23:00:00Z,20611,3153,4019,21477,872,6224
2024-06-30T11:00:00Z,19568,5489,7396,21475,12,6225
2024-06-25T09:30:00Z,22587,7104,5989,21472,8,6226
2024-07-12T14:30:00Z,22363,5397,4505,21471,14,6227
2024-09-14T09:00:00Z,19859,6785,8397,21471,864,6228
2024-10-09T05:00:00Z,18307,2244,5405,21468,432,6229
2024-06-22T03:00:00Z,16642,781,5605,21466,715,6230
2024-10-01T04:00:00Z,18356,2258,5366,21464,671,6231
2024-11-02T05:00:00Z,18392,772,3840,21460,278,6232
2024-08-22T10:30:00Z,23300,7446,5603,21457,10,6233
2024-07-14T01:30:00Z,17040,865,5276,21451,702,6234
2024-06-11T03:30:00Z,17554,1510,5405,21449,883,6235
2024-08-07T02:30:00Z,17002,1673,6120,21449,647,6236
2024-06-25T16:30:00Z,23233,6661,4875,21447,12,6237
2024-07-16T03:00:00Z,17941,723,4229,21447,687,6238
2024-07-11T05:30:00Z,17885,1233,4793,21445,13,6239
2024-08-21T07:00:00Z,21067,3368,3746,21445,7,6240
2024-06-06T12:30:00Z,21135,9897,10205,21443,7,6241
2024-07-22T03:00:00Z,16519,984,5908,21443,230,6242
2024-08-12T11:00:00Z,22866,8443,7018,21441,531,6243
2024-08-08T10:30:00Z,22523,6785,5702,21440,5,6244
2024-08-21T07:30:00Z,21739,4280,3981,21440,8,6245
2024-06-10T02:30:00Z,16466,1747,6720,21439,972,6246
2024-08-09T23:00:00Z,19486,2348,4301,21439,7,6247
2024-10-27T11:30:00Z,20640,8753,9552,21439,14,6248
2024-10-01T02:00:00Z,18905,2255,4788,21438,668,6249
2024-08-31T16:00:00Z,19377,5414,7472,21435,11,6250
2024-07-13T09:00:00Z,19874,4572,6132,21434,10,6251
2024-09-17T09:30:00Z,23245,6712,4901,21434,10,6252
2024-07-13T01:30:00Z,17919,640,4152,21431,93,6253
2024-09-17T05:30:00Z,18795,634,3270,21431,15,6254
2024-07-03T03:30:00Z,17601,1242,5064,21423,73,6255
2024-07-25T06:00:00Z,18943,1422,3900,21421,38,6256
2024-08-05T06:00:00Z,17698,2711,6430,21417,800,6257
2024-10-11T11:30:00Z,23998,9638,7057,21417,13,6258
2024-10-17T03:00:00Z,18584,1126,3959,21417,579,6259
2024-08-24T18:00:00Z,21029,5177,5564,21416,4,6260
2024-06-22T06:00:00Z,16344,1331,6400,21413,835,6261
2024-08-15T06:30:00Z,19251,2795,4956,21412,392,6262
2024-06-12T05:00:00Z,17929,482,3961,21408,11,6263
2024-07-10T13:00:00Z,22443,8626,7591,21408,10,6264
2024-09-09T01:00:00Z,16727,1965,6644,21406,533,6265
2024-09-03T00:30:00Z,19482,1065,2986,21403,192,6266
2024-09-01T10:30:00Z,19492,6331,8239,21400,848,6267
2024-07-06T02:00:00Z,17600,761,4560,21399,10,6268
2024-10-15T23:30:00Z,20262,3076,4213,21399,697,6269
2024-06-29T05:00:00Z,16217,1013,6193,21397,8,6270
2024-08-17T23:30:00Z,18398,1330,4327,21395,12,6271
2024-08-10T11:00:00Z,20364,6881,7910,21393,524,6272
2024-10-27T05:00:00Z,17339,1289,5342,21392,641,6273
2024-09-16T02:00:00Z,17591,629,4425,21387,9,6274
2024-11-13T05:00:00Z,21018,1001,1370,21387,33,6275
2024-08-01T16:30:00Z,23307,5914,3983,21376,8,6276
2024-09-22T23:00:00Z,19313,867,2928,21374,20,6277
2024-10-07T04:00:00Z,17647,1180,4907,21374,878,6278
2024-06-10T06:30:00Z,19919,3112,4566,21373,69,6279
2024-07-08T04:00:00Z,16301,388,5459,21372,5,6280
2024-07-18T09:30:00Z,21711,7664,7325,21372,7,6281
2024-07-26T05:00:00Z,17168,1129,5332,21371,100,6282
2024-06-26T06:00:00Z,19648,1223,2941,21366,7,6283
2024-10-03T12:00:00Z,23004,8201,6560,21363,8,6284
2024-07-22T12:00:00Z,23339,6949,4968,21358,15,6285
2024-11-08T05:00:00Z,19666,825,2516,21357,24,6286
2024-06-11T09:30:00Z,22448,7714,6622,21356,8,6287
2024-07-08T06:00:00Z,18913,1087,3528,21354,3,6288
2024-10-03T10:30:00Z,24186,7889,5054,21351,8,6289
2024-11-06T03:00:00Z,20033,665,1982,21350,837,6290
2024-09-09T06:30:00Z,20712,2183,2820,21349,10,6291
2024-10-27T13:30:00Z,20204,8354,9499,21349,214,6292
2024-09-20T03:00:00Z,17203,1048,5193,21348,666,6293
2024-09-15T08:30:00Z,18446,4144,7041,21343,16,6294
2024-06-23T04:00:00Z,15814,792,6318,21340,907,6295
2024-09-08T03:30:00Z,16433,403,5307,21337,6,6296
2024-09-12T10:00:00Z,22980,8363,6716,21333,10,6297
2024-10-22T06:00:00Z,22295,1985,1022,21332,66,6298
2024-09-12T12:30:00Z,22882,8841,7288,21329,11,6299
2024-10-24T02:00:00Z,19720,3123,4732,21329,846,6300
2024-06-29T04:30:00Z,16265,971,6034,21328,8,6301
2024-08-30T06:30:00Z,20227,940,2038,21325,11,6302
2024-06-19T03:30:00Z,17327,604,4601,21324,129,6303
2024-09-01T11:00:00Z,19295,6978,9005,21322,851,6304
2024-10-17T04:00:00Z,18098,1206,4429,21321,575,6305
2024-06-30T04:00:00Z,15778,969,6510,21319,578,6306
2024-09-07T03:30:00Z,17296,658,4679,21317,9,6307
2024-06-07T04:00:00Z,17085,1404,5635,21316,63,6308
2024-06-07T09:30:00Z,20865,9067,9518,21316,11,6309
2024-08-05T12:00:00Z,22305,8991,8002,21316,8,6310
2024-10-02T02:30:00Z,18353,2083,5046,21316,850,6311
2024-06-13T11:00:00Z,22632,7968,6651,21315,7,6312
2024-09-03T00:00:00Z,19652,1071,2734,21315,249,6313
2024-07-13T09:30:00Z,20020,4836,6129,21313,9,6314
2024-08-04T23:30:00Z,17893,2447,5867,21313,735,6315
2024-06-27T18:30:00Z,22385,6810,5737,21312,3,6316
2024-08-12T11:30:00Z,22829,8599,7081,21311,871,6317
2024-09-24T02:00:00Z,18047,837,4101,21311,585,6318
2024-07-08T04:30:00Z,16248,381,5442,21309,5,6319
2024-10-22T02:00:00Z,19575,2313,4045,21307,187,6320
2024-08-12T09:30:00Z,23131,6952,5124,21303,16,6321
2024-07-11T04:00:00Z,17172,1144,5274,21302,297,6322
2024-07-03T05:00:00Z,17308,1336,5328,21300,231,6323
2024-06-29T05:30:00Z,16326,1283,6251,21294,10,6324
2024-06-07T10:00:00Z,20790,9717,10217,21290,12,6325
2024-08-24T22:00:00Z,20349,2420,3359,21288,4,6326
2024-08-23T00:00:00Z,18257,2110,5137,21284,14,6327
2024-09-06T04:00:00Z,17213,1731,5802,21284,810,6328
2024-09-02T23:30:00Z,19942,1077,2418,21283,11,6329
2024-09-14T05:30:00Z,16969,1926,6240,21283,309,6330
2024-10-19T03:00:00Z,18133,1552,4702,21283,355,6331
2024-07-14T16:00:00Z,20543,5477,6216,21282,12,6332
2024-06-27T04:00:00Z,17357,1837,5758,21278,245,6333
2024-06-08T00:00:00Z,18607,2085,4754,21276,13,6334
2024-07-11T03:30:00Z,17079,1143,5339,21275,587,6335
2024-07-17T15:30:00Z,21569,7273,6979,21275,8,6336
2024-08-08T00:00:00Z,18320,1809,4762,21273,528,6337
2024-06-24T05:00:00Z,16987,697,4981,21271,141,6338
2024-08-07T15:30:00Z,21855,7494,6910,21271,587,6339
2024-07-12T14:00:00Z,22287,5686,4669,21270,14,6340
2024-09-24T02:30:00Z,17987,834,4117,21270,568,6341
2024-09-18T10:30:00Z,23693,6472,4044,21265,16,6342
2024-08-18T17:30:00Z,20491,5328,6101,21264,11,6343
2024-10-17T04:30:00Z,18127,1243,4378,21262,572,6344
2024-06-22T06:30:00Z,16742,1864,6383,21261,634,6345
2024-08-14T12:30:00Z,22493,7308,6074,21259,9,6346
2024-08-06T16:30:00Z,21781,7861,7336,21256,88,6347
2024-08-30T09:00:00Z,22077,5992,5165,21250,6,6348
2024-07-31T03:00:00Z,17850,478,3876,21248,634,6349
2024-08-12T10:00:00Z,22586,7658,6317,21245,467,6350
2024-09-22T01:00:00Z,17339,1203,5108,21244,16,6351
2024-07-16T15:00:00Z,22873,6303,4673,21243,11,6352
2024-09-24T01:00:00Z,18361,842,3724,21243,877,6353
2024-11-12T04:00:00Z,20282,1105,2066,21243,815,6354
2024-08-20T10:00:00Z,22036,8208,7414,21242,7,6355
2024-06-06T05:00:00Z,17315,1046,4972,21241,15,6356
2024-09-07T04:00:00Z,17124,667,4783,21240,9,6357
2024-06-18T04:00:00Z,17318,651,4572,21239,874,6358
2024-10-18T12:00:00Z,24325,9074,5986,21237,9,6359
2024-06-07T03:00:00Z,17314,1336,5258,21236,62,6360
2024-08-03T02:00:00Z,17713,1007,4530,21236,7,6361
2024-09-18T02:00:00Z,17917,895,4211,21233,278,6362
2024-10-11T14:00:00Z,22862,8033,6403,21232,11,6363
2024-10-27T03:00:00Z,17973,1473,4732,21232,582,6364
2024-11-16T04:00:00Z,19070,2212,4371,21229,485,6365
2024-07-28T02:00:00Z,16779,468,4916,21227,7,6366
2024-10-26T04:30:00Z,18110,1000,4117,21227,5,6367
2024-07-06T07:30:00Z,18139,2789,5876,21226,13,6368
2024-06-15T03:00:00Z,17007,730,4947,21224,356,6369
2024-10-27T13:00:00Z,20163,8770,9831,21224,51,6370
2024-09-13T05:30:00Z,19771,738,2190,21223,18,6371
2024-08-05T13:00:00Z,22103,8828,7946,21221,10,6372
2024-09-20T12:30:00Z,23375,7121,4966,21220,10,6373
2024-07-27T02:00:00Z,17503,586,4301,21218,64,6374
2024-06-30T10:30:00Z,19440,5277,7052,21215,12,6375
2024-11-16T04:30:00Z,18847,2065,4426,21208,848,6376
2024-08-07T09:30:00Z,21942,7759,7024,21207,12,6377
2024-06-07T12:30:00Z,20581,9859,10484,21206,639,6378
2024-08-31T08:30:00Z,18523,4147,6828,21204,12,6379
2024-07-01T05:00:00Z,16597,896,5501,21202,11,6380
2024-11-04T03:00:00Z,18959,374,2617,21202,824,6381
2024-09-09T13:00:00Z,22594,7808,6415,21201,23,6382
2024-10-17T03:30:00Z,18355,1169,4015,21201,575,6383
2024-10-19T03:30:00Z,17972,1487,4716,21201,265,6384
2024-10-26T04:00:00Z,18169,961,3992,21200,7,6385
2024-08-16T02:30:00Z,17665,1170,4704,21199,9,6386
2024-10-02T14:30:00Z,25014,5987,2171,21198,7,6387
2024-07-07T00:00:00Z,17993,1108,4308,21193,675,6388
2024-08-04T07:00:00Z,16195,1592,6590,21193,128,6389
2024-07-06T18:30:00Z,19764,4730,6156,21190,493,6390
2024-06-21T05:30:00Z,17362,1731,5556,21187,69,6391
2024-08-30T00:30:00Z,18998,1000,3189,21187,6,6392
2024-06-08T10:00:00Z,19772,7806,9219,21185,592,6393
2024-07-12T03:30:00Z,17315,771,4641,21185,330,6394
2024-09-20T03:30:00Z,17053,1038,5166,21181,640,6395
2024-08-01T03:00:00Z,18315,395,3260,21180,339,6396
2024-08-08T10:00:00Z,22272,6921,5829,21180,5,6397
2024-06-14T09:30:00Z,22528,7009,5660,21179,13,6398
2024-06-11T04:00:00Z,17317,1489,5350,21178,889,6399
2024-07-08T05:30:00Z,17252,619,4544,21177,5,6400
2024-08-30T02:00:00Z,18443,957,3687,21173,212,6401
2024-09-27T00:30:00Z,18229,3457,6401,21173,709,6402
2024-09-16T06:00:00Z,20252,566,1484,21170,11,6403
2024-06-19T16:30:00Z,21676,7468,6960,21168,7,6404
2024-07-23T10:30:00Z,22717,6716,5167,21168,7,6405
2024-08-25T19:30:00Z,21467,3689,3387,21165,8,6406
2024-07-10T16:00:00Z,22061,7151,6253,21163,13,6407
2024-06-29T16:30:00Z,18454,6376,9078,21156,13,6408
2024-08-14T12:00:00Z,22490,7430,6095,21155,9,6409
2024-06-11T10:30:00Z,22368,7171,5956,21153,9,6410
2024-06-18T04:30:00Z,17086,642,4706,21150,868,6411
2024-06-09T16:00:00Z,19578,6875,8446,21149,15,6412
2024-09-04T12:30:00Z,23463,5937,3623,21149,5,6413
2024-07-06T07:00:00Z,17599,2276,5824,21147,15,6414
2024-08-04T02:30:00Z,16423,609,5332,21146,10,6415
2024-08-21T21:30:00Z,22622,3981,2505,21146,7,6416
2024-11-11T03:30:00Z,18869,1786,4061,21144,836,6417
2024-11-11T05:00:00Z,19319,1653,3476,21142,813,6418
2024-12-04T04:30:00Z,22412,940,-337,21135,798,6419
2024-08-05T12:30:00Z,22286,9116,7961,21131,10,6420
2024-09-19T01:00:00Z,18017,1127,4241,21131,5,6421
2024-09-16T16:30:00Z,23270,5466,3322,21126,14,6422
2024-08-28T01:30:00Z,18036,1516,4604,21124,15,6423
2024-08-05T13:30:00Z,21848,8504,7777,21121,10,6424
2024-11-05T03:00:00Z,19922,331,1530,21121,813,6425
2024-09-10T11:30:00Z,23832,9263,6549,21118,674,6426
2024-10-27T03:30:00Z,17731,1444,4828,21115,842,6427
2024-09-02T06:00:00Z,19924,527,1714,21111,18,6428
2024-09-18T02:30:00Z,17732,889,4267,21110,168,6429
2024-07-12T10:30:00Z,23326,5798,3579,21107,14,6430
2024-08-22T11:00:00Z,23260,7780,5625,21105,11,6431
2024-08-08T22:00:00Z,21560,2962,2506,21104,8,6432
2024-06-07T03:30:00Z,17120,1381,5363,21102,62,6433
2024-12-05T00:30:00Z,22534,4396,2964,21102,492,6434
2024-07-12T11:30:00Z,22899,6742,4944,21101,14,6435
2024-08-24T13:00:00Z,19190,7456,9358,21092,156,6436
2024-08-03T06:00:00Z,17125,1039,5003,21089,7,6437
2024-10-11T12:00:00Z,23684,9886,7290,21088,13,6438
2024-07-19T02:00:00Z,18481,787,3390,21084,354,6439
2024-10-17T13:30:00Z,23524,7797,5357,21084,7,6440
2024-06-13T10:30:00Z,22688,8101,6494,21081,7,6441
2024-09-07T04:30:00Z,17037,675,4719,21081,9,6442
2024-10-22T02:30:00Z,19365,2291,4007,21081,327,6443
2024-08-10T09:00:00Z,20078,5116,6117,21079,13,6444
2024-08-11T03:30:00Z,16135,522,5466,21079,10,6445
2024-06-30T13:00:00Z,19311,6404,8171,21078,13,6446
2024-09-09T23:00:00Z,19376,2557,4256,21075,14,6447
2024-06-30T14:00:00Z,19064,6395,8405,21074,13,6448
2024-08-11T03:00:00Z,16212,536,5398,21074,12,6449
2024-10-19T05:30:00Z,18034,1376,4414,21072,18,6450
2024-08-26T22:00:00Z,21103,1813,1781,21071,8,6451
2024-08-05T15:00:00Z,21888,8109,7289,21068,10,6452
2024-09-24T01:30:00Z,18104,839,3803,21068,906,6453
2024-09-17T05:00:00Z,17950,642,3756,21064,36,6454
2024-11-27T05:00:00Z,22033,1537,567,21063,68,6455
2024-10-11T13:00:00Z,23113,9179,7127,21061,11,6456
2024-09-01T14:30:00Z,19490,6765,8335,21060,803,6457
2024-08-29T10:00:00Z,21172,8785,8672,21059,475,6458
2024-07-05T15:30:00Z,21899,6676,5835,21058,3,6459
2024-10-27T12:00:00Z,20491,8934,9497,21054,15,6460
2024-06-21T17:00:00Z,21362,6860,6551,21053,11,6461
2024-08-06T13:00:00Z,21968,8337,7420,21051,9,6462
2024-06-15T03:30:00Z,16851,738,4936,21049,357,6463
2024-07-11T04:30:00Z,17026,1144,5167,21049,343,6464
2024-06-06T13:00:00Z,20839,10186,10392,21045,9,6465
2024-08-17T07:00:00Z,17821,2230,5450,21041,7,6466
2024-08-14T11:30:00Z,22207,7441,6273,21039,9,6467
2024-09-22T23:30:00Z,18693,839,3185,21039,16,6468
2024-10-02T15:00:00Z,25010,5615,1644,21039,7,6469
2024-06-22T07:00:00Z,17340,2479,6176,21037,622,6470
2024-08-05T14:00:00Z,21835,8322,7524,21037,7,6471
2024-06-12T15:00:00Z,22823,6820,5031,21034,7,6472
2024-08-29T03:00:00Z,17340,1146,4840,21034,73,6473
2024-10-01T05:00:00Z,18433,2262,4861,21032,577,6474
2024-12-01T07:00:00Z,20232,3533,4333,21032,439,6475
2024-10-28T00:00:00Z,19549,2428,3900,21021,555,6476
2024-06-06T15:30:00Z,20478,9367,9909,21020,12,6477
2024-06-27T04:30:00Z,17214,1839,5645,21020,459,6478
2024-09-01T08:00:00Z,18470,2845,5395,21020,862,6479
2024-06-22T03:30:00Z,16433,765,5347,21015,720,6480
2024-08-03T09:30:00Z,19548,5308,6772,21012,9,6481
2024-10-06T07:00:00Z,18716,2181,4477,21012,533,6482
2024-08-06T00:30:00Z,18199,1593,4403,21009,545,6483
2024-10-19T12:00:00Z,22832,6426,4603,21009,7,6484
2024-10-17T13:00:00Z,23738,8182,5451,21007,7,6485
2024-08-01T10:00:00Z,22187,6104,4923,21006,7,6486
2024-06-07T17:00:00Z,21498,7367,6870,21001,11,6487
2024-06-17T09:30:00Z,21923,7422,6498,20999,8,6488
2024-08-15T10:30:00Z,21843,7678,6833,20998,912,6489
2024-09-12T12:00:00Z,22749,9110,7359,20998,13,6490
2024-09-21T02:00:00Z,17001,1233,5230,20998,845,6491
2024-07-09T06:00:00Z,18755,2145,4383,20993,244,6492
2024-08-30T17:00:00Z,22305,4672,3359,20992,7,6493
2024-07-19T05:00:00Z,17813,921,4099,20991,356,6494
2024-06-15T04:00:00Z,16696,748,5042,20990,604,6495
2024-08-14T05:30:00Z,18001,694,3682,20989,155,6496
2024-10-26T05:30:00Z,18457,1056,3587,20988,11,6497
2024-08-19T03:30:00Z,16302,884,5564,20982,14,6498
2024-11-17T03:00:00Z,19041,2200,4141,20982,833,6499
2024-09-03T01:00:00Z,19002,1029,3008,20981,283,6500
2024-07-06T09:30:00Z,19819,5304,6465,20980,8,6501
2024-07-12T04:00:00Z,17225,783,4536,20978,350,6502
2024-08-04T06:00:00Z,15719,794,6048,20973,14,6503
2024-08-12T12:00:00Z,22640,8920,7248,20968,661,6504
2024-08-22T08:30:00Z,23316,6025,3676,20967,4,6505
2024-09-13T10:00:00Z,22826,8107,6248,20967,11,6506
2024-06-26T15:30:00Z,21425,8962,8502,20965,8,6507
2024-10-18T12:30:00Z,24062,9335,6235,20962,9,6508
2024-06-23T16:30:00Z,20058,5939,6842,20961,7,6509
2024-07-13T02:00:00Z,17451,659,4168,20960,542,6510
2024-08-14T03:00:00Z,17565,874,4266,20957,712,6511
2024-08-17T22:30:00Z,20501,1293,1748,20956,7,6512
2024-07-02T02:00:00Z,17438,1508,5025,20955,908,6513
2024-09-03T15:00:00Z,23062,6015,3905,20952,8,6514
2024-08-28T01:00:00Z,18157,1526,4320,20951,15,6515
2024-09-08T05:00:00Z,16320,418,5049,20951,6,6516
2024-09-14T04:00:00Z,16771,1913,6093,20951,310,6517
2024-06-30T09:30:00Z,18933,4739,6756,20950,12,6518
2024-07-11T05:00:00Z,17282,1136,4803,20949,45,6519
2024-07-16T04:00:00Z,17680,739,4001,20942,768,6520
2024-09-24T03:00:00Z,17931,833,3844,20942,630,6521
2024-06-30T15:00:00Z,18963,6196,8174,20941,7,6522
2024-08-16T04:30:00Z,17203,1141,4879,20941,13,6523
2024-11-30T23:30:00Z,20773,4732,4900,20941,920,6524
2024-06-18T09:30:00Z,22669,6829,5098,20938,7,6525
2024-06-30T13:30:00Z,19169,6392,8160,20937,13,6526
2024-09-20T15:00:00Z,22264,6188,4861,20937,12,6527
2024-10-21T06:30:00Z,22580,3530,1887,20937,27,6528
2024-09-06T04:30:00Z,17035,1714,5615,20936,422,6529
2024-09-12T11:00:00Z,22545,8857,7247,20935,14,6530
2024-09-19T01:30:00Z,17830,1078,4181,20933,5,6531
2024-07-07T17:00:00Z,20581,6251,6602,20932,7,6532
2024-07-16T03:30:00Z,17617,733,4048,20932,789,6533
2024-06-30T14:30:00Z,18928,6301,8296,20923,13,6534
2024-07-09T02:00:00Z,17110,1486,5299,20923,20,6535
2024-09-09T01:30:00Z,16584,2003,6341,20922,265,6536
2024-08-05T14:30:00Z,21821,8241,7341,20921,4,6537
2024-09-01T08:30:00Z,18747,3507,5681,20921,857,6538
2024-10-05T16:00:00Z,20541,6456,6832,20917,10,6539
2024-09-10T12:00:00Z,23747,9066,6233,20914,585,6540
2024-06-30T09:00:00Z,18537,4359,6733,20911,16,6541
2024-06-17T02:30:00Z,16819,929,5020,20910,270,6542
2024-07-21T04:00:00Z,15840,1333,6403,20910,697,6543
2024-09-10T11:00:00Z,23647,9088,6351,20910,694,6544
2024-08-04T06:30:00Z,15819,1131,6219,20907,16,6545
2024-11-06T03:30:00Z,19703,688,1891,20906,824,6546
2024-06-23T06:00:00Z,15747,1313,6469,20903,356,6547
2024-10-07T04:30:00Z,17424,1159,4638,20903,866,6548
2024-07-16T13:00:00Z,23208,6744,4437,20901,10,6549
2024-06-11T14:00:00Z,22306,7151,5743,20898,6,6550
2024-06-27T22:30:00Z,20478,3716,4134,20896,8,6551
2024-07-12T13:30:00Z,22268,5948,4573,20893,14,6552
2024-10-24T02:30:00Z,19349,3156,4698,20891,836,6553
2024-06-12T14:30:00Z,22837,6845,4898,20890,7,6554
2024-08-30T02:30:00Z,18096,936,3729,20889,297,6555
2024-07-12T04:30:00Z,17170,794,4511,20887,349,6556
2024-09-27T12:30:00Z,24003,9959,6837,20881,7,6557
2024-07-25T02:30:00Z,17682,1653,4850,20879,990,6558
2024-09-17T16:30:00Z,23195,5438,3122,20879,10,6559
2024-07-31T03:30:00Z,17705,464,3637,20878,632,6560
2024-08-02T16:00:00Z,20962,8030,7943,20875,48,6561
2024-09-21T06:30:00Z,17824,1287,4335,20872,14,6562
2024-09-08T04:00:00Z,16319,406,4958,20871,6,6563
2024-09-10T12:30:00Z,23683,9112,6300,20871,697,6564
2024-08-18T00:00:00Z,17819,1350,4401,20870,9,6565
2024-07-19T03:00:00Z,18148,794,3515,20869,653,6566
2024-10-11T12:30:00Z,23244,9751,7371,20864,13,6567
2024-08-30T01:00:00Z,18677,989,3174,20862,9,6568
2024-06-11T04:30:00Z,17027,1468,5302,20861,823,6569
2024-11-22T05:00:00Z,22388,3309,1781,20860,291,6570
2024-08-03T02:30:00Z,17475,975,4354,20854,7,6571
2024-06-12T14:00:00Z,23035,6983,4797,20849,7,6572
2024-09-08T05:30:00Z,16312,426,4962,20848,6,6573
2024-08-01T03:30:00Z,18194,387,3040,20847,345,6574
2024-12-01T00:00:00Z,20789,4661,4718,20846,933,6575
2024-07-24T22:30:00Z,21600,1935,1175,20840,8,6576
2024-08-16T04:00:00Z,17272,1143,4709,20838,14,6577
2024-08-12T15:30:00Z,22515,8710,7029,20834,13,6578
2024-06-18T05:30:00Z,17874,983,3942,20833,390,6579
2024-08-08T00:30:00Z,17868,1747,4708,20829,745,6580
2024-09-22T01:30:00Z,16960,1164,5033,20829,16,6581
2024-08-04T10:30:00Z,18062,6309,9073,20826,14,6582
2024-08-31T06:30:00Z,16787,1185,5224,20826,14,6583
2024-09-18T03:00:00Z,17429,884,4280,20825,276,6584
2024-07-27T17:30:00Z,20858,4222,4187,20823,9,6585
2024-07-05T11:00:00Z,22381,8617,7051,20815,7,6586
2024-07-19T03:30:00Z,17850,798,3761,20813,893,6587
2024-08-17T08:00:00Z,18675,4001,6138,20812,6,6588
2024-08-16T03:30:00Z,17413,1144,4542,20811,14,6589
2024-06-23T04:30:00Z,15365,749,6194,20810,895,6590
2024-07-12T05:30:00Z,17809,874,3874,20809,351,6591
2024-07-16T04:30:00Z,17709,745,3845,20809,655,6592
2024-08-11T05:00:00Z,15726,527,5610,20809,62,6593
2024-07-28T02:30:00Z,16329,465,4943,20807,62,6594
2024-08-12T13:30:00Z,22669,9160,7298,20807,99,6595
2024-09-21T16:00:00Z,20603,4726,4930,20807,6,6596
2024-07-13T10:00:00Z,20074,5315,6047,20806,7,6597
2024-08-19T03:00:00Z,16065,865,5606,20806,39,6598
2024-09-12T00:30:00Z,18852,2083,4037,20806,16,6599
2024-08-10T10:00:00Z,20222,6253,6836,20805,13,6600
2024-10-22T05:30:00Z,20008,2036,2832,20804,104,6601
2024-09-10T07:00:00Z,22691,4247,2358,20802,5,6602
2024-06-18T05:00:00Z,17272,734,4262,20800,555,6603
2024-06-17T03:00:00Z,16639,907,5066,20798,269,6604
2024-07-06T02:30:00Z,17192,783,4388,20797,12,6605
2024-07-22T05:30:00Z,16961,1088,4922,20795,121,6606
2024-08-31T03:00:00Z,16106,801,5490,20795,68,6607
2024-08-12T13:00:00Z,22611,9112,7294,20793,402,6608
2024-10-19T05:00:00Z,17827,1401,4364,20790,45,6609
2024-10-02T14:00:00Z,24838,6181,2130,20787,8,6610
2024-11-05T03:30:00Z,19609,339,1517,20787,809,6611
2024-08-22T11:30:00Z,23234,7824,5374,20784,9,6612
2024-08-31T23:30:00Z,18095,1799,4485,20781,12,6613
2024-09-14T05:00:00Z,16710,1932,6003,20781,311,6614
2024-07-03T04:00:00Z,17431,1269,4616,20778,68,6615
2024-11-04T03:30:00Z,18577,379,2580,20778,825,6616
2024-09-24T05:30:00Z,19147,833,2462,20776,9,6617
2024-09-07T05:30:00Z,17325,650,4100,20775,9,6618
2024-09-04T00:00:00Z,19362,593,2005,20774,8,6619
2024-06-12T13:30:00Z,23196,7186,4763,20773,7,6620
2024-12-04T05:30:00Z,23714,786,-2155,20773,146,6621
2024-08-16T09:30:00Z,21041,7630,7361,20772,6,6622
2024-08-09T08:00:00Z,21882,5740,4629,20771,305,6623
2024-07-23T16:00:00Z,22170,6495,5095,20770,10,6624
2024-06-17T03:30:00Z,16627,884,5024,20767,269,6625
2024-10-10T05:00:00Z,18517,2044,4291,20764,810,6626
2024-07-08T05:00:00Z,16552,389,4597,20760,7,6627
2024-07-27T02:30:00Z,17143,563,4177,20757,67,6628
2024-09-12T11:30:00Z,22607,9109,7259,20757,11,6629
2024-12-01T01:00:00Z,20884,4528,4401,20757,821,6630
2024-08-30T01:30:00Z,18590,977,3140,20753,8,6631
2024-07-22T03:30:00Z,16266,994,5480,20752,363,6632
2024-07-13T16:00:00Z,19734,4995,6012,20751,12,6633
2024-07-13T02:30:00Z,17113,678,4315,20750,695,6634
2024-08-09T23:30:00Z,18627,2330,4452,20749,10,6635
2024-09-12T16:00:00Z,23729,6893,3912,20748,11,6636
2024-09-16T02:30:00Z,17228,615,4135,20748,9,6637
2024-11-17T05:30:00Z,18584,1763,3927,20748,829,6638
2024-10-10T01:30:00Z,18950,2643,4440,20747,783,6639
2024-08-15T15:30:00Z,22372,7604,5974,20742,649,6640
2024-06-23T05:00:00Z,15243,756,6249,20736,858,6641
2024-08-04T12:00:00Z,18462,7212,9484,20734,524,6642
2024-07-21T17:00:00Z,20044,5562,6251,20733,15,6643
2024-06-15T04:30:00Z,16527,758,4961,20730,651,6644
2024-09-18T03:30:00Z,17287,878,4321,20730,278,6645
2024-06-14T06:30:00Z,20140,3025,3614,20729,10,6646
2024-06-11T13:30:00Z,22238,7366,5855,20727,8,6647
2024-09-04T11:30:00Z,23254,6166,3637,20725,4,6648
2024-08-07T05:30:00Z,17020,1871,5568,20717,21,6649
2024-08-12T16:00:00Z,22625,8023,6115,20717,12,6650
2024-10-19T04:00:00Z,17698,1457,4471,20712,254,6651
2024-09-24T03:30:00Z,17663,832,3880,20711,588,6652
2024-08-29T06:30:00Z,19821,1460,2347,20708,11,6653
2024-08-14T03:30:00Z,17301,846,4252,20707,713,6654
2024-08-06T01:00:00Z,17890,1554,4370,20706,628,6655
2024-10-20T16:00:00Z,23492,7127,4336,20701,31,6656
2024-08-24T06:30:00Z,17070,1412,5040,20698,10,6657
2024-08-30T06:00:00Z,19346,774,2123,20695,10,6658
2024-09-10T14:30:00Z,23372,8255,5578,20695,644,6659
2024-08-06T14:00:00Z,21303,8277,7664,20690,7,6660
2024-08-13T10:30:00Z,21074,9667,9283,20690,11,6661
2024-09-07T05:00:00Z,17176,663,4176,20689,9,6662
2024-06-25T04:00:00Z,17708,377,3356,20687,62,6663
2024-09-14T04:30:00Z,16686,1937,5938,20687,309,6664
2024-08-29T03:30:00Z,17042,1145,4789,20686,295,6665
2024-07-05T06:30:00Z,20000,2778,3461,20683,7,6666
2024-08-06T05:30:00Z,17565,952,4069,20682,11,6667
2024-07-31T05:30:00Z,18116,495,3059,20680,64,6668
2024-08-24T22:30:00Z,19742,2429,3366,20679,7,6669
2024-08-04T11:00:00Z,18258,6744,9160,20674,19,6670
2024-08-15T06:00:00Z,18282,2497,4888,20673,798,6671
2024-07-19T02:30:00Z,18074,789,3384,20669,626,6672
2024-09-08T04:30:00Z,16235,409,4842,20668,6,6673
2024-12-02T04:30:00Z,18990,3033,4711,20668,681,6674
2024-09-01T11:30:00Z,19224,7563,9002,20663,842,6675
2024-08-30T03:30:00Z,17810,908,3757,20659,290,6676
2024-07-22T12:30:00Z,23168,7456,4946,20658,14,6677
2024-08-03T18:00:00Z,20492,4469,4633,20656,11,6678
2024-08-25T19:00:00Z,21295,4030,3390,20655,6,6679
2024-06-30T04:30:00Z,15335,979,6294,20650,628,6680
2024-07-16T13:30:00Z,23123,6972,4499,20650,10,6681
2024-09-12T10:30:00Z,22580,8746,6816,20650,10,6682
2024-06-28T17:00:00Z,20705,7703,7647,20649,543,6683
2024-07-31T04:00:00Z,17640,471,3479,20648,635,6684
2024-06-21T05:00:00Z,16705,1391,5333,20647,87,6685
2024-06-26T04:00:00Z,18001,441,3087,20647,3,6686
2024-09-18T16:30:00Z,23044,5877,3479,20646,16,6687
2024-08-22T12:30:00Z,23218,8311,5736,20643,13,6688
2024-06-22T04:00:00Z,16050,759,5350,20641,743,6689
2024-09-04T12:00:00Z,23317,6234,3553,20636,9,6690
2024-09-20T13:00:00Z,22983,7086,4738,20635,11,6691
2024-08-06T14:30:00Z,21219,8457,7872,20634,7,6692
2024-09-04T06:00:00Z,20170,538,993,20625,10,6693
2024-08-21T15:00:00Z,22128,7617,6111,20622,442,6694
2024-08-13T16:00:00Z,21702,7928,6845,20619,13,6695
2024-06-10T09:00:00Z,22355,7506,5766,20615,8,6696
2024-09-03T01:30:00Z,18773,992,2833,20614,163,6697
2024-08-12T12:30:00Z,22517,9115,7211,20613,524,6698
2024-08-16T03:00:00Z,17420,1157,4349,20612,9,6699
2024-06-22T07:30:00Z,17738,3095,5967,20610,334,6700
2024-08-07T15:00:00Z,21749,8004,6862,20607,647,6701
2024-07-31T04:30:00Z,17559,477,3524,20606,631,6702
2024-08-15T11:30:00Z,21967,8330,6967,20604,903,6703
2024-06-08T07:30:00Z,18234,4431,6799,20602,17,6704
2024-07-13T03:00:00Z,16881,697,4418,20602,696,6705
2024-09-19T06:30:00Z,21419,1019,201,20601,13,6706
2024-08-10T09:30:00Z,20122,5779,6257,20600,13,6707
2024-09-13T05:00:00Z,18847,746,2497,20598,41,6708
2024-07-14T15:30:00Z,20049,5770,6311,20590,13,6709
2024-07-26T17:00:00Z,21252,6035,5368,20585,5,6710
2024-08-04T05:30:00Z,15519,634,5695,20580,69,6711
2024-08-10T11:30:00Z,20139,7598,8036,20577,709,6712
2024-12-05T05:30:00Z,21124,3462,2913,20575,414,6713
2024-07-26T09:00:00Z,21213,6894,6255,20574,8,6714
2024-08-01T05:30:00Z,18416,381,2539,20574,6,6715
2024-10-02T03:00:00Z,17838,2049,4784,20573,854,6716
2024-09-05T05:30:00Z,17445,1763,4887,20569,790,6717
2024-08-10T12:00:00Z,19877,7341,8032,20568,854,6718
2024-07-16T14:30:00Z,22602,6425,4390,20567,13,6719
2024-07-10T13:30:00Z,21674,8316,7204,20562,10,6720
2024-09-04T11:00:00Z,23104,6019,3477,20562,6,6721
2024-07-27T07:00:00Z,17501,1970,5024,20555,8,6722
2024-06-11T10:00:00Z,22481,8011,6084,20554,5,6723
2024-06-26T09:30:00Z,22247,7305,5611,20553,7,6724
2024-10-19T16:00:00Z,22232,4152,2472,20552,12,6725
2024-08-30T03:00:00Z,17761,922,3712,20551,293,6726
2024-07-03T04:30:00Z,17183,1296,4663,20550,70,6727
2024-06-08T07:00:00Z,17752,3725,6516,20543,19,6728
2024-07-12T05:00:00Z,17353,799,3988,20542,348,6729
2024-08-04T16:00:00Z,18380,7098,9260,20542,829,6730
2024-07-23T11:00:00Z,22574,7257,5221,20538,9,6731
2024-07-29T17:00:00Z,22448,6746,4836,20538,14,6732
2024-12-04T23:00:00Z,23034,4811,2314,20537,273,6733
2024-08-04T05:00:00Z,15617,618,5537,20536,70,6734
2024-06-22T05:00:00Z,15662,791,5661,20532,756,6735
2024-08-15T01:00:00Z,18105,2191,4615,20529,414,6736
2024-09-21T02:30:00Z,16582,1225,5170,20527,782,6737
2024-07-09T02:30:00Z,16748,1509,5287,20526,273,6738
2024-08-06T13:30:00Z,21511,8423,7435,20523,7,6739
2024-08-11T07:00:00Z,16289,1672,5904,20521,13,6740
2024-08-04T03:00:00Z,15996,606,5129,20519,10,6741
2024-08-11T05:30:00Z,15516,522,5524,20518,15,6742
2024-08-12T07:30:00Z,22042,4152,2627,20517,7,6743
2024-09-15T12:30:00Z,20141,7351,7727,20517,9,6744
2024-07-30T09:30:00Z,21561,7321,6274,20514,9,6745
2024-08-07T03:00:00Z,16461,1709,5759,20511,703,6746
2024-10-22T03:00:00Z,19159,2269,3618,20508,281,6747
2024-08-04T11:30:00Z,18504,7198,9199,20505,62,6748
2024-08-18T00:30:00Z,17384,1369,4485,20500,11,6749
2024-06-23T06:30:00Z,15887,1852,6463,20498,567,6750
2024-08-03T10:00:00Z,19412,5975,7061,20498,9,6751
2024-08-15T11:00:00Z,21794,7970,6674,20498,910,6752
2024-11-17T05:00:00Z,18575,1870,3792,20497,831,6753
2024-06-14T10:30:00Z,22147,7630,5976,20493,10,6754
2024-06-20T09:00:00Z,22109,6673,5056,20492,11,6755
2024-08-08T01:00:00Z,17697,1738,4532,20491,570,6756
2024-08-16T23:00:00Z,20661,1651,1481,20491,14,6757
2024-09-05T03:00:00Z,16725,1385,5146,20486,854,6758
2024-08-31T06:00:00Z,16442,1014,5053,20481,10,6759
2024-06-14T10:00:00Z,22333,7538,5683,20478,13,6760
2024-08-09T18:00:00Z,22021,6515,4970,20476,3,6761
2024-07-29T16:30:00Z,21662,7805,6618,20475,13,6762
2024-09-20T14:30:00Z,22381,6516,4609,20474,8,6763
2024-07-19T04:30:00Z,17621,895,3746,20472,591,6764
2024-06-21T09:00:00Z,21184,7865,7149,20468,9,6765
2024-06-29T10:00:00Z,18547,7754,9673,20466,7,6766
2024-06-15T05:00:00Z,16437,828,4854,20463,650,6767
2024-07-13T10:30:00Z,19827,5395,6030,20462,7,6768
2024-08-11T08:00:00Z,17083,3235,6613,20461,11,6769
2024-07-19T04:00:00Z,17731,847,3576,20460,605,6770
2024-10-03T11:30:00Z,22875,8336,5920,20459,8,6771
2024-06-11T11:00:00Z,22449,7658,5660,20451,3,6772
2024-06-06T13:30:00Z,20463,10597,10578,20444,9,6773
2024-07-17T09:30:00Z,21920,7269,5792,20443,9,6774
2024-09-04T10:30:00Z,23116,6421,3748,20443,8,6775
2024-07-13T03:30:00Z,16668,715,4488,20441,698,6776
2024-07-09T03:00:00Z,16621,1541,5360,20440,405,6777
2024-06-19T09:30:00Z,22216,6271,4491,20436,9,6778
2024-07-25T03:00:00Z,17204,1587,4819,20436,982,6779
2024-07-16T05:30:00Z,17956,859,3337,20434,118,6780
2024-09-18T11:00:00Z,23356,7423,4501,20434,16,6781
2024-08-07T03:30:00Z,16381,1745,5795,20431,575,6782
2024-06-22T05:30:00Z,15700,977,5707,20430,742,6783
2024-07-22T05:00:00Z,16451,1025,5002,20428,285,6784
2024-09-15T09:00:00Z,18604,5070,6894,20428,16,6785
2024-07-07T00:30:00Z,17482,1052,3997,20427,668,6786
2024-07-18T16:00:00Z,21688,8183,6918,20423,7,6787
2024-07-23T11:30:00Z,22453,7280,5248,20421,9,6788
2024-08-29T04:30:00Z,17105,1154,4462,20413,14,6789
2024-07-22T04:00:00Z,16264,1003,5150,20411,363,6790
2024-08-31T03:30:00Z,15874,811,5341,20404,14,6791
2024-08-14T05:00:00Z,17506,745,3637,20398,156,6792
2024-10-19T04:30:00Z,17457,1426,4366,20397,309,6793
2024-08-22T12:00:00Z,23229,8386,5550,20393,12,6794
2024-06-16T17:30:00Z,20146,5931,6177,20392,13,6795
2024-09-02T04:00:00Z,17150,547,3789,20392,14,6796
2024-12-02T04:00:00Z,18681,2841,4546,20386,880,6797
2024-09-11T06:00:00Z,19606,2812,3591,20385,309,6798
2024-09-19T16:00:00Z,22814,5982,3553,20385,21,6799
2024-09-20T06:00:00Z,19817,1200,1768,20385,58,6800
2024-06-17T16:00:00Z,21932,7418,5870,20384,10,6801
2024-08-26T22:30:00Z,20243,1922,2061,20382,9,6802
2024-06-30T05:00:00Z,15188,1057,6249,20380,621,6803
2024-10-03T11:00:00Z,23321,8436,5495,20380,8,6804
2024-06-23T05:30:00Z,15170,938,6142,20374,872,6805
2024-06-19T04:00:00Z,17160,616,3829,20373,127,6806
2024-06-22T08:00:00Z,18139,3912,6145,20372,13,6807
2024-07-31T05:00:00Z,17760,473,3082,20369,212,6808
2024-08-12T14:00:00Z,22389,9134,7108,20363,16,6809
2024-08-22T15:30:00Z,22513,8087,5936,20362,239,6810
2024-09-01T13:00:00Z,19118,7676,8917,20359,834,6811
2024-08-10T12:30:00Z,19819,7494,8032,20357,738,6812
2024-09-01T13:30:00Z,19203,7625,8779,20357,824,6813
2024-06-25T04:30:00Z,17552,355,3155,20352,61,6814
2024-08-19T05:30:00Z,17241,1210,4319,20350,15,6815
2024-11-06T04:30:00Z,19643,695,1402,20350,819,6816
2024-09-03T02:00:00Z,18427,963,2884,20348,279,6817
2024-11-17T03:30:00Z,18613,2157,3889,20345,838,6818
2024-08-19T04:00:00Z,16202,970,5109,20341,14,6819
2024-07-14T02:00:00Z,16609,872,4603,20340,897,6820
2024-08-04T04:00:00Z,15688,606,5258,20340,69,6821
2024-07-22T04:30:00Z,16291,1012,5059,20338,495,6822
2024-08-08T05:00:00Z,16916,1509,4931,20338,585,6823
2024-07-02T02:30:00Z,16990,1491,4838,20337,911,6824
2024-07-12T13:00:00Z,22439,6615,4513,20337,14,6825
2024-09-12T01:00:00Z,18536,2038,3834,20332,17,6826
2024-08-29T10:30:00Z,20879,9605,9056,20330,586,6827
2024-10-02T03:30:00Z,17680,2015,4664,20329,775,6828
2024-07-21T04:30:00Z,15640,1307,5995,20328,697,6829
2024-11-06T05:30:00Z,21277,703,-247,20327,501,6830
2024-10-09T23:30:00Z,19628,3067,3765,20326,923,6831
2024-11-06T04:00:00Z,19576,692,1441,20325,818,6832
2024-09-20T13:30:00Z,22747,7039,4616,20324,7,6833
2024-09-12T01:30:00Z,18588,1992,3727,20323,13,6834
2024-08-23T00:30:00Z,17854,2158,4626,20322,17,6835
2024-08-28T05:30:00Z,17870,1330,3781,20321,12,6836
2024-06-22T04:30:00Z,15707,753,5366,20320,705,6837
2024-10-05T23:00:00Z,19476,2949,3793,20320,927,6838
2024-08-04T03:30:00Z,15753,603,5168,20318,66,6839
2024-08-11T04:00:00Z,15814,528,5031,20317,10,6840
2024-06-13T04:00:00Z,17521,812,3605,20314,125,6841
2024-06-08T00:30:00Z,17891,2138,4560,20313,15,6842
2024-06-19T05:30:00Z,17845,952,3420,20313,11,6843
2024-09-02T04:30:00Z,17077,547,3783,20313,13,6844
2024-08-22T08:00:00Z,22673,5586,3221,20308,8,6845
2024-08-11T06:00:00Z,15688,641,5259,20306,13,6846
2024-08-14T04:00:00Z,17261,821,3863,20303,708,6847
2024-09-23T00:00:00Z,18082,806,3023,20299,363,6848
2024-10-12T23:00:00Z,20011,3577,3865,20299,811,6849
2024-10-22T03:30:00Z,19027,2246,3518,20299,330,6850
2024-06-26T04:30:00Z,17795,471,2974,20298,4,6851
2024-10-27T04:00:00Z,17157,1381,4522,20298,835,6852
2024-08-07T11:30:00Z,21795,8594,7094,20295,123,6853
2024-08-08T05:30:00Z,17029,1480,4745,20294,513,6854
2024-08-07T11:00:00Z,21686,8354,6960,20292,65,6855
2024-08-17T07:30:00Z,17936,3041,5397,20292,11,6856
2024-12-05T00:00:00Z,22209,4559,2642,20292,533,6857
2024-10-18T14:30:00Z,23804,7732,4217,20289,8,6858
2024-08-07T05:00:00Z,16697,1797,5388,20288,52,6859
2024-09-20T14:00:00Z,22565,6833,4554,20286,8,6860
2024-08-17T16:30:00Z,19119,5491,6657,20285,15,6861
2024-06-11T05:30:00Z,17983,1800,4097,20280,351,6862
2024-08-29T04:00:00Z,16880,1150,4545,20275,40,6863
2024-06-13T04:30:00Z,17367,880,3785,20272,125,6864
2024-08-29T17:00:00Z,22759,5932,3439,20266,12,6865
2024-08-12T10:30:00Z,22333,8163,6094,20264,475,6866
2024-06-18T16:00:00Z,22069,6795,4987,20261,7,6867
2024-08-17T06:30:00Z,17204,1633,4689,20260,6,6868
2024-08-23T23:00:00Z,19325,1900,2835,20260,6,6869
2024-09-14T23:00:00Z,18833,2264,3691,20260,106,6870
2024-10-20T09:30:00Z,22873,5436,2820,20257,332,6871
2024-08-06T16:00:00Z,21103,8513,7662,20252,202,6872
2024-06-15T06:00:00Z,16867,1526,4908,20249,619,6873
2024-08-24T13:30:00Z,18450,7693,9491,20248,756,6874
2024-08-02T11:30:00Z,20770,9955,9430,20245,398,6875
2024-10-10T01:00:00Z,18636,2724,4333,20245,859,6876
2024-10-10T02:00:00Z,18617,2558,4183,20242,889,6877
2024-12-05T03:00:00Z,20488,4006,3760,20242,917,6878
2024-10-10T03:00:00Z,18608,2398,4030,20240,763,6879
2024-10-24T05:30:00Z,19777,3137,3600,20240,827,6880
2024-12-05T01:00:00Z,21825,4275,2689,20239,847,6881
2024-06-16T02:00:00Z,16991,957,4204,20238,632,6882
2024-09-28T09:30:00Z,21784,6182,4636,20238,11,6883
2024-07-30T16:00:00Z,21379,8214,7072,20237,13,6884
2024-06-14T06:00:00Z,19062,2438,3612,20236,47,6885
2024-06-22T08:30:00Z,18451,4563,6348,20236,9,6886
2024-11-11T04:30:00Z,18607,1704,3333,20236,819,6887
2024-08-07T04:00:00Z,16331,1738,5641,20234,601,6888
2024-08-15T12:00:00Z,21910,8351,6674,20233,894,6889
2024-08-07T04:30:00Z,16265,1730,5695,20230,672,6890
2024-07-13T04:00:00Z,16492,730,4467,20229,707,6891
2024-09-23T00:30:00Z,18052,772,2949,20229,573,6892
2024-06-15T07:00:00Z,17629,2620,5217,20226,118,6893
2024-06-08T10:30:00Z,19591,8480,9113,20224,816,6894
2024-08-15T01:30:00Z,17878,2267,4613,20224,687,6895
2024-06-06T14:00:00Z,20171,10362,10412,20221,9,6896
2024-07-19T15:30:00Z,20456,10033,9798,20221,13,6897
2024-10-10T03:30:00Z,18546,2324,3995,20217,899,6898
2024-07-27T03:00:00Z,16692,533,4057,20216,67,6899
2024-09-27T13:00:00Z,23610,10124,6728,20214,5,6900
2024-09-21T10:30:00Z,20447,5856,5622,20213,7,6901
2024-08-22T13:00:00Z,22979,8340,5572,20211,266,6902
2024-06-22T17:00:00Z,18265,6899,8841,20207,12,6903
2024-08-11T07:30:00Z,16551,2392,6048,20207,13,6904
2024-08-04T12:30:00Z,18188,7647,9665,20206,787,6905
2024-07-02T05:30:00Z,17467,1429,4166,20204,509,6906
2024-08-24T17:30:00Z,20135,6000,6068,20203,9,6907
2024-08-03T05:00:00Z,16620,891,4472,20201,7,6908
2024-08-26T23:00:00Z,19022,2042,3221,20201,8,6909
2024-09-12T13:00:00Z,22577,9034,6657,20200,12,6910
2024-06-17T05:30:00Z,17357,1157,3999,20199,11,6911
2024-08-07T12:00:00Z,21874,8449,6774,20199,323,6912
2024-07-07T01:00:00Z,17135,1034,4097,20198,670,6913
2024-08-25T20:00:00Z,21175,3473,2496,20198,4,6914
2024-07-06T03:00:00Z,16862,809,4141,20194,12,6915
2024-09-15T06:30:00Z,16488,1402,5105,20191,16,6916
2024-08-19T04:30:00Z,16346,1056,4899,20189,14,6917
2024-10-26T05:00:00Z,17956,1028,3259,20187,9,6918
2024-06-15T06:30:00Z,17139,1994,5040,20185,278,6919
2024-06-17T04:00:00Z,16448,866,4603,20185,25,6920
2024-09-05T03:30:00Z,16608,1460,5034,20182,846,6921
2024-10-20T14:00:00Z,23373,8766,5575,20182,855,6922
2024-08-01T04:30:00Z,17826,393,2748,20181,328,6923
2024-10-10T02:30:00Z,18555,2472,4096,20179,889,6924
2024-06-06T14:30:00Z,19844,9922,10256,20178,9,6925
2024-10-18T13:30:00Z,23555,8821,5442,20176,9,6926
2024-07-10T15:30:00Z,21461,7915,6629,20175,8,6927
2024-09-23T01:30:00Z,17917,722,2978,20173,572,6928
2024-07-25T03:30:00Z,17008,1521,4685,20172,984,6929
2024-10-18T15:00:00Z,24007,7071,3235,20171,11,6930
2024-08-01T04:00:00Z,17929,390,2627,20166,345,6931
2024-09-12T02:00:00Z,18345,1935,3756,20166,69,6932
2024-06-17T10:00:00Z,21704,8020,6479,20163,8,6933
2024-07-25T05:30:00Z,17507,1372,4027,20162,546,6934
2024-09-21T06:00:00Z,17062,1277,4376,20161,113,6935
2024-09-23T06:00:00Z,20396,761,525,20160,45,6936
2024-08-11T04:30:00Z,15697,533,4994,20158,13,6937
2024-09-16T03:00:00Z,16933,599,3823,20157,9,6938
2024-09-22T07:30:00Z,18200,1321,3276,20155,12,6939
2024-08-25T18:30:00Z,21256,4441,3337,20152,13,6940
2024-09-22T02:00:00Z,16575,1158,4734,20151,16,6941
2024-09-23T01:00:00Z,17922,747,2976,20151,573,6942
2024-08-03T05:30:00Z,16647,892,4393,20148,7,6943
2024-06-15T17:00:00Z,20323,5631,5452,20144,11,6944
2024-09-24T04:30:00Z,17506,831,3469,20144,568,6945
2024-08-17T06:00:00Z,16723,1286,4706,20143,6,6946
2024-09-12T13:30:00Z,22153,8757,6743,20139,12,6947
2024-06-14T11:00:00Z,22214,8213,6137,20138,8,6948
2024-07-16T14:00:00Z,22611,6784,4311,20138,13,6949
2024-08-07T10:00:00Z,21645,8523,7014,20136,12,6950
2024-08-03T03:00:00Z,17005,945,4075,20135,7,6951
2024-09-18T06:00:00Z,20240,976,871,20135,14,6952
2024-08-10T10:30:00Z,19961,6852,7017,20126,18,6953
2024-11-04T04:00:00Z,18373,376,2125,20122,807,6954
2024-06-10T09:30:00Z,22253,7875,5738,20116,5,6955
2024-08-16T23:30:00Z,19673,1625,2067,20115,14,6956
2024-07-23T12:00:00Z,22367,7323,5068,20112,9,6957
2024-07-02T03:00:00Z,17015,1470,4566,20111,893,6958
2024-07-13T04:30:00Z,16345,744,4508,20109,859,6959
2024-09-20T04:30:00Z,16883,1139,4365,20109,418,6960
2024-09-21T15:30:00Z,19886,5775,5997,20108,8,6961
2024-07-22T16:30:00Z,22407,6369,4069,20107,10,6962
2024-09-02T05:30:00Z,18302,527,2331,20106,18,6963
2024-10-10T00:00:00Z,19024,2936,4018,20106,908,6964
2024-10-18T14:00:00Z,23610,8202,4695,20103,9,6965
2024-08-04T04:30:00Z,15588,609,5120,20099,70,6966
2024-07-14T15:00:00Z,19643,5861,6313,20095,14,6967
2024-07-28T03:00:00Z,15912,452,4633,20093,10,6968
2024-10-16T01:30:00Z,19179,3066,3976,20089,850,6969
2024-07-19T10:30:00Z,20786,10498,9799,20087,16,6970
2024-08-11T06:30:00Z,15869,1027,5245,20087,13,6971
2024-07-12T12:00:00Z,22762,7147,4471,20086,14,6972
2024-09-27T15:30:00Z,22268,8480,6296,20084,7,6973
2024-07-14T13:30:00Z,19904,6234,6409,20079,15,6974
2024-09-06T05:30:00Z,18126,1662,3611,20075,156,6975
2024-11-04T04:30:00Z,18461,372,1985,20074,805,6976
2024-07-22T13:00:00Z,22622,7553,5004,20073,14,6977
2024-07-06T04:00:00Z,16402,868,4526,20060,12,6978
2024-10-27T04:30:00Z,17035,1318,4342,20059,837,6979
2024-07-28T05:00:00Z,15412,404,5050,20058,350,6980
2024-08-06T02:00:00Z,17488,1449,4017,20056,137,6981
2024-08-19T21:00:00Z,22946,3966,1075,20055,3,6982
2024-09-20T04:00:00Z,16963,1089,4181,20055,403,6983
2024-08-07T12:30:00Z,21821,8493,6725,20053,419,6984
2024-09-09T13:30:00Z,22100,8475,6428,20053,17,6985
2024-08-30T04:00:00Z,17563,885,3373,20051,156,6986
2024-07-27T08:00:00Z,18110,3615,5551,20046,8,6987
2024-08-03T03:30:00Z,16992,915,3966,20043,7,6988
2024-09-04T00:30:00Z,18816,567,1794,20043,9,6989
2024-09-03T05:30:00Z,18441,747,2345,20039,9,6990
2024-12-05T05:00:00Z,20253,3585,3370,20038,776,6991
2024-09-16T03:30:00Z,16847,583,3771,20035,9,6992
2024-06-17T04:30:00Z,16353,847,4523,20029,11,6993
2024-08-01T05:00:00Z,18128,385,2285,20028,12,6994
2024-07-28T04:30:00Z,15600,430,4854,20024,148,6995
2024-08-12T07:00:00Z,21100,3646,2569,20023,339,6996
2024-07-21T06:00:00Z,15632,1635,6024,20021,556,6997
2024-11-11T04:00:00Z,18527,1745,3239,20021,822,6998
2024-06-19T04:30:00Z,16938,627,3709,20020,129,6999
2024-08-12T15:00:00Z,22102,9174,7092,20020,14,7000
2024-09-09T06:00:00Z,18892,2197,3324,20019,52,7001
2024-09-12T14:30:00Z,21854,8294,6459,20019,10,7002
2024-06-27T05:30:00Z,17803,2269,4482,20016,323,7003
2024-08-31T09:00:00Z,18455,5142,6703,20016,11,7004
2024-06-11T05:00:00Z,17292,1515,4237,20014,342,7005
2024-08-17T00:00:00Z,18998,1593,2609,20014,12,7006
2024-07-05T11:30:00Z,22020,9101,7092,20011,7,7007
2024-09-09T02:00:00Z,16166,2044,5888,20010,307,7008
2024-09-09T23:30:00Z,18527,2650,4133,20010,52,7009
2024-08-05T00:00:00Z,17033,2440,5415,20008,857,7010
2024-08-29T06:00:00Z,18844,1207,2370,20007,16,7011
2024-06-11T12:30:00Z,22597,8243,5652,20006,8,7012
2024-08-25T18:00:00Z,21402,4942,3544,20004,17,7013
2024-08-20T22:30:00Z,20977,3224,2250,20003,7,7014
2024-08-03T04:30:00Z,16636,903,4269,20002,7,7015
2024-07-06T03:30:00Z,16559,834,4276,20001,12,7016
2024-08-06T15:30:00Z,20939,8985,8044,19998,170,7017
2024-09-12T14:00:00Z,22023,8605,6580,19998,11,7018
2024-07-17T15:00:00Z,20996,7765,6762,19993,8,7019
2024-10-22T05:00:00Z,19043,2083,3025,19985,79,7020
2024-09-12T02:30:00Z,18138,1877,3718,19979,50,7021
2024-06-10T03:00:00Z,16027,1846,5797,19978,967,7022
2024-08-06T01:30:00Z,17618,1515,3875,19978,439,7023
2024-09-19T11:00:00Z,23088,7137,4027,19978,14,7024
2024-08-06T15:00:00Z,20763,8751,7957,19969,10,7025
2024-10-16T00:00:00Z,19625,3072,3416,19969,808,7026
2024-07-13T06:00:00Z,16693,1131,4397,19959,345,7027
2024-08-31T15:30:00Z,18596,5886,7247,19957,457,7028
2024-09-06T05:00:00Z,17216,1688,4428,19956,364,7029
2024-09-01T14:00:00Z,19158,7431,8227,19954,808,7030
2024-07-16T05:00:00Z,17535,772,3190,19953,419,7031
2024-07-06T10:00:00Z,19745,6098,6304,19951,6,7032
2024-07-07T01:30:00Z,16789,1015,4172,19946,664,7033
2024-08-10T08:30:00Z,19454,4584,5074,19944,15,7034
2024-08-20T10:30:00Z,21640,9006,7303,19937,11,7035
2024-09-22T02:30:00Z,16485,1151,4603,19937,16,7036
2024-06-10T06:00:00Z,18257,2473,4149,19933,336,7037
2024-06-22T09:00:00Z,18716,5452,6668,19932,8,7038
2024-11-05T04:00:00Z,19364,337,904,19931,804,7039
2024-09-05T05:00:00Z,16884,1699,4743,19928,804,7040
2024-09-18T04:30:00Z,17172,938,3686,19920,16,7041
2024-08-06T03:00:00Z,17124,1305,4097,19916,138,7042
2024-07-21T05:00:00Z,15350,1262,5825,19913,692,7043
2024-07-28T03:30:00Z,15770,438,4581,19913,10,7044
2024-09-01T12:00:00Z,19138,8100,8875,19913,834,7045
2024-07-14T14:00:00Z,19692,6225,6441,19908,15,7046
2024-09-03T02:30:00Z,18191,934,2643,19900,144,7047
2024-07-28T05:30:00Z,15290,436,5045,19899,346,7048
2024-11-05T04:30:00Z,19418,334,815,19899,772,7049
2024-11-05T05:30:00Z,20829,326,-612,19891,5,7050
2024-07-28T04:00:00Z,15595,434,4724,19885,68,7051
2024-08-10T00:00:00Z,18059,2261,4087,19885,13,7052
2024-07-09T03:30:00Z,16273,1572,5183,19884,636,7053
2024-08-24T06:00:00Z,16461,1386,4808,19883,11,7054
2024-06-13T23:00:00Z,20036,3215,3061,19882,8,7055
2024-08-14T04:30:00Z,17109,795,3565,19879,524,7056
2024-09-05T04:30:00Z,16496,1635,5018,19879,850,7057
2024-06-30T05:30:00Z,15033,1264,6107,19876,625,7058
2024-06-25T16:00:00Z,22421,7477,4931,19875,12,7059
2024-07-28T06:00:00Z,15468,758,5164,19874,294,7060
2024-08-06T02:30:00Z,17225,1383,4032,19874,138,7061
2024-08-09T08:30:00Z,22047,6920,4745,19872,283,7062
2024-10-24T03:00:00Z,18977,3179,4073,19871,835,7063
2024-08-27T16:30:00Z,22825,6277,3322,19870,5,7064
2024-09-10T13:00:00Z,23324,9321,5867,19870,636,7065
2024-06-16T02:30:00Z,16697,951,4123,19869,700,7066
2024-10-16T02:00:00Z,19070,3062,3859,19867,846,7067
2024-12-01T01:30:00Z,20267,4466,4066,19867,924,7068
2024-09-18T04:00:00Z,16989,908,3784,19865,145,7069
2024-06-06T15:00:00Z,19940,9997,9919,19862,9,7070
2024-08-22T15:00:00Z,22327,8226,5761,19862,13,7071
2024-06-13T05:30:00Z,17901,1548,3504,19857,12,7072
2024-06-18T10:00:00Z,22173,7388,5071,19856,7,7073
2024-08-31T04:00:00Z,15738,864,4981,19855,14,7074
2024-10-10T04:30:00Z,18229,2094,3716,19851,882,7075
2024-06-15T05:30:00Z,16356,1092,4584,19848,651,7076
2024-07-13T11:00:00Z,19818,5989,6019,19848,7,7077
2024-09-11T16:00:00Z,21929,8473,6391,19847,3,7078
2024-06-30T08:30:00Z,17749,3993,6088,19844,120,7079
2024-08-18T01:00:00Z,16937,1416,4323,19844,11,7080
2024-09-10T13:30:00Z,23363,9163,5644,19844,715,7081
2024-10-16T01:00:00Z,19047,3067,3861,19841,808,7082
2024-08-05T00:30:00Z,16849,2433,5422,19838,884,7083
2024-06-23T07:00:00Z,16030,2533,6340,19837,560,7084
2024-07-31T09:30:00Z,22071,6829,4595,19837,8,7085
2024-07-05T06:00:00Z,19038,2483,3281,19836,118,7086
2024-08-10T17:00:00Z,19946,6581,6469,19834,135,7087
2024-06-15T08:00:00Z,18697,4237,5369,19829,13,7088
2024-07-02T03:30:00Z,16866,1449,4411,19828,890,7089
2024-08-03T04:00:00Z,16708,909,4028,19827,7,7090
2024-07-21T07:00:00Z,16241,2619,6204,19826,307,7091
2024-12-05T04:30:00Z,20044,3707,3482,19819,919,7092
2024-07-25T05:00:00Z,17139,1399,4078,19818,972,7093
2024-08-06T03:30:00Z,17052,1227,3990,19815,83,7094
2024-07-13T05:00:00Z,16095,752,4469,19812,684,7095
2024-09-16T10:00:00Z,23048,7107,3871,19812,16,7096
2024-06-19T05:00:00Z,17188,681,3294,19801,29,7097
2024-07-12T12:30:00Z,22590,7094,4303,19799,14,7098
2024-07-06T18:00:00Z,19405,5621,6014,19798,674,7099
2024-08-28T02:00:00Z,17540,1499,3751,19792,15,7100
2024-09-11T09:30:00Z,22280,9506,7015,19789,571,7101
2024-08-07T10:30:00Z,21333,8269,6723,19787,15,7102
2024-09-21T03:00:00Z,16151,1220,4852,19783,837,7103
2024-09-01T00:00:00Z,17640,1732,3869,19777,12,7104
2024-07-06T04:30:00Z,16118,901,4557,19774,63,7105
2024-07-05T15:00:00Z,21199,7373,5945,19771,5,7106
2024-07-27T06:00:00Z,16510,825,4075,19760,8,7107
2024-07-29T09:30:00Z,20746,8115,7127,19758,11,7108
2024-08-30T05:30:00Z,18314,806,2247,19755,11,7109
2024-06-14T16:00:00Z,20885,7002,5869,19752,172,7110
2024-08-12T14:30:00Z,22067,9296,6981,19752,14,7111
2024-09-10T14:00:00Z,23202,8903,5452,19751,727,7112
2024-07-13T05:30:00Z,16017,848,4579,19748,719,7113
2024-09-21T03:30:00Z,16012,1215,4950,19747,847,7114
2024-07-27T07:30:00Z,17639,2822,4928,19745,8,7115
2024-07-14T14:30:00Z,19458,5978,6259,19739,16,7116
2024-09-28T15:30:00Z,20882,5723,4580,19739,10,7117
2024-08-18T01:30:00Z,16711,1463,4489,19737,57,7118
2024-08-10T08:00:00Z,19027,4053,4761,19735,16,7119
2024-09-24T05:00:00Z,17914,832,2648,19730,135,7120
2024-06-07T16:30:00Z,20800,7802,6731,19729,13,7121
2024-07-21T06:30:00Z,15893,2023,5855,19725,294,7122
2024-08-19T05:00:00Z,16654,1133,4202,19723,204,7123
2024-09-04T02:00:00Z,18108,566,2180,19722,284,7124
2024-10-18T13:00:00Z,23576,9431,5577,19722,9,7125
2024-10-16T02:30:00Z,18937,3057,3841,19721,841,7126
2024-08-30T04:30:00Z,17359,862,3221,19718,285,7127
2024-07-07T09:00:00Z,17963,5159,6909,19713,388,7128
2024-08-29T11:00:00Z,20295,10075,9493,19713,868,7129
2024-07-07T02:00:00Z,16486,999,4225,19712,659,7130
2024-08-06T05:00:00Z,16722,1008,3998,19712,167,7131
2024-08-30T16:30:00Z,21161,5644,4195,19712,7,7132
2024-10-05T10:30:00Z,20140,9271,8840,19709,13,7133
2024-09-22T07:00:00Z,17473,1244,3479,19708,50,7134
2024-06-25T10:00:00Z,22146,8073,5633,19706,8,7135
2024-09-27T06:00:00Z,19177,3651,4180,19706,694,7136
2024-09-09T15:30:00Z,21349,7054,5410,19705,8,7137
2024-06-27T18:00:00Z,21558,7728,5874,19704,9,7138
2024-06-11T11:30:00Z,22451,8116,5366,19701,8,7139
2024-09-24T04:00:00Z,17314,832,3219,19701,572,7140
2024-08-08T01:30:00Z,17194,1728,4232,19698,999,7141
2024-09-05T04:00:00Z,16479,1548,4767,19698,780,7142
2024-07-13T11:30:00Z,19913,6088,5871,19696,14,7143
2024-06-13T05:00:00Z,17430,1081,3344,19693,30,7144
2024-07-13T06:30:00Z,16859,1573,4407,19693,243,7145
2024-08-07T13:30:00Z,21424,8395,6664,19693,668,7146
2024-12-05T03:30:00Z,20071,3943,3565,19693,860,7147
2024-08-27T11:00:00Z,22155,8743,6280,19692,417,7148
2024-09-09T05:30:00Z,17216,2214,4690,19692,359,7149
2024-06-10T16:30:00Z,21710,8285,6266,19691,7,7150
2024-06-14T11:30:00Z,22066,8557,6181,19690,7,7151
2024-06-15T07:30:00Z,17997,3431,5124,19690,13,7152
2024-09-15T00:00:00Z,17997,2099,3785,19683,416,7153
2024-08-13T11:00:00Z,20650,10197,9227,19680,11,7154
2024-11-17T04:00:00Z,18302,2067,3439,19674,834,7155
2024-12-05T01:30:00Z,21393,4154,2434,19673,453,7156
2024-06-15T09:00:00Z,19495,5512,5689,19672,7,7157
2024-07-27T06:30:00Z,16773,1250,4147,19670,8,7158
2024-09-14T23:30:00Z,18232,2178,3616,19670,398,7159
2024-09-15T09:30:00Z,18455,5813,7024,19666,15,7160
2024-10-19T12:30:00Z,22170,7054,4549,19665,7,7161
2024-08-28T03:00:00Z,17156,1453,3961,19664,15,7162
2024-08-01T16:00:00Z,22408,6891,4142,19659,8,7163
2024-07-21T05:30:00Z,15179,1314,5789,19654,692,7164
2024-08-11T08:30:00Z,17306,4298,6645,19653,8,7165
2024-09-09T02:30:00Z,15889,2084,5843,19648,543,7166
2024-10-10T04:00:00Z,18223,2209,3631,19645,896,7167
2024-08-17T08:30:00Z,18551,5103,6196,19644,2,7168
2024-06-23T08:00:00Z,16615,4006,7032,19641,47,7169
2024-10-28T00:30:00Z,18687,2441,3395,19641,663,7170
2024-09-01T12:30:00Z,18972,8119,8787,19640,841,7171
2024-09-19T02:00:00Z,17271,1054,3423,19640,5,7172
2024-07-23T13:00:00Z,22066,7379,4950,19637,9,7173
2024-06-08T01:00:00Z,17493,2127,4265,19631,12,7174
2024-08-02T15:30:00Z,20565,9038,8103,19630,128,7175
2024-07-21T16:30:00Z,19305,6387,6708,19626,10,7176
2024-09-12T03:00:00Z,17875,1840,3586,19621,15,7177
2024-08-27T12:00:00Z,22026,9392,6984,19618,829,7178
2024-07-06T06:30:00Z,16765,1863,4715,19617,14,7179
2024-07-27T03:30:00Z,16332,502,3784,19614,67,7180
2024-06-11T13:00:00Z,22331,8560,5839,19610,8,7181
2024-08-06T04:30:00Z,16703,1065,3969,19607,160,7182
2024-08-17T01:00:00Z,18090,1554,3071,19607,6,7183
2024-10-10T00:30:00Z,18399,2805,4011,19605,862,7184
2024-09-16T04:00:00Z,16716,591,3479,19604,8,7185
2024-06-20T16:30:00Z,21971,6774,4406,19603,2,7186
2024-07-14T02:30:00Z,16114,879,4367,19602,980,7187
2024-06-17T05:00:00Z,16597,898,3900,19599,11,7188
2024-06-18T15:30:00Z,21746,7126,4979,19599,7,7189
2024-08-07T13:00:00Z,21757,8939,6780,19598,583,7190
2024-08-31T04:30:00Z,15718,916,4792,19594,14,7191
2024-07-10T14:00:00Z,21349,8499,6743,19593,11,7192
2024-08-27T12:30:00Z,21921,9362,7029,19588,692,7193
2024-07-10T14:30:00Z,21224,8247,6610,19587,11,7194
2024-10-05T23:30:00Z,18925,2942,3603,19586,842,7195
2024-08-16T17:00:00Z,20829,7219,5970,19580,14,7196
2024-07-06T06:00:00Z,16489,1492,4582,19579,15,7197
2024-08-23T08:00:00Z,21008,6591,5162,19579,686,7198
2024-09-21T11:00:00Z,20198,6194,5574,19578,8,7199
2024-08-26T23:30:00Z,18199,2161,3533,19571,8,7200
2024-12-05T02:00:00Z,20966,4112,2716,19570,786,7201
2024-07-19T16:00:00Z,20467,9116,8218,19569,15,7202
2024-07-31T16:30:00Z,22404,6327,3492,19569,16,7203
2024-06-27T10:00:00Z,21357,10046,8256,19567,7,7204
2024-10-13T02:00:00Z,18703,2831,3692,19564,829,7205
2024-08-03T10:30:00Z,19091,7012,7484,19563,9,7206
2024-12-05T02:30:00Z,20856,4069,2774,19561,862,7207
2024-07-23T12:30:00Z,22211,7572,4918,19557,9,7208
2024-06-08T01:30:00Z,17498,2116,4172,19554,18,7209
2024-08-08T22:30:00Z,20307,3036,2282,19553,161,7210
2024-08-17T00:30:00Z,18486,1561,2613,19538,7,7211
2024-10-24T05:00:00Z,19004,3150,3679,19533,826,7212
2024-07-04T23:00:00Z,19929,2842,2443,19530,11,7213
2024-08-31T05:30:00Z,15939,979,4570,19530,14,7214
2024-08-02T12:00:00Z,20718,10432,9238,19524,668,7215
2024-06-15T08:30:00Z,19019,4964,5462,19517,12,7216
2024-07-02T05:00:00Z,16879,1372,4009,19516,327,7217
2024-08-25T20:30:00Z,20917,3310,1908,19515,0,7218
2024-07-27T04:00:00Z,16194,495,3814,19513,12,7219
2024-07-21T08:00:00Z,17238,3960,6233,19511,213,7220
2024-12-04T05:00:00Z,22380,863,-2006,19511,249,7221
2024-07-18T10:00:00Z,21071,8752,7191,19510,8,7222
2024-06-27T05:00:00Z,16928,1966,4546,19508,593,7223
2024-07-17T14:30:00Z,21073,8160,6595,19508,8,7224
2024-07-25T04:00:00Z,16859,1480,4124,19503,989,7225
2024-10-16T00:30:00Z,19174,3068,3391,19497,805,7226
2024-09-15T06:00:00Z,16171,1432,4752,19491,18,7227
2024-09-17T10:00:00Z,22099,7905,5297,19491,10,7228
2024-08-28T03:30:00Z,16951,1424,3963,19490,15,7229
2024-09-11T00:00:00Z,18417,2812,3885,19490,505,7230
2024-10-12T23:30:00Z,19429,3495,3554,19488,849,7231
2024-08-17T02:00:00Z,17464,1510,3531,19485,6,7232
2024-06-07T13:00:00Z,20281,10661,9864,19484,651,7233
2024-08-22T13:30:00Z,22655,8565,5392,19482,133,7234
2024-10-22T04:30:00Z,18617,2129,2994,19482,279,7235
2024-08-23T23:30:00Z,18826,1881,2536,19481,10,7236
2024-08-28T05:00:00Z,17191,1357,3647,19481,12,7237
2024-10-22T04:00:00Z,18633,2188,3035,19480,282,7238
2024-08-21T09:30:00Z,20942,8708,7242,19476,585,7239
2024-08-31T05:00:00Z,15858,948,4565,19475,14,7240
2024-09-04T01:30:00Z,18279,564,1760,19475,284,7241
2024-06-09T15:30:00Z,18724,7148,7895,19471,5,7242
2024-10-02T05:30:00Z,18872,1927,2526,19471,8,7243
2024-09-27T01:00:00Z,17737,3512,5239,19464,710,7244
2024-09-04T01:00:00Z,18396,566,1633,19463,244,7245
2024-09-21T05:30:00Z,16116,1267,4614,19463,520,7246
2024-07-13T15:30:00Z,18952,5487,5994,19459,10,7247
2024-08-29T05:30:00Z,17766,1173,2863,19456,15,7248
2024-07-05T12:00:00Z,21793,9048,6703,19448,5,7249
2024-09-13T15:00:00Z,20249,7884,7075,19440,12,7250
2024-07-30T10:00:00Z,21133,7982,6287,19438,9,7251
2024-09-01T00:30:00Z,17250,1665,3850,19435,12,7252
2024-07-21T07:30:00Z,16539,3194,6089,19434,303,7253
2024-09-12T05:30:00Z,18898,1572,2097,19423,13,7254
2024-11-17T04:30:00Z,18189,1977,3208,19420,824,7255
2024-08-07T14:00:00Z,21327,7988,6077,19416,470,7256
2024-08-10T00:30:00Z,17696,2191,3910,19415,86,7257
2024-06-30T08:00:00Z,16961,3529,5975,19407,141,7258
2024-08-11T23:00:00Z,18966,2564,3004,19406,400,7259
2024-07-28T06:30:00Z,15635,1374,5144,19405,55,7260
2024-09-15T01:00:00Z,17341,1958,4015,19398,382,7261
2024-06-30T06:00:00Z,15220,1586,5761,19395,613,7262
2024-11-06T05:00:00Z,20076,699,14,19391,552,7263
2024-09-13T10:30:00Z,22214,9083,6259,19390,10,7264
2024-07-06T10:30:00Z,19667,6383,6105,19389,8,7265
2024-07-14T13:00:00Z,20004,6823,6208,19389,11,7266
2024-09-04T02:30:00Z,17808,567,2148,19389,287,7267
2024-10-02T04:30:00Z,17640,1956,3693,19377,28,7268
2024-08-15T02:00:00Z,17411,2302,4265,19374,874,7269
2024-08-30T09:30:00Z,21202,7102,5272,19372,8,7270
2024-09-02T05:00:00Z,17435,537,2474,19372,15,7271
2024-06-17T15:30:00Z,21147,7617,5839,19369,6,7272
2024-06-17T10:30:00Z,21342,8335,6361,19368,8,7273
2024-08-19T21:30:00Z,22278,3957,1046,19367,8,7274
2024-11-24T07:30:00Z,20545,5014,3832,19363,632,7275
2024-09-16T04:30:00Z,16695,598,3265,19362,8,7276
2024-06-25T05:30:00Z,18163,647,1835,19351,7,7277
2024-09-14T09:30:00Z,19059,8002,8294,19351,864,7278
2024-07-07T16:30:00Z,19457,6621,6513,19349,7,7279
2024-08-26T17:00:00Z,20674,4879,3546,19341,10,7280
2024-11-23T23:00:00Z,20851,5517,4005,19339,614,7281
2024-08-01T15:30:00Z,22033,7642,4947,19338,8,7282
2024-08-08T04:30:00Z,16365,1542,4514,19337,743,7283
2024-10-13T01:30:00Z,18721,2975,3590,19336,833,7284
2024-08-09T07:30:00Z,21031,4920,3221,19332,302,7285
2024-10-24T03:30:00Z,18644,3202,3876,19318,834,7286
2024-09-19T03:00:00Z,16809,992,3496,19313,5,7287
2024-06-22T09:30:00Z,18824,6367,6854,19311,8,7288
2024-09-18T05:30:00Z,18410,968,1867,19309,16,7289
2024-10-13T00:00:00Z,18944,3368,3732,19308,859,7290
2024-06-26T15:00:00Z,20821,9514,7999,19306,8,7291
2024-07-27T05:30:00Z,15900,515,3918,19303,8,7292
2024-09-22T03:00:00Z,15951,1124,4475,19302,347,7293
2024-09-19T02:30:00Z,16895,1029,3430,19296,5,7294
2024-09-16T05:30:00Z,18080,581,1796,19295,8,7295
2024-08-18T02:00:00Z,16420,1488,4360,19292,334,7296
2024-09-21T04:00:00Z,15929,1245,4607,19291,837,7297
2024-08-17T01:30:00Z,17709,1546,3125,19288,6,7298
2024-09-03T03:00:00Z,17761,888,2415,19288,278,7299
2024-06-11T12:00:00Z,22487,8675,5475,19287,8,7300
2024-10-20T22:00:00Z,20923,5076,3436,19283,844,7301
2024-06-30T06:30:00Z,15409,2006,5879,19282,614,7302
2024-07-28T17:00:00Z,19152,6090,6220,19282,12,7303
2024-06-26T05:00:00Z,17596,526,2210,19280,7,7304
2024-11-04T05:30:00Z,20011,366,-366,19279,523,7305
2024-12-04T23:30:00Z,22110,4721,1889,19278,304,7306
2024-07-27T04:30:00Z,16073,488,3690,19275,8,7307
2024-08-06T04:00:00Z,16665,1146,3755,19274,79,7308
2024-10-02T04:00:00Z,17522,1986,3737,19273,96,7309
2024-09-20T05:30:00Z,17904,1175,2535,19264,39,7310
2024-06-16T03:30:00Z,16218,960,4002,19260,702,7311
2024-09-15T01:30:00Z,17063,1896,4091,19258,553,7312
2024-06-16T03:00:00Z,16466,956,3735,19245,701,7313
2024-08-20T17:30:00Z,21654,7556,5145,19243,8,7314
2024-06-10T03:30:00Z,15659,1944,5527,19242,960,7315
2024-07-27T05:00:00Z,15966,472,3745,19239,8,7316
2024-06-26T05:30:00Z,17929,790,2098,19237,7,7317
2024-09-15T00:30:00Z,17497,2019,3756,19234,551,7318
2024-09-23T02:00:00Z,17298,710,2644,19232,570,7319
2024-08-20T06:30:00Z,19665,2451,2017,19231,9,7320
2024-09-21T04:30:00Z,15818,1275,4681,19224,816,7321
2024-07-10T15:00:00Z,20922,8235,6535,19222,11,7322
2024-10-20T14:30:00Z,22662,8946,5502,19218,847,7323
2024-07-02T04:00:00Z,16661,1414,3965,19212,725,7324
2024-08-24T05:30:00Z,16077,1397,4529,19209,14,7325
2024-08-28T04:30:00Z,16831,1384,3757,19204,13,7326
2024-09-12T03:30:00Z,17625,1803,3382,19204,16,7327
2024-07-07T02:30:00Z,16045,983,4141,19203,661,7328
2024-06-21T16:30:00Z,20270,7634,6566,19202,8,7329
2024-08-15T12:30:00Z,21663,8746,6284,19201,886,7330
2024-09-03T05:00:00Z,17811,772,2162,19201,9,7331
2024-06-09T00:00:00Z,17537,2168,3829,19198,167,7332
2024-08-28T04:00:00Z,16747,1404,3846,19189,15,7333
2024-10-06T06:30:00Z,17699,2204,3691,19186,880,7334
2024-07-09T04:00:00Z,16210,1675,4650,19185,436,7335
2024-07-06T05:00:00Z,15987,963,4159,19183,63,7336
2024-08-28T02:30:00Z,17157,1482,3508,19183,15,7337
2024-07-25T04:30:00Z,16791,1439,3830,19182,987,7338
2024-09-09T03:00:00Z,15700,2118,5600,19182,476,7339
2024-09-27T01:30:00Z,17666,3566,5078,19178,583,7340
2024-08-30T05:00:00Z,17628,834,2382,19176,10,7341
2024-08-07T14:30:00Z,21481,8442,6136,19175,604,7342
2024-09-09T03:30:00Z,15602,2152,5722,19172,750,7343
2024-07-04T17:30:00Z,22352,8423,5234,19163,8,7344
2024-06-29T10:30:00Z,18049,8614,9726,19161,12,7345
2024-07-27T17:00:00Z,20080,5086,4160,19154,9,7346
2024-07-23T15:30:00Z,21669,7008,4487,19148,10,7347
2024-07-26T16:30:00Z,20165,7096,6077,19146,42,7348
2024-06-13T23:30:00Z,19201,3126,3069,19144,109,7349
2024-08-23T17:00:00Z,20877,7133,5400,19144,20,7350
2024-06-08T02:00:00Z,17141,2090,4091,19142,18,7351
2024-12-05T04:00:00Z,19803,3825,3156,19134,917,7352
2024-09-19T15:30:00Z,21843,6986,4269,19126,16,7353
2024-07-04T23:30:00Z,19297,2830,2657,19124,162,7354
2024-08-02T12:30:00Z,20318,10488,9289,19119,995,7355
2024-09-19T03:30:00Z,16602,955,3469,19116,5,7356
2024-08-31T09:30:00Z,18470,6104,6749,19115,11,7357
2024-09-22T06:30:00Z,16780,1239,3571,19112,14,7358
2024-07-19T15:00:00Z,19788,10763,10086,19111,13,7359
2024-08-03T17:30:00Z,19752,5641,4997,19108,10,7360
2024-08-21T06:30:00Z,19707,2491,1888,19104,5,7361
2024-06-23T07:30:00Z,16339,3291,6051,19099,172,7362
2024-06-25T05:00:00Z,17527,398,1970,19099,10,7363
2024-09-14T17:00:00Z,20637,6427,4888,19098,17,7364
2024-08-27T11:30:00Z,21760,9072,6407,19095,700,7365
2024-07-02T04:30:00Z,16498,1379,3975,19094,867,7366
2024-08-15T02:30:00Z,16967,2337,4464,19094,1008,7367
2024-10-13T05:30:00Z,17568,1739,3262,19091,802,7368
2024-07-09T04:30:00Z,16286,1777,4580,19089,630,7369
2024-10-13T01:00:00Z,18545,3108,3652,19089,843,7370
2024-06-18T13:30:00Z,21645,7548,4988,19085,8,7371
2024-07-06T05:30:00Z,16000,1117,4202,19085,169,7372
2024-06-15T09:30:00Z,19619,5995,5453,19077,5,7373
2024-06-28T16:30:00Z,20247,8544,7373,19076,363,7374
2024-06-18T11:30:00Z,22085,8249,5237,19073,6,7375
2024-09-22T03:30:00Z,15762,1096,4402,19068,355,7376
2024-09-11T00:30:00Z,18080,2831,3816,19065,733,7377
2024-09-04T03:00:00Z,17589,566,2041,19064,284,7378
2024-08-08T02:00:00Z,16947,1707,3819,19059,991,7379
2024-06-28T12:30:00Z,21082,9665,7641,19058,674,7380
2024-06-15T10:00:00Z,19750,5899,5204,19055,0,7381
2024-10-28T00:30:00Z,18603,2501,2952,19054,821,7382
2024-08-08T04:00:00Z,16292,1597,4356,19051,855,7383
2024-08-09T09:00:00Z,21933,7833,4948,19048,482,7384
2024-07-26T09:30:00Z,20667,7788,6167,19046,5,7385
2024-09-04T05:30:00Z,18537,546,1052,19043,10,7386
2024-06-18T10:30:00Z,21900,7926,5067,19041,5,7387
2024-07-19T11:00:00Z,20406,11292,9927,19041,13,7388
2024-09-12T05:00:00Z,18112,1605,2533,19040,9,7389
2024-10-13T02:30:00Z,18282,2687,3441,19036,842,7390
2024-07-13T12:00:00Z,19831,6617,5821,19035,10,7391
2024-07-09T05:30:00Z,17189,1975,3820,19034,630,7392
2024-09-15T02:00:00Z,16764,1832,4102,19034,549,7393
2024-08-23T08:30:00Z,20983,7921,5970,19032,861,7394
2024-09-15T12:00:00Z,19588,7857,7299,19030,11,7395
2024-09-12T04:30:00Z,17666,1637,3000,19029,17,7396
2024-08-04T14:00:00Z,17433,7970,9564,19027,760,7397
2024-08-04T13:00:00Z,17753,7895,9164,19022,676,7398
2024-07-14T12:00:00Z,19474,6782,6327,19019,14,7399
2024-06-21T09:30:00Z,20631,8907,7291,19015,11,7400
2024-08-05T01:00:00Z,16533,2436,4917,19014,811,7401
2024-07-14T12:30:00Z,19766,6919,6166,19013,13,7402
2024-08-29T05:00:00Z,17117,1164,3056,19009,16,7403
2024-09-21T11:30:00Z,20069,6678,5617,19008,8,7404
2024-08-04T15:30:00Z,17724,7669,8948,19003,852,7405
2024-08-08T02:30:00Z,16792,1685,3896,19003,913,7406
2024-08-11T17:00:00Z,18707,6815,7111,19003,10,7407
2024-08-27T15:30:00Z,21487,7876,5392,19003,15,7408
2024-06-29T16:00:00Z,17156,7337,9182,19001,11,7409
2024-06-16T04:00:00Z,15878,964,4072,18986,692,7410
2024-10-13T04:00:00Z,17761,2203,3427,18985,836,7411
2024-10-20T15:30:00Z,22508,8129,4605,18984,722,7412
2024-07-22T13:30:00Z,21874,7952,5055,18977,14,7413
2024-08-27T13:30:00Z,21506,9249,6720,18977,592,7414
2024-07-07T10:00:00Z,18399,6112,6684,18971,11,7415
2024-07-17T14:00:00Z,20891,8226,6305,18970,6,7416
2024-12-01T02:00:00Z,19574,4404,3796,18966,924,7417
2024-07-28T07:00:00Z,15831,2205,5337,18963,12,7418
2024-08-16T10:00:00Z,20253,8304,7006,18955,6,7419
2024-08-24T05:00:00Z,15928,1442,4469,18955,261,7420
2024-06-19T16:00:00Z,20638,8478,6788,18948,7,7421
2024-10-16T03:00:00Z,18534,3047,3460,18947,842,7422
2024-10-28T00:00:00Z,18499,2471,2915,18943,685,7423
2024-08-17T04:30:00Z,16199,1312,4053,18940,6,7424
2024-07-23T13:30:00Z,21742,7510,4704,18936,9,7425
2024-07-30T15:30:00Z,20728,9020,7226,18934,13,7426
2024-07-23T14:30:00Z,21618,7595,4905,18928,9,7427
2024-08-01T10:30:00Z,21570,7381,4739,18928,11,7428
2024-10-20T09:00:00Z,21904,5240,2264,18928,412,7429
2024-08-17T02:30:00Z,16949,1474,3452,18927,6,7430
2024-08-25T21:00:00Z,20623,3157,1461,18927,0,7431
2024-10-16T05:30:00Z,19068,2852,2711,18927,779,7432
2024-07-07T08:00:00Z,16813,3798,5911,18926,444,7433
2024-09-01T07:30:00Z,17258,2260,3928,18926,575,7434
2024-11-05T05:00:00Z,19844,330,-589,18925,104,7435
2024-08-08T03:00:00Z,16509,1668,4076,18917,917,7436
2024-06-23T16:00:00Z,18941,6698,6673,18916,7,7437
2024-07-14T06:00:00Z,15588,1347,4671,18912,656,7438
2024-07-07T09:30:00Z,18132,5844,6622,18910,24,7439
2024-07-17T10:00:00Z,21543,8253,5620,18910,9,7440
2024-09-03T04:30:00Z,17392,796,2314,18910,9,7441
2024-06-22T10:00:00Z,18829,6872,6950,18907,8,7442
2024-08-09T07:00:00Z,20325,4013,2591,18903,306,7443
2024-06-23T08:30:00Z,16887,4856,6866,18897,15,7444
2024-07-29T16:00:00Z,20380,8756,7273,18897,9,7445
2024-06-18T15:00:00Z,21506,7729,5118,18895,7,7446
2024-09-04T03:30:00Z,17500,565,1959,18894,284,7447
2024-08-08T03:30:00Z,16463,1651,4076,18888,969,7448
2024-09-19T06:00:00Z,19819,1013,74,18880,15,7449
2024-08-27T13:00:00Z,21568,9562,6865,18871,487,7450
2024-09-15T02:30:00Z,16457,1768,4179,18868,550,7451
2024-06-18T12:00:00Z,21986,7959,4840,18867,6,7452
2024-11-25T05:30:00Z,20019,4869,3716,18866,891,7453
2024-09-19T04:30:00Z,16733,988,3118,18863,15,7454
2024-08-15T15:00:00Z,21590,8706,5976,18860,757,7455
2024-09-19T04:00:00Z,16621,972,3209,18858,5,7456
2024-08-27T08:00:00Z,22312,5703,2246,18855,13,7457
2024-06-18T13:00:00Z,21790,7880,4930,18840,7,7458
2024-09-03T03:30:00Z,17457,842,2225,18840,277,7459
2024-07-07T08:30:00Z,17439,4546,5946,18839,48,7460
2024-07-07T03:00:00Z,15861,956,3924,18829,516,7461
2024-11-04T05:00:00Z,19014,369,177,18822,634,7462
2024-08-17T05:00:00Z,16255,1279,3843,18819,6,7463
2024-08-29T11:30:00Z,19867,10530,9476,18813,876,7464
2024-08-24T00:00:00Z,18235,1844,2418,18809,12,7465
2024-06-08T06:00:00Z,16400,2518,4922,18804,139,7466
2024-08-17T05:30:00Z,16240,1245,3789,18784,6,7467
2024-08-04T14:30:00Z,17348,7992,9427,18783,802,7468
2024-08-31T15:00:00Z,18032,6331,7080,18781,582,7469
2024-09-15T10:00:00Z,18597,6738,6920,18779,14,7470
2024-09-12T15:30:00Z,22449,7686,4008,18771,11,7471
2024-09-12T04:00:00Z,17501,1720,2989,18770,14,7472
2024-06-18T14:00:00Z,21543,7836,5061,18768,8,7473
2024-08-29T16:30:00Z,21774,6901,3894,18767,12,7474
2024-09-23T02:30:00Z,16916,698,2549,18767,566,7475
2024-09-21T15:00:00Z,19209,6308,5859,18760,8,7476
2024-10-13T03:30:00Z,17910,2400,3247,18757,836,7477
2024-08-24T14:00:00Z,18014,8344,9086,18756,592,7478
2024-09-27T13:30:00Z,22577,10120,6298,18755,7,7479
2024-07-23T14:00:00Z,21757,7664,4659,18752,9,7480
2024-07-07T03:30:00Z,15721,928,3956,18749,654,7481
2024-06-08T06:30:00Z,16690,3084,5141,18747,16,7482
2024-10-16T03:30:00Z,18321,3037,3462,18746,836,7483
2024-06-23T09:00:00Z,17425,5703,7022,18744,11,7484
2024-08-05T01:30:00Z,16310,2438,4870,18742,902,7485
2024-10-20T15:00:00Z,22556,8665,4851,18742,660,7486
2024-10-20T03:00:00Z,16623,2707,4824,18740,16,7487
2024-11-23T23:30:00Z,20602,5656,3786,18732,648,7488
2024-06-10T04:00:00Z,15391,1971,5309,18729,944,7489
2024-07-05T12:30:00Z,21359,9115,6480,18724,7,7490
2024-06-30T07:30:00Z,16202,3040,5561,18723,605,7491
2024-06-14T15:30:00Z,20201,7611,6132,18722,12,7492
2024-10-02T05:00:00Z,17748,1942,2912,18718,9,7493
2024-07-07T04:00:00Z,15593,920,4043,18716,655,7494
2024-07-21T09:00:00Z,17652,6061,7123,18714,406,7495
2024-08-13T15:30:00Z,20748,8851,6817,18714,14,7496
2024-10-06T00:00:00Z,18367,2881,3225,18711,828,7497
2024-06-18T11:00:00Z,21971,8198,4936,18709,6,7498
2024-08-30T15:30:00Z,20016,7282,5968,18702,10,7499
2024-09-18T05:00:00Z,17456,953,2199,18702,16,7500
2024-08-18T02:30:00Z,16026,1513,4185,18698,591,7501
2024-07-22T15:30:00Z,21580,7785,4894,18689,12,7502
2024-06-28T12:00:00Z,21259,10047,7475,18687,629,7503
2024-10-13T05:00:00Z,17534,1873,3024,18685,810,7504
2024-10-13T00:30:00Z,18489,3240,3428,18677,848,7505
2024-08-29T12:00:00Z,19861,10834,9647,18674,868,7506
2024-09-16T05:00:00Z,17173,590,2089,18672,8,7507
2024-09-23T03:00:00Z,17071,683,2278,18666,561,7508
2024-08-10T13:00:00Z,19273,7720,7111,18664,789,7509
2024-09-21T05:00:00Z,15744,1271,4191,18664,562,7510
2024-08-13T11:30:00Z,20449,11044,9251,18656,65,7511
2024-10-21T06:00:00Z,20533,3687,1810,18656,375,7512
2024-07-07T05:00:00Z,15235,920,4335,18650,650,7513
2024-11-25T00:30:00Z,20162,5382,3869,18649,869,7514
2024-06-09T00:30:00Z,17216,2195,3626,18647,359,7515
2024-06-30T07:00:00Z,15738,2480,5388,18646,587,7516
2024-06-14T12:00:00Z,21537,9072,6175,18640,11,7517
2024-06-18T14:30:00Z,21493,8009,5156,18640,7,7518
2024-08-15T03:00:00Z,16926,2364,4078,18640,881,7519
2024-07-14T06:30:00Z,15612,1840,4867,18639,872,7520
2024-10-05T15:30:00Z,18901,7724,7462,18639,88,7521
2024-08-11T23:30:00Z,18207,2591,3020,18636,776,7522
2024-08-17T04:00:00Z,16234,1355,3751,18630,6,7523
2024-08-20T06:00:00Z,18810,2248,2066,18628,9,7524
2024-09-03T04:00:00Z,17407,819,2034,18622,32,7525
2024-08-03T11:00:00Z,18570,7365,7416,18621,9,7526
2024-08-17T03:00:00Z,16330,1436,3725,18619,6,7527
2024-10-13T04:30:00Z,17557,2006,3065,18616,829,7528
2024-09-15T03:00:00Z,16028,1695,4281,18614,433,7529
2024-06-16T04:30:00Z,15633,967,3946,18612,698,7530
2024-06-20T09:30:00Z,21373,7647,4884,18610,12,7531
2024-10-06T01:00:00Z,17724,2755,3641,18610,910,7532
2024-11-24T23:00:00Z,20451,5468,3620,18603,919,7533
2024-08-05T05:30:00Z,16111,2493,4983,18601,818,7534
2024-08-18T17:00:00Z,19053,6480,6023,18596,15,7535
2024-09-01T07:00:00Z,16795,1952,3742,18585,807,7536
2024-09-11T15:30:00Z,20934,9618,7263,18579,35,7537
2024-08-27T08:30:00Z,22386,6256,2445,18575,19,7538
2024-08-27T10:00:00Z,22265,8130,4439,18574,357,7539
2024-12-01T02:30:00Z,19181,4341,3730,18570,763,7540
2024-08-29T12:30:00Z,19760,11004,9811,18567,872,7541
2024-06-25T15:30:00Z,21872,8266,4957,18563,12,7542
2024-09-22T06:00:00Z,16177,1223,3609,18563,23,7543
2024-06-19T10:00:00Z,21502,7323,4369,18548,12,7544
2024-09-09T15:00:00Z,20614,7681,5609,18542,12,7545
2024-07-17T13:30:00Z,20879,8500,6155,18534,9,7546
2024-08-25T17:30:00Z,21136,5626,3021,18531,15,7547
2024-07-19T14:30:00Z,19727,11513,10313,18527,13,7548
2024-09-04T04:30:00Z,17312,551,1766,18527,285,7549
2024-09-20T05:00:00Z,17045,1157,2638,18526,101,7550
2024-09-10T06:30:00Z,20512,4003,2016,18525,189,7551
2024-09-27T15:00:00Z,21767,9400,6154,18521,7,7552
2024-09-04T04:00:00Z,17363,558,1709,18514,283,7553
2024-07-14T03:00:00Z,15710,888,3686,18508,890,7554
2024-07-13T12:30:00Z,19602,6888,5793,18507,10,7555
2024-08-26T16:30:00Z,19523,5741,4718,18500,11,7556
2024-07-22T16:00:00Z,21619,7188,4066,18497,12,7557
2024-08-04T13:30:00Z,17392,8179,9284,18497,653,7558
2024-08-17T09:00:00Z,18358,6246,6384,18496,8,7559
2024-07-27T08:30:00Z,17950,4885,5428,18493,8,7560
2024-08-27T15:00:00Z,21266,8261,5486,18491,135,7561
2024-06-10T04:30:00Z,15401,1997,5081,18485,953,7562
2024-08-17T03:30:00Z,16294,1398,3587,18483,6,7563
2024-10-06T06:00:00Z,17075,2210,3616,18481,883,7564
2024-09-13T11:00:00Z,21610,9643,6507,18474,10,7565
2024-10-13T03:00:00Z,17808,2544,3210,18474,834,7566
2024-07-21T16:00:00Z,18468,7091,7094,18471,10,7567
2024-09-15T10:30:00Z,18668,7334,7137,18471,14,7568
2024-06-07T13:30:00Z,19797,10672,9343,18468,710,7569
2024-08-02T13:00:00Z,20123,10950,9295,18468,991,7570
2024-07-14T11:30:00Z,19043,7027,6451,18467,15,7571
2024-09-15T05:00:00Z,15527,1516,4449,18460,452,7572
2024-07-14T11:00:00Z,18915,6987,6531,18459,15,7573
2024-07-14T03:30:00Z,15651,896,3698,18453,968,7574
2024-09-23T03:30:00Z,16898,667,2212,18443,568,7575
2024-09-17T16:00:00Z,21607,6552,3386,18441,8,7576
2024-07-21T08:30:00Z,17315,5156,6278,18437,19,7577
2024-09-09T04:00:00Z,15571,2181,5038,18428,694,7578
2024-09-16T16:00:00Z,21963,6688,3146,18421,11,7579
2024-08-15T13:00:00Z,21654,8975,5736,18415,463,7580
2024-09-28T10:00:00Z,21090,7253,4578,18415,11,7581
2024-08-02T14:30:00Z,19601,10245,9057,18413,972,7582
2024-06-26T10:00:00Z,21580,8353,5182,18409,7,7583
2024-09-15T05:30:00Z,15587,1466,4287,18408,159,7584
2024-07-19T11:30:00Z,20024,11972,10351,18403,15,7585
2024-10-06T01:30:00Z,17853,2690,3240,18403,907,7586
2024-07-23T15:00:00Z,21436,7460,4423,18399,7,7587
2024-06-18T12:30:00Z,21867,8257,4785,18395,7,7588
2024-08-24T17:00:00Z,19038,6777,6129,18390,18,7589
2024-10-06T00:30:00Z,17840,2819,3362,18383,916,7590
2024-06-28T13:00:00Z,20605,9742,7509,18372,676,7591
2024-08-10T13:30:00Z,18907,7722,7182,18367,942,7592
2024-07-26T15:30:00Z,19464,8169,7066,18361,238,7593
2024-10-24T04:00:00Z,18308,3182,3232,18358,828,7594
2024-07-07T05:30:00Z,15140,1131,4343,18352,648,7595
2024-10-24T04:30:00Z,18375,3162,3138,18351,772,7596
2024-10-06T02:00:00Z,17756,2603,3195,18348,908,7597
2024-08-10T07:00:00Z,17715,2939,3568,18344,32,7598
2024-08-21T22:00:00Z,21191,4001,1151,18341,9,7599
2024-07-07T06:00:00Z,15281,1475,4534,18340,646,7600
2024-07-13T15:00:00Z,18476,6160,6024,18340,10,7601
2024-06-08T02:30:00Z,16660,2064,3735,18331,18,7602
2024-07-14T07:00:00Z,15819,2564,5074,18329,840,7603
2024-09-21T12:00:00Z,20031,7257,5554,18328,8,7604
2024-07-14T08:00:00Z,16271,4113,6166,18324,831,7605
2024-08-01T15:00:00Z,21495,8044,4865,18316,8,7606
2024-06-16T07:00:00Z,16134,2594,4771,18311,691,7607
2024-06-25T10:30:00Z,21687,8873,5495,18309,8,7608
2024-11-25T00:00:00Z,19932,5408,3785,18309,720,7609
2024-07-07T04:30:00Z,15276,911,3942,18307,653,7610
2024-06-16T06:00:00Z,15621,1600,4283,18304,698,7611
2024-08-25T21:30:00Z,20075,3004,1230,18301,0,7612
2024-08-18T07:00:00Z,16100,2342,4537,18295,718,7613
2024-08-15T14:30:00Z,21254,8863,5895,18286,883,7614
2024-10-28T01:00:00Z,18411,2511,2384,18284,568,7615
2024-08-10T01:00:00Z,17163,2204,3323,18282,418,7616
2024-06-10T10:00:00Z,21643,8687,5323,18279,8,7617
2024-08-05T02:00:00Z,16086,2416,4606,18276,958,7618
2024-06-15T10:30:00Z,19686,6387,4974,18273,4,7619
2024-09-15T03:30:00Z,15729,1622,4161,18268,362,7620
2024-09-13T14:30:00Z,19949,8199,6509,18259,12,7621
2024-08-23T01:00:00Z,17296,2283,3244,18257,19,7622
2024-08-24T00:30:00Z,17711,1807,2353,18257,11,7623
2024-09-09T04:30:00Z,15581,2210,4874,18245,685,7624
2024-07-05T14:30:00Z,20955,8387,5676,18244,3,7625
2024-09-11T01:00:00Z,17691,2862,3413,18242,751,7626
2024-08-30T16:00:00Z,20106,6374,4508,18240,9,7627
2024-09-15T11:00:00Z,18831,7626,7035,18240,11,7628
2024-08-30T13:30:00Z,19701,8845,7383,18239,292,7629
2024-08-24T14:30:00Z,17604,8609,9242,18237,881,7630
2024-06-09T15:00:00Z,18139,7540,7635,18234,10,7631
2024-08-17T16:00:00Z,18216,6373,6383,18226,8,7632
2024-09-01T01:00:00Z,16767,1632,3088,18223,12,7633
2024-07-14T04:30:00Z,15347,919,3794,18222,907,7634
2024-09-01T01:30:00Z,16708,1599,3111,18220,12,7635
2024-09-19T11:30:00Z,22454,8190,3955,18219,10,7636
2024-11-24T07:00:00Z,20010,5132,3336,18214,659,7637
2024-09-04T05:00:00Z,17644,549,1114,18209,22,7638
2024-06-08T17:30:00Z,18457,8081,7831,18207,11,7639
2024-06-07T14:00:00Z,19755,10243,8694,18206,708,7640
2024-06-23T09:30:00Z,17746,6485,6942,18203,9,7641
2024-08-22T14:00:00Z,22348,8587,4438,18199,8,7642
2024-09-18T11:30:00Z,22294,8559,4462,18197,16,7643
2024-06-16T06:30:00Z,15781,2015,4414,18180,696,7644
2024-08-11T09:00:00Z,17265,5437,6348,18176,8,7645
2024-07-31T10:00:00Z,21250,7811,4736,18175,113,7646
2024-09-18T16:00:00Z,21648,7182,3708,18174,16,7647
2024-07-09T05:00:00Z,16405,1850,3617,18172,380,7648
2024-07-14T04:00:00Z,15493,908,3580,18165,959,7649
2024-06-27T17:30:00Z,21357,8774,5579,18162,8,7650
2024-07-14T10:00:00Z,18089,6489,6551,18151,64,7651
2024-10-16T05:00:00Z,18431,2917,2637,18151,723,7652
2024-08-02T15:00:00Z,19811,9883,8218,18146,574,7653
2024-08-10T07:30:00Z,18064,3498,3570,18136,15,7654
2024-07-22T14:00:00Z,21584,8504,5055,18135,14,7655
2024-10-19T15:30:00Z,21038,5396,2493,18135,9,7656
2024-09-09T05:00:00Z,16041,2212,4300,18129,603,7657
2024-06-28T11:00:00Z,21095,9146,6179,18128,560,7658
2024-09-23T05:30:00Z,17979,757,902,18124,101,7659
2024-08-19T22:00:00Z,21177,3877,823,18123,12,7660
2024-08-18T08:00:00Z,16814,3982,5286,18118,402,7661
2024-08-29T14:30:00Z,19702,9856,8267,18113,815,7662
2024-06-16T05:00:00Z,15456,1044,3698,18110,698,7663
2024-08-31T10:00:00Z,18410,6670,6369,18109,11,7664
2024-06-15T16:30:00Z,19191,6372,5285,18104,15,7665
2024-07-19T12:00:00Z,19997,12459,10566,18104,15,7666
2024-08-04T15:00:00Z,17361,8087,8830,18104,502,7667
2024-07-21T09:30:00Z,17710,6921,7312,18101,495,7668
2024-09-10T00:00:00Z,17657,2719,3151,18089,210,7669
2024-06-14T14:30:00Z,19921,8383,6550,18088,244,7670
2024-08-02T14:00:00Z,19613,10806,9281,18088,979,7671
2024-09-22T04:30:00Z,15352,1190,3923,18085,387,7672
2024-10-19T13:00:00Z,21282,7274,4073,18081,7,7673
2024-09-22T04:00:00Z,15311,1143,3910,18078,423,7674
2024-08-10T01:30:00Z,17064,2216,3222,18070,368,7675
2024-08-27T00:00:00Z,17626,2303,2747,18070,8,7676
2024-08-18T07:30:00Z,16318,2958,4709,18069,516,7677
2024-07-14T10:30:00Z,18354,6776,6487,18065,16,7678
2024-07-13T13:00:00Z,19224,6861,5697,18060,7,7679
2024-08-16T10:30:00Z,19858,8966,7160,18052,7,7680
2024-08-30T14:30:00Z,19437,8285,6899,18051,290,7681
2024-06-26T14:30:00Z,20542,10184,7688,18046,5,7682
2024-08-02T13:30:00Z,19693,10773,9121,18041,983,7683
2024-07-03T23:00:00Z,19676,2940,1304,18040,76,7684
2024-07-30T10:30:00Z,20658,9080,6456,18034,13,7685
2024-06-16T17:00:00Z,19082,7067,6017,18032,96,7686
2024-07-07T06:30:00Z,15411,1969,4590,18032,643,7687
2024-08-12T06:30:00Z,19717,3198,1512,18031,678,7688
2024-06-27T23:00:00Z,19103,3736,2662,18029,13,7689
2024-08-27T09:00:00Z,22613,7096,2504,18021,16,7690
2024-07-17T13:00:00Z,21028,9013,6003,18018,8,7691
2024-08-30T14:00:00Z,19493,8401,6919,18011,291,7692
2024-08-27T16:00:00Z,21448,7273,3816,17991,12,7693
2024-07-26T10:00:00Z,20263,8479,6204,17988,5,7694
2024-07-14T09:00:00Z,17323,5655,6313,17981,406,7695
2024-08-24T04:30:00Z,15807,1487,3657,17977,408,7696
2024-08-15T05:30:00Z,16873,2397,3500,17976,832,7697
2024-06-28T11:30:00Z,21160,9940,6753,17973,617,7698
2024-08-21T14:30:00Z,21382,8233,4814,17963,14,7699
2024-06-07T16:00:00Z,19920,8259,6301,17962,40,7700
2024-08-15T14:00:00Z,21260,9186,5879,17953,899,7701
2024-08-01T11:00:00Z,21474,8484,4962,17952,12,7702
2024-09-12T15:00:00Z,21636,7994,4310,17952,11,7703
2024-10-20T22:30:00Z,20099,5084,2932,17947,748,7704
2024-07-07T10:30:00Z,18193,6971,6720,17942,7,7705
2024-08-24T02:00:00Z,16891,1739,2783,17935,14,7706
2024-06-10T16:00:00Z,20764,8606,5763,17921,8,7707
2024-09-09T14:00:00Z,21302,8529,5146,17919,16,7708
2024-08-18T03:00:00Z,15600,1542,3860,17918,324,7709
2024-09-13T14:00:00Z,20336,8865,6447,17918,12,7710
2024-10-16T04:30:00Z,18064,2981,2834,17917,827,7711
2024-08-29T13:30:00Z,19403,10837,9350,17916,865,7712
2024-09-11T01:30:00Z,17475,2893,3330,17912,680,7713
2024-07-14T09:30:00Z,17692,6296,6514,17910,293,7714
2024-07-07T16:00:00Z,18533,7179,6555,17909,8,7715
2024-08-30T15:00:00Z,19627,7916,6196,17907,34,7716
2024-07-22T14:30:00Z,21377,8552,5081,17906,14,7717
2024-06-16T07:30:00Z,16606,3655,4944,17895,689,7718
2024-09-22T05:30:00Z,15618,1207,3481,17892,174,7719
2024-12-01T06:30:00Z,18914,3640,2609,17883,626,7720
2024-06-16T05:30:00Z,15330,1268,3809,17871,698,7721
2024-07-17T12:30:00Z,21049,9014,5831,17866,5,7722
2024-09-15T11:30:00Z,18915,8005,6954,17864,14,7723
2024-09-19T05:30:00Z,17928,1006,939,17861,13,7724
2024-07-26T16:00:00Z,19479,7662,6043,17860,136,7725
2024-07-21T12:00:00Z,17913,7944,7889,17858,21,7726
2024-08-24T04:00:00Z,15837,1554,3573,17856,399,7727
2024-08-22T14:30:00Z,22132,8584,4307,17855,8,7728
2024-10-16T04:00:00Z,17962,3009,2901,17854,832,7729
2024-07-14T07:30:00Z,15934,3291,5205,17848,833,7730
2024-06-23T10:00:00Z,18156,7132,6823,17847,7,7731
2024-09-13T11:30:00Z,21178,9642,6311,17847,10,7732
2024-09-27T14:00:00Z,22062,10004,5786,17844,7,7733
2024-08-21T06:00:00Z,18576,2182,1449,17843,9,7734
2024-07-21T10:00:00Z,17789,7413,7463,17839,572,7735
2024-08-30T13:00:00Z,19632,9119,7325,17838,227,7736
2024-06-08T03:00:00Z,16156,2045,3723,17834,18,7737
2024-08-29T15:30:00Z,20092,8669,6408,17831,13,7738
2024-08-05T02:30:00Z,15924,2393,4295,17826,960,7739
2024-08-15T03:30:00Z,16573,2390,3642,17825,999,7740
2024-07-19T14:00:00Z,19607,12049,10263,17821,13,7741
2024-09-16T10:30:00Z,22167,8137,3788,17818,16,7742
2024-06-29T11:00:00Z,17445,9291,9662,17816,68,7743
2024-07-29T10:00:00Z,19936,9208,7088,17816,11,7744
2024-06-17T15:00:00Z,20549,8441,5707,17815,7,7745
2024-09-13T12:00:00Z,21096,9699,6400,17797,10,7746
2024-07-26T15:00:00Z,19333,8598,7061,17796,169,7747
2024-08-23T07:30:00Z,20246,5485,3034,17795,445,7748
2024-06-17T11:00:00Z,20977,9248,6060,17789,7,7749
2024-07-21T13:00:00Z,17844,8152,8088,17780,21,7750
2024-07-18T15:30:00Z,20314,8969,6432,17777,5,7751
2024-07-14T08:30:00Z,16618,4896,6054,17776,794,7752
2024-08-24T03:00:00Z,16281,1652,3147,17776,147,7753
2024-07-17T10:30:00Z,21233,8949,5491,17775,8,7754
2024-08-24T02:30:00Z,16604,1683,2850,17771,208,7755
2024-09-11T15:00:00Z,20211,9730,7289,17770,499,7756
2024-07-21T11:00:00Z,17955,7918,7731,17768,17,7757
2024-09-23T04:00:00Z,16783,711,1689,17761,106,7758
2024-06-16T09:00:00Z,17635,6206,6328,17757,607,7759
2024-06-19T15:30:00Z,20154,8892,6495,17757,7,7760
2024-06-21T10:00:00Z,20067,9755,7444,17756,12,7761
2024-08-05T05:00:00Z,15590,2441,4602,17751,844,7762
2024-08-29T13:00:00Z,19425,10973,9294,17746,863,7763
2024-09-23T04:30:00Z,16917,754,1582,17745,10,7764
2024-08-27T10:30:00Z,21879,8768,4630,17741,477,7765
2024-08-24T16:30:00Z,17984,7577,7332,17739,316,7766
2024-08-09T17:30:00Z,20970,7770,4530,17730,13,7767
2024-10-06T02:30:00Z,17369,2515,2873,17727,915,7768
2024-09-28T15:00:00Z,19756,6495,4457,17718,10,7769
2024-08-31T14:30:00Z,17807,6894,6804,17717,579,7770
2024-09-11T10:00:00Z,21633,9796,5879,17716,441,7771
2024-08-03T17:00:00Z,18756,6407,5365,17714,13,7772
2024-06-09T01:30:00Z,16817,2209,3105,17713,602,7773
2024-06-23T11:00:00Z,18356,7294,6645,17707,7,7774
2024-08-30T10:00:00Z,20359,8035,5377,17701,183,7775
2024-06-23T12:00:00Z,18508,7596,6786,17698,7,7776
2024-08-15T05:00:00Z,16642,2414,3470,17698,888,7777
2024-07-27T16:30:00Z,18981,5548,4264,17697,9,7778
2024-09-21T12:30:00Z,19847,7604,5454,17697,8,7779
2024-09-09T14:30:00Z,20896,8168,4968,17696,13,7780
2024-06-23T15:30:00Z,18295,7193,6592,17694,7,7781
2024-06-23T10:30:00Z,18240,7315,6766,17691,7,7782
2024-08-23T07:00:00Z,19541,4524,2673,17690,124,7783
2024-08-15T13:30:00Z,21373,9461,5777,17689,900,7784
2024-08-13T12:00:00Z,20150,11620,9158,17688,128,7785
2024-06-14T05:30:00Z,17427,2107,2365,17685,159,7786
2024-09-15T04:00:00Z,15368,1594,3909,17683,551,7787
2024-09-10T00:30:00Z,17240,2788,3228,17680,680,7788
2024-08-27T07:30:00Z,21216,4948,1411,17679,18,7789
2024-06-27T10:30:00Z,20425,10869,8122,17678,6,7790
2024-07-05T13:30:00Z,20739,8929,5866,17676,7,7791
2024-10-19T13:30:00Z,20790,7266,4151,17675,9,7792
2024-09-22T05:00:00Z,15451,1199,3422,17674,176,7793
2024-09-13T12:30:00Z,20950,9686,6396,17660,9,7794
2024-07-19T12:30:00Z,19755,12752,10651,17654,92,7795
2024-06-08T04:00:00Z,15841,1962,3768,17647,18,7796
2024-06-28T13:30:00Z,20158,9915,7391,17634,678,7797
2024-07-22T15:00:00Z,21252,8416,4795,17631,11,7798
2024-07-31T16:00:00Z,21567,7571,3635,17631,53,7799
2024-07-14T05:00:00Z,15055,915,3486,17626,955,7800
2024-09-13T13:30:00Z,20308,8887,6203,17624,10,7801
2024-07-05T13:00:00Z,20977,9290,5935,17622,7,7802
2024-07-06T17:30:00Z,18966,6567,5221,17620,536,7803
2024-07-07T07:30:00Z,16074,3111,4655,17618,634,7804
2024-06-23T11:30:00Z,18333,7355,6633,17611,7,7805
2024-09-11T02:00:00Z,17271,2881,3220,17610,862,7806
2024-08-13T12:30:00Z,20118,11601,9085,17602,131,7807
2024-06-14T12:30:00Z,20986,9383,5993,17596,11,7808
2024-08-27T07:00:00Z,20476,4195,1309,17590,18,7809
2024-09-17T10:30:00Z,21235,8818,5169,17586,10,7810
2024-11-25T05:00:00Z,19241,4883,3223,17581,899,7811
2024-06-19T10:30:00Z,21325,8084,4336,17577,12,7812
2024-11-24T23:30:00Z,19716,5434,3293,17575,492,7813
2024-08-16T11:00:00Z,19786,9702,7489,17573,6,7814
2024-07-05T14:00:00Z,20686,8856,5737,17567,5,7815
2024-06-08T03:30:00Z,15926,2025,3663,17564,18,7816
2024-07-07T07:00:00Z,15727,2567,4403,17563,579,7817
2024-08-24T01:00:00Z,17244,1801,2119,17562,11,7818
2024-09-13T13:00:00Z,20835,9597,6324,17562,8,7819
2024-07-17T11:00:00Z,20994,9036,5602,17560,6,7820
2024-07-21T11:30:00Z,17872,8069,7752,17555,21,7821
2024-08-29T14:00:00Z,19524,10305,8325,17544,856,7822
2024-06-09T14:00:00Z,18275,8319,7582,17538,191,7823
2024-06-21T16:00:00Z,19503,8741,6774,17536,5,7824
2024-07-06T11:00:00Z,19280,6830,5072,17522,7,7825
2024-07-21T10:30:00Z,17674,7769,7616,17521,242,7826
2024-08-23T01:30:00Z,17050,2408,2877,17519,15,7827
2024-06-26T14:00:00Z,20447,10653,7710,17504,7,7828
2024-08-16T16:30:00Z,19850,8336,5990,17504,13,7829
2024-08-24T01:30:00Z,17067,1794,2231,17504,50,7830
2024-08-24T03:30:00Z,15950,1621,3168,17497,284,7831
2024-07-04T17:00:00Z,21706,9488,5277,17495,6,7832
2024-06-14T00:00:00Z,18158,2945,2279,17492,393,7833
2024-08-27T14:30:00Z,21050,8880,5315,17485,817,7834
2024-08-21T22:30:00Z,20464,4021,1039,17482,11,7835
2024-06-14T01:00:00Z,17610,2644,2513,17479,371,7836
2024-08-10T06:30:00Z,16748,2446,3171,17473,470,7837
2024-08-27T00:30:00Z,17275,2444,2638,17469,12,7838
2024-07-17T11:30:00Z,20859,9130,5732,17461,6,7839
2024-06-09T01:00:00Z,16836,2202,2826,17460,383,7840
2024-06-14T13:30:00Z,20230,8838,6067,17459,83,7841
2024-09-27T14:30:00Z,21744,9887,5601,17458,7,7842
2024-11-24T00:30:00Z,20557,5797,2695,17455,184,7843
2024-06-14T15:00:00Z,19742,8410,6117,17449,28,7844
2024-06-20T16:00:00Z,20921,7721,4248,17448,2,7845
2024-08-18T06:30:00Z,15539,1778,3682,17443,304,7846
2024-06-17T14:00:00Z,20769,9072,5744,17441,7,7847
2024-08-30T12:30:00Z,19672,9094,6862,17440,259,7848
2024-06-28T16:00:00Z,19630,9428,7228,17430,521,7849
2024-12-01T06:00:00Z,18314,3811,2927,17430,760,7850
2024-07-17T12:00:00Z,21001,9284,5711,17428,6,7851
2024-06-08T05:00:00Z,15510,1945,3857,17422,30,7852
2024-10-20T03:30:00Z,16261,2910,4071,17422,321,7853
2024-06-17T11:30:00Z,20932,9477,5966,17421,7,7854
2024-09-21T14:30:00Z,18858,6918,5476,17416,8,7855
2024-07-18T10:30:00Z,20143,9700,6971,17414,8,7856
2024-10-05T11:00:00Z,19089,10274,8597,17412,361,7857
2024-08-31T10:30:00Z,18326,7265,6348,17409,11,7858
2024-06-15T11:00:00Z,19630,6551,4326,17405,7,7859
2024-06-08T11:00:00Z,18999,9249,7640,17390,705,7860
2024-06-14T13:00:00Z,20662,9364,6087,17385,13,7861
2024-06-08T04:30:00Z,15490,1899,3792,17383,92,7862
2024-09-23T05:00:00Z,16872,756,1267,17383,10,7863
2024-06-17T14:30:00Z,20627,8906,5659,17380,7,7864
2024-07-29T15:30:00Z,19655,9697,7421,17379,10,7865
2024-09-11T02:30:00Z,16990,2869,3248,17369,861,7866
2024-08-29T15:00:00Z,19674,9122,6810,17362,69,7867
2024-07-26T10:30:00Z,20151,9030,6233,17354,5,7868
2024-06-08T05:30:00Z,15679,2155,3829,17353,41,7869
2024-07-21T13:30:00Z,17559,8374,8168,17353,21,7870
2024-09-01T02:00:00Z,16492,1597,2456,17351,18,7871
2024-06-14T05:00:00Z,16959,1959,2350,17350,412,7872
2024-08-18T03:30:00Z,15267,1570,3653,17350,298,7873
2024-06-09T13:00:00Z,18284,8774,7838,17348,579,7874
2024-06-25T11:00:00Z,21472,9500,5372,17344,8,7875
2024-11-24T01:00:00Z,20536,5847,2647,17336,203,7876
2024-06-25T15:00:00Z,21314,8856,4876,17334,12,7877
2024-07-28T07:30:00Z,15494,3163,4999,17330,12,7878
2024-07-26T14:30:00Z,19067,8869,7129,17327,352,7879
2024-06-09T13:30:00Z,18201,8675,7799,17325,403,7880
2024-08-10T06:00:00Z,16321,2173,3176,17324,814,7881
2024-08-18T06:00:00Z,15258,1536,3602,17324,303,7882
2024-09-27T02:00:00Z,17373,3590,3534,17317,704,7883
2024-08-27T14:00:00Z,21110,9238,5438,17310,776,7884
2024-09-21T13:30:00Z,19330,7511,5479,17298,8,7885
2024-09-15T04:30:00Z,15134,1565,3728,17297,550,7886
2024-07-21T12:30:00Z,17923,8570,7943,17296,21,7887
2024-06-28T10:00:00Z,21092,9004,5204,17292,609,7888
2024-06-22T10:30:00Z,18424,7803,6670,17291,7,7889
2024-06-25T11:30:00Z,21352,9717,5652,17287,8,7890
2024-07-27T09:00:00Z,17856,5887,5318,17287,8,7891
2024-08-25T22:00:00Z,19160,2893,1019,17286,1,7892
2024-06-10T05:30:00Z,16234,2171,3217,17280,937,7893
2024-07-30T15:00:00Z,20048,9783,7013,17278,13,7894
2024-06-16T08:00:00Z,17140,4641,4757,17256,682,7895
2024-08-20T11:00:00Z,20971,9939,6220,17252,11,7896
2024-06-25T12:00:00Z,21395,9824,5678,17249,4,7897
2024-08-20T23:00:00Z,19412,3212,1047,17247,125,7898
2024-06-29T15:30:00Z,16415,8221,9051,17245,152,7899
2024-09-29T23:00:00Z,18954,3715,2006,17245,693,7900
2024-07-26T12:30:00Z,19989,9609,6861,17241,30,7901
2024-06-26T13:30:00Z,20346,10678,7568,17236,7,7902
2024-09-21T13:00:00Z,19437,7574,5372,17235,8,7903
2024-06-10T11:00:00Z,20928,9444,5747,17231,9,7904
2024-06-22T16:30:00Z,16877,7589,7940,17228,16,7905
2024-06-09T14:30:00Z,18025,8311,7500,17214,26,7906
2024-12-01T03:00:00Z,18596,4283,2899,17212,887,7907
2024-08-21T14:00:00Z,21356,8722,4573,17207,63,7908
2024-10-28T05:30:00Z,18240,2082,1043,17201,300,7909
2024-06-29T11:30:00Z,17034,9536,9698,17196,304,7910
2024-07-03T23:30:00Z,18871,2959,1283,17195,507,7911
2024-08-12T06:00:00Z,18566,2886,1512,17192,904,7912
2024-06-14T14:00:00Z,19929,8995,6257,17191,291,7913
2024-08-18T04:30:00Z,14980,1561,3765,17184,479,7914
2024-06-25T12:30:00Z,21460,9958,5674,17176,8,7915
2024-08-11T16:30:00Z,17275,7637,7538,17176,158,7916
2024-08-12T00:00:00Z,17562,2625,2238,17175,791,7917
2024-08-03T11:30:00Z,18038,8093,7219,17164,9,7918
2024-07-19T13:30:00Z,19416,12547,10279,17148,13,7919
2024-08-30T12:00:00Z,19541,9186,6778,17133,291,7920
2024-09-30T05:30:00Z,18174,2738,1697,17133,573,7921
2024-06-23T15:00:00Z,17904,7380,6603,17127,7,7922
2024-10-05T11:30:00Z,18781,10600,8946,17127,371,7923
2024-08-13T15:00:00Z,20089,9777,6808,17120,31,7924
2024-11-25T01:00:00Z,19771,5351,2695,17115,654,7925
2024-11-24T00:00:00Z,20125,5727,2715,17113,270,7926
2024-06-28T10:30:00Z,20860,9003,5252,17109,611,7927
2024-10-28T01:30:00Z,17828,2520,1800,17108,572,7928
2024-06-26T10:30:00Z,21039,9175,5240,17104,7,7929
2024-06-21T10:30:00Z,19865,10291,7527,17101,11,7930
2024-07-31T15:30:00Z,21146,8412,4360,17094,16,7931
2024-08-21T10:30:00Z,20173,9837,6757,17093,579,7932
2024-06-07T14:30:00Z,19368,10559,8281,17090,707,7933
2024-08-18T08:30:00Z,16727,5083,5442,17086,578,7934
2024-09-11T12:00:00Z,20932,10911,7063,17084,559,7935
2024-09-19T05:00:00Z,16997,997,1082,17082,11,7936
2024-07-13T13:30:00Z,18728,7288,5641,17081,9,7937
2024-09-10T01:30:00Z,17029,3010,3061,17080,879,7938
2024-07-18T15:00:00Z,19778,9401,6702,17079,7,7939
2024-07-14T05:30:00Z,14874,1025,3227,17076,752,7940
2024-08-21T10:00:00Z,20235,9563,6386,17058,580,7941
2024-10-19T14:00:00Z,20435,7515,4138,17058,12,7942
2024-09-10T06:00:00Z,19071,3916,1899,17054,495,7943
2024-08-25T17:00:00Z,20394,6327,2985,17052,14,7944
2024-08-27T09:30:00Z,22383,7938,2605,17050,16,7945
2024-08-20T12:00:00Z,20523,10986,7509,17046,525,7946
2024-06-28T09:00:00Z,20975,8355,4414,17034,436,7947
2024-07-18T14:30:00Z,19918,10306,7421,17033,8,7948
2024-07-13T14:30:00Z,18252,6996,5774,17030,10,7949
2024-06-09T11:30:00Z,18131,8361,7256,17026,608,7950
2024-10-19T14:30:00Z,20189,7126,3958,17021,12,7951
2024-06-14T01:30:00Z,17519,2524,2018,17013,199,7952
2024-09-18T15:30:00Z,20449,8305,4857,17001,16,7953
2024-07-26T11:30:00Z,20368,9757,6388,16999,5,7954
2024-06-28T09:30:00Z,21018,8593,4558,16983,601,7955
2024-08-18T04:00:00Z,15008,1566,3538,16980,502,7956
2024-09-21T14:00:00Z,18952,7390,5414,16976,8,7957
2024-06-14T04:00:00Z,16741,2048,2281,16974,538,7958
2024-07-19T13:00:00Z,19361,12712,10324,16973,19,7959
2024-06-14T00:30:00Z,17577,2763,2158,16972,583,7960
2024-09-10T01:00:00Z,16992,2899,2878,16971,815,7961
2024-06-09T12:30:00Z,18405,8694,7255,16966,414,7962
2024-09-11T05:30:00Z,17468,2825,2309,16952,534,7963
2024-08-09T09:30:00Z,21120,8951,4767,16936,707,7964
2024-06-07T15:30:00Z,19391,9138,6681,16934,541,7965
2024-08-25T22:30:00Z,18643,2782,1071,16932,3,7966
2024-07-13T14:00:00Z,18478,7353,5802,16927,8,7967
2024-06-27T17:00:00Z,20922,9592,5588,16918,10,7968
2024-08-18T05:30:00Z,15016,1524,3426,16918,304,7969
2024-06-15T16:00:00Z,18430,6658,5139,16911,122,7970
2024-08-20T17:00:00Z,20577,8789,5119,16907,13,7971
2024-06-23T12:30:00Z,18405,8105,6600,16900,7,7972
2024-07-07T11:00:00Z,18269,7736,6367,16900,7,7973
2024-06-10T05:00:00Z,15568,2032,3353,16889,768,7974
2024-06-21T11:00:00Z,19692,10445,7641,16888,8,7975
2024-07-30T11:00:00Z,20329,9978,6537,16888,15,7976
2024-08-18T05:00:00Z,15084,1543,3343,16884,144,7977
2024-06-25T14:30:00Z,21215,9286,4947,16876,12,7978
2024-08-05T04:30:00Z,15252,2398,4017,16871,933,7979
2024-08-13T14:30:00Z,19936,10434,7360,16862,182,7980
2024-07-31T10:30:00Z,20701,8490,4639,16850,301,7981
2024-08-01T14:30:00Z,21101,8752,4497,16846,7,7982
2024-06-14T04:30:00Z,16514,1977,2301,16838,653,7983
2024-08-10T14:00:00Z,18360,8205,6683,16838,932,7984
2024-07-26T11:00:00Z,20218,9631,6250,16837,5,7985
2024-12-01T03:30:00Z,18385,4225,2672,16832,909,7986
2024-10-06T03:00:00Z,16894,2441,2371,16824,906,7987
2024-06-23T14:30:00Z,17882,7852,6785,16815,7,7988
2024-09-28T10:30:00Z,20505,8060,4367,16812,11,7989
2024-08-13T13:00:00Z,19867,11757,8689,16799,582,7990
2024-07-26T13:00:00Z,19668,9532,6660,16796,153,7991
2024-09-19T12:00:00Z,21999,9067,3863,16795,11,7992
2024-10-06T04:30:00Z,16285,2235,2740,16790,894,7993
2024-10-06T05:30:00Z,16262,2215,2738,16785,878,7994
2024-08-24T23:00:00Z,18362,2423,840,16779,9,7995
2024-09-19T15:00:00Z,20691,7898,3982,16775,15,7996
2024-06-23T13:30:00Z,18034,7963,6699,16770,7,7997
2024-08-21T13:30:00Z,21218,9180,4724,16762,417,7998
2024-06-09T12:00:00Z,18367,8625,7019,16761,381,7999
2024-07-26T12:00:00Z,20252,10167,6669,16754,7,8000
2024-08-16T11:30:00Z,19407,10317,7664,16754,9,8001
2024-06-26T13:00:00Z,20334,10839,7249,16744,4,8002
2024-06-23T13:00:00Z,18288,8283,6734,16739,7,8003
2024-06-10T10:30:00Z,21351,9834,5214,16731,8,8004
2024-06-27T23:30:00Z,18143,3755,2343,16731,462,8005
2024-06-15T11:30:00Z,19541,6983,4167,16725,5,8006
2024-06-23T14:00:00Z,17981,8004,6748,16725,7,8007
2024-10-06T05:00:00Z,16225,2225,2714,16714,890,8008
2024-08-21T12:30:00Z,20621,9986,6075,16710,435,8009
2024-06-09T02:00:00Z,16358,2203,2554,16709,715,8010
2024-09-01T06:30:00Z,16029,1754,2417,16692,576,8011
2024-08-10T02:00:00Z,16526,2198,2353,16681,344,8012
2024-09-27T02:30:00Z,17192,3613,3098,16677,477,8013
2024-07-21T14:00:00Z,17184,8497,7986,16673,21,8014
2024-08-11T09:30:00Z,17063,6526,6133,16670,6,8015
2024-11-25T02:00:00Z,19274,5238,2634,16670,385,8016
2024-09-11T10:30:00Z,21299,10444,5814,16669,389,8017
2024-09-01T02:30:00Z,16064,1595,2195,16664,169,8018
2024-11-25T01:30:00Z,19422,5320,2554,16656,491,8019
2024-07-07T11:30:00Z,18472,8294,6475,16653,7,8020
2024-08-24T15:30:00Z,16903,8297,8044,16650,873,8021
2024-06-17T13:30:00Z,20482,9515,5676,16643,7,8022
2024-08-26T06:30:00Z,16737,1662,1566,16641,134,8023
2024-07-05T00:00:00Z,18153,2786,1267,16634,142,8024
2024-08-13T13:30:00Z,19669,11657,8622,16634,669,8025
2024-09-16T15:30:00Z,20837,7680,3477,16634,10,8026
2024-08-03T16:30:00Z,17642,7285,6274,16631,382,8027
2024-07-07T12:00:00Z,18486,8329,6470,16627,7,8028
2024-09-18T12:00:00Z,21595,9537,4553,16611,16,8029
2024-07-27T16:00:00Z,18211,5916,4313,16608,5,8030
2024-08-15T04:00:00Z,16394,2410,2623,16607,996,8031
2024-06-25T13:00:00Z,21172,9928,5358,16602,7,8032
2024-08-05T03:30:00Z,15265,2337,3668,16596,938,8033
2024-06-16T08:30:00Z,17323,5547,4816,16592,605,8034
2024-08-17T09:30:00Z,17694,7445,6338,16587,12,8035
2024-08-05T03:00:00Z,15308,2365,3631,16574,940,8036
2024-08-31T14:00:00Z,17619,7575,6530,16574,311,8037
2024-09-11T12:30:00Z,21013,11542,7099,16570,344,8038
2024-06-14T03:30:00Z,16798,2119,1885,16564,386,8039
2024-09-17T15:30:00Z,20421,7723,3859,16557,10,8040
2024-06-28T14:00:00Z,19445,10105,7216,16556,670,8041
2024-08-08T23:00:00Z,18867,3117,806,16556,182,8042
2024-07-05T00:30:00Z,17938,2741,1356,16553,130,8043
2024-06-20T10:00:00Z,20589,8571,4533,16551,12,8044
2024-06-20T15:30:00Z,20328,8423,4644,16549,6,8045
2024-08-12T00:30:00Z,17265,2659,1933,16539,825,8046
2024-06-14T03:00:00Z,16805,2210,1942,16537,600,8047
2024-09-14T10:00:00Z,18230,9388,7695,16537,859,8048
2024-12-01T05:00:00Z,17816,3976,2697,16537,843,8049
2024-08-15T04:30:00Z,16189,2430,2775,16534,990,8050
2024-10-19T15:00:00Z,20167,6491,2842,16518,6,8051
2024-07-04T07:00:00Z,20626,5898,1789,16517,555,8052
2024-08-20T23:30:00Z,18666,3199,1045,16512,409,8053
2024-08-18T09:00:00Z,16840,6109,5780,16511,634,8054
2024-06-10T11:30:00Z,20815,10142,5837,16510,13,8055
2024-08-26T07:00:00Z,17158,2246,1596,16508,52,8056
2024-08-21T11:00:00Z,20141,10201,6566,16506,570,8057
2024-12-01T05:30:00Z,17692,3981,2794,16505,878,8058
2024-08-10T02:30:00Z,16306,2179,2372,16499,346,8059
2024-09-17T11:00:00Z,20730,9285,5044,16489,10,8060
2024-08-19T22:30:00Z,19985,3796,295,16484,8,8061
2024-07-07T15:30:00Z,17914,7806,6375,16483,11,8062
2024-07-28T16:30:00Z,17785,7044,5739,16480,7,8063
2024-10-05T15:00:00Z,17902,8907,7484,16479,180,8064
2024-06-19T11:00:00Z,20923,8882,4437,16478,8,8065
2024-08-29T16:00:00Z,20251,7995,4222,16478,10,8066
2024-10-20T08:30:00Z,20377,4981,1082,16478,800,8067
2024-07-26T13:30:00Z,19178,9341,6634,16471,211,8068
2024-06-22T11:30:00Z,18112,8452,6808,16468,8,8069
2024-07-07T12:30:00Z,18602,8450,6312,16464,5,8070
2024-08-24T15:00:00Z,17106,8693,8047,16460,575,8071
2024-06-22T11:00:00Z,18247,8322,6524,16449,7,8072
2024-08-31T11:30:00Z,17768,7934,6604,16438,308,8073
2024-08-05T04:00:00Z,15153,2368,3649,16434,937,8074
2024-07-21T15:30:00Z,17254,7897,7076,16433,10,8075
2024-06-09T11:00:00Z,17675,8295,7049,16429,696,8076
2024-08-18T16:30:00Z,17839,7475,6050,16414,17,8077
2024-06-17T12:00:00Z,20950,10185,5637,16402,7,8078
2024-08-26T16:00:00Z,18069,6589,4922,16402,110,8079
2024-07-18T14:00:00Z,19714,10898,7585,16401,9,8080
2024-06-08T17:00:00Z,17482,8921,7828,16389,14,8081
2024-08-01T11:30:00Z,21204,9464,4648,16388,13,8082
2024-08-31T13:30:00Z,17729,7890,6544,16383,391,8083
2024-08-26T06:00:00Z,16337,1505,1529,16361,31,8084
2024-07-06T11:30:00Z,19014,7428,4772,16358,7,8085
2024-08-10T05:30:00Z,15767,2080,2663,16350,614,8086
2024-08-22T07:30:00Z,21007,5345,686,16348,8,8087
2024-11-24T01:30:00Z,19859,5897,2379,16341,395,8088
2024-10-06T04:00:00Z,16318,2301,2320,16337,887,8089
2024-09-11T11:00:00Z,21161,10730,5904,16335,294,8090
2024-11-25T02:30:00Z,18805,5156,2672,16321,562,8091
2024-08-31T11:00:00Z,17970,7889,6238,16319,222,8092
2024-08-20T11:30:00Z,20553,10582,6347,16318,10,8093
2024-06-08T11:30:00Z,18644,9911,7583,16316,1009,8094
2024-07-29T10:30:00Z,19230,10190,7272,16312,11,8095
2024-08-27T01:00:00Z,17015,2547,1844,16312,13,8096
2024-07-18T11:00:00Z,19802,10525,7034,16311,8,8097
2024-10-05T14:30:00Z,17679,9746,8369,16302,839,8098
2024-08-27T06:30:00Z,19219,3633,715,16301,40,8099
2024-09-16T11:00:00Z,21456,8794,3638,16300,11,8100
2024-06-19T15:00:00Z,19416,9392,6273,16297,7,8101
2024-08-31T12:00:00Z,17750,8224,6744,16270,450,8102
2024-09-01T06:00:00Z,15779,1668,2147,16258,695,8103
2024-08-10T05:00:00Z,15705,2103,2654,16256,613,8104
2024-08-17T15:30:00Z,17239,7198,6211,16252,71,8105
2024-08-30T10:30:00Z,19650,8794,5394,16250,294,8106
2024-06-28T14:30:00Z,19053,10090,7270,16233,670,8107
2024-10-28T02:00:00Z,17462,2517,1286,16231,573,8108
2024-09-28T13:30:00Z,19638,7789,4380,16229,10,8109
2024-09-29T23:30:00Z,18233,3669,1664,16228,684,8110
2024-07-04T07:30:00Z,20915,6994,2294,16215,95,8111
2024-06-21T11:30:00Z,19270,10893,7832,16209,7,8112
2024-06-25T14:00:00Z,21061,9781,4923,16203,12,8113
2024-10-06T03:30:00Z,16477,2367,2090,16200,891,8114
2024-06-16T09:30:00Z,17456,7487,6218,16187,554,8115
2024-09-28T14:30:00Z,19093,7030,4105,16168,10,8116
2024-09-10T02:00:00Z,16715,3129,2568,16154,883,8117
2024-06-29T12:00:00Z,16646,10171,9677,16152,302,8118
2024-07-18T13:30:00Z,19696,11068,7518,16146,9,8119
2024-08-26T08:00:00Z,17693,4035,2479,16137,16,8120
2024-08-03T12:00:00Z,17715,8658,7079,16136,9,8121
2024-09-30T05:00:00Z,17422,2803,1513,16132,677,8122
2024-07-26T14:00:00Z,18920,9608,6818,16130,342,8123
2024-08-10T16:30:00Z,18669,7615,5068,16122,501,8124
2024-06-22T16:00:00Z,16466,8614,8262,16114,329,8125
2024-10-05T12:00:00Z,18291,10843,8664,16112,814,8126
2024-08-08T23:30:00Z,18171,3197,1126,16100,825,8127
2024-06-25T13:30:00Z,21020,9978,5042,16084,7,8128
2024-08-27T01:30:00Z,16981,2650,1745,16076,153,8129
2024-07-07T15:00:00Z,17804,7976,6247,16075,12,8130
2024-06-17T12:30:00Z,20813,10450,5696,16059,7,8131
2024-07-04T08:00:00Z,21037,8093,3111,16055,15,8132
2024-06-26T11:00:00Z,20524,9837,5355,16042,7,8133
2024-09-11T05:00:00Z,16713,2818,2146,16041,568,8134
2024-12-01T04:30:00Z,17951,3970,2047,16028,900,8135
2024-08-31T13:00:00Z,17739,8186,6460,16013,400,8136
2024-07-21T14:30:00Z,17001,8688,7698,16011,21,8137
2024-08-24T16:00:00Z,17162,8426,7273,16009,504,8138
2024-06-14T02:00:00Z,17121,2412,1298,16007,325,8139
2024-08-03T12:30:00Z,17471,8597,7133,16007,15,8140
2024-08-26T15:30:00Z,17679,7508,5831,16002,403,8141
2024-09-11T11:30:00Z,20903,11120,6215,15998,553,8142
2024-06-22T12:00:00Z,17779,8866,7078,15991,8,8143
2024-12-01T04:00:00Z,18035,4098,2053,15990,903,8144
2024-09-11T14:00:00Z,20482,11098,6604,15988,305,8145
2024-06-09T02:30:00Z,15841,2196,2336,15981,886,8146
2024-08-10T14:30:00Z,17895,8491,6575,15979,941,8147
2024-07-05T01:00:00Z,17638,2692,1024,15970,180,8148
2024-08-09T06:30:00Z,18671,3442,737,15966,169,8149
2024-08-21T11:30:00Z,20130,10694,6520,15956,576,8150
2024-08-30T11:00:00Z,19341,9200,5811,15952,291,8151
2024-07-27T09:30:00Z,17567,6656,5031,15942,8,8152
2024-06-14T02:30:00Z,16922,2300,1312,15934,476,8153
2024-06-10T15:30:00Z,20174,9380,5134,15928,6,8154
2024-06-15T12:00:00Z,19328,7413,4013,15928,8,8155
2024-08-24T23:30:00Z,17822,2417,513,15918,15,8156
2024-08-31T12:30:00Z,17732,8496,6677,15913,585,8157
2024-06-26T12:30:00Z,20248,11039,6697,15906,7,8158
2024-07-21T15:00:00Z,17034,8360,7223,15897,15,8159
2024-08-10T04:30:00Z,15618,2125,2390,15883,618,8160
2024-07-05T05:30:00Z,17028,2269,1122,15881,127,8161
2024-10-28T02:30:00Z,17167,2514,1227,15880,804,8162
2024-07-31T15:00:00Z,20584,9277,4562,15869,339,8163
2024-07-30T14:30:00Z,19498,10571,6936,15863,14,8164
2024-06-07T15:00:00Z,18961,9808,6709,15862,617,8165
2024-08-21T13:00:00Z,20992,9960,4821,15853,183,8166
2024-07-31T11:00:00Z,20453,9384,4782,15851,363,8167
2024-06-26T12:00:00Z,20325,10818,6341,15848,7,8168
2024-06-21T12:00:00Z,19330,11798,8314,15846,7,8169
2024-08-23T09:00:00Z,20152,9105,4793,15840,859,8170
2024-07-07T13:00:00Z,18189,8591,6239,15837,7,8171
2024-06-29T12:30:00Z,16257,10230,9804,15831,375,8172
2024-06-10T12:00:00Z,20720,10546,5648,15822,8,8173
2024-07-27T15:30:00Z,17641,6495,4674,15820,4,8174
2024-08-13T14:00:00Z,19471,10987,7334,15818,175,8175
2024-07-05T01:30:00Z,17529,2642,925,15812,125,8176
2024-08-25T23:00:00Z,17815,2640,636,15811,5,8177
2024-08-23T02:00:00Z,16422,2546,1918,15794,159,8178
2024-07-18T13:00:00Z,19696,11373,7466,15789,6,8179
2024-10-28T05:00:00Z,17138,2164,811,15785,492,8180
2024-06-22T12:30:00Z,17258,8754,7278,15782,14,8181
2024-08-10T03:00:00Z,16001,2171,1952,15782,344,8182
2024-09-01T03:00:00Z,15509,1589,1858,15778,589,8183
2024-08-27T06:00:00Z,18149,3360,985,15774,607,8184
2024-09-28T13:00:00Z,19857,8364,4269,15762,10,8185
2024-10-05T12:30:00Z,17947,10712,8520,15755,885,8186
2024-09-28T14:00:00Z,19196,7739,4290,15747,10,8187
2024-07-30T11:30:00Z,19966,10701,6477,15742,15,8188
2024-09-10T02:30:00Z,16499,3247,2478,15730,880,8189
2024-07-29T15:00:00Z,18904,10533,7348,15719,11,8190
2024-09-11T13:00:00Z,20625,11770,6863,15718,296,8191
2024-08-12T01:00:00Z,17122,2660,1254,15716,780,8192
2024-10-05T13:00:00Z,17853,10426,8286,15713,932,8193
2024-10-20T08:00:00Z,19672,4747,767,15692,789,8194
2024-08-10T04:00:00Z,15692,2144,2142,15690,674,8195
2024-06-26T11:30:00Z,20230,10397,5855,15688,7,8196
2024-08-23T16:30:00Z,19350,8190,4528,15688,272,8197
2024-08-11T10:00:00Z,16936,7509,6246,15673,6,8198
2024-08-21T12:00:00Z,20261,10478,5889,15672,496,8199
2024-08-16T16:00:00Z,19016,9176,5829,15669,12,8200
2024-06-16T10:00:00Z,17325,8104,6447,15668,572,8201
2024-09-11T14:30:00Z,19858,10782,6587,15663,412,8202
2024-10-20T04:00:00Z,16026,3140,2769,15655,359,8203
2024-08-01T14:00:00Z,20649,9359,4347,15637,7,8204
2024-07-07T13:30:00Z,18004,8785,6396,15615,7,8205
2024-08-30T11:30:00Z,19103,9305,5816,15614,290,8206
2024-07-06T12:00:00Z,18965,8267,4900,15598,11,8207
2024-09-01T03:30:00Z,15329,1582,1851,15598,460,8208
2024-07-05T03:30:00Z,16729,2371,1238,15596,378,8209
2024-09-11T13:30:00Z,20591,11827,6831,15595,296,8210
2024-06-19T11:30:00Z,20304,9319,4605,15590,8,8211
2024-06-15T15:30:00Z,17813,7127,4894,15580,130,8212
2024-08-16T12:00:00Z,18988,10964,7554,15578,439,8213
2024-09-17T11:30:00Z,20128,9573,5017,15572,10,8214
2024-09-11T03:00:00Z,16409,2868,2017,15558,536,8215
2024-09-19T14:30:00Z,20299,8783,4020,15536,15,8216
2024-09-01T04:00:00Z,15368,1636,1789,15521,491,8217
2024-08-26T07:30:00Z,17113,2980,1387,15520,17,8218
2024-07-05T03:00:00Z,16836,2433,1095,15498,130,8219
2024-08-10T03:30:00Z,15682,2163,1969,15488,624,8220
2024-07-18T11:30:00Z,19477,11088,7098,15487,8,8221
2024-09-30T00:00:00Z,17685,3592,1381,15474,686,8222
2024-09-28T11:00:00Z,20066,8617,4012,15461,10,8223
2024-06-21T15:30:00Z,18721,10044,6777,15454,6,8224
2024-08-26T12:00:00Z,17707,9033,6780,15454,110,8225
2024-08-09T06:00:00Z,17692,3154,914,15452,771,8226
2024-06-10T14:30:00Z,19688,10230,5987,15445,8,8227
2024-09-01T05:00:00Z,15358,1687,1765,15436,584,8228
2024-06-29T15:00:00Z,15537,9070,8963,15430,211,8229
2024-07-04T00:00:00Z,17861,3077,646,15430,809,8230
2024-06-10T12:30:00Z,20268,10608,5764,15424,8,8231
2024-06-27T11:00:00Z,19602,11697,7505,15410,272,8232
2024-09-01T04:30:00Z,15169,1689,1925,15405,687,8233
2024-10-05T14:00:00Z,17402,10214,8216,15404,924,8234
2024-06-17T13:00:00Z,20595,10819,5619,15395,7,8235
2024-06-09T03:00:00Z,15498,2201,2095,15392,875,8236
2024-08-22T07:00:00Z,20109,5147,429,15391,12,8237
2024-07-31T14:30:00Z,20210,9811,4988,15387,683,8238
2024-10-28T03:00:00Z,16942,2451,896,15387,748,8239
2024-08-17T15:00:00Z,16706,7825,6504,15385,457,8240
2024-07-06T17:00:00Z,17970,7431,4839,15378,675,8241
2024-09-30T02:00:00Z,17583,3280,1064,15367,392,8242
2024-09-11T03:30:00Z,16323,2867,1908,15364,574,8243
2024-09-01T05:30:00Z,15428,1684,1605,15349,583,8244
2024-06-29T13:00:00Z,15808,10399,9928,15337,708,8245
2024-06-10T13:00:00Z,20092,10720,5963,15335,8,8246
2024-09-19T12:30:00Z,21121,9661,3856,15316,15,8247
2024-06-21T12:30:00Z,19016,11800,8085,15301,7,8248
2024-08-20T03:30:00Z,16692,2636,1234,15290,931,8249
2024-08-26T12:30:00Z,17319,9230,7197,15286,577,8250
2024-06-09T04:00:00Z,15048,2176,2413,15285,990,8251
2024-08-20T12:30:00Z,19869,11897,7306,15278,594,8252
2024-07-05T05:00:00Z,16687,2189,778,15276,140,8253
2024-08-12T01:30:00Z,16906,2660,1023,15269,921,8254
2024-06-29T13:30:00Z,15498,10313,10079,15264,751,8255
2024-07-05T02:00:00Z,17270,2568,560,15262,150,8256
2024-06-19T12:00:00Z,20045,9723,4939,15261,8,8257
2024-06-22T13:00:00Z,16994,9220,7486,15260,18,8258
2024-08-10T16:00:00Z,18087,8041,5190,15236,701,8259
2024-07-05T02:30:00Z,16876,2494,840,15222,265,8260
2024-10-21T05:30:00Z,18281,3844,784,15221,631,8261
2024-08-20T05:30:00Z,17332,2298,185,15219,60,8262
2024-11-25T03:30:00Z,18028,5044,2234,15218,411,8263
2024-07-30T12:00:00Z,19936,11284,6562,15214,15,8264
2024-06-28T08:00:00Z,20543,7543,2212,15212,390,8265
2024-07-28T08:00:00Z,15224,4201,4184,15207,12,8266
2024-06-29T14:30:00Z,15407,9859,9653,15201,621,8267
2024-08-26T08:30:00Z,17468,4969,2701,15200,16,8268
2024-09-28T12:00:00Z,19996,8829,4031,15198,10,8269
2024-06-19T12:30:00Z,19922,9901,5173,15194,8,8270
2024-09-28T12:30:00Z,19919,8791,4060,15188,10,8271
2024-09-30T01:30:00Z,17362,3363,1189,15188,630,8272
2024-08-17T13:00:00Z,16918,9254,7523,15187,343,8273
2024-11-25T03:00:00Z,18223,5100,2061,15184,521,8274
2024-09-11T04:30:00Z,16264,2811,1729,15182,572,8275
2024-07-07T14:30:00Z,17767,8949,6363,15181,7,8276
2024-06-28T15:00:00Z,18543,9692,6326,15177,584,8277
2024-08-17T14:30:00Z,16622,8316,6869,15175,516,8278
2024-07-18T12:00:00Z,19375,11440,7228,15163,9,8279
2024-08-09T17:00:00Z,20087,9128,4202,15161,116,8280
2024-09-30T01:00:00Z,17297,3439,1290,15148,685,8281
2024-06-19T14:30:00Z,19306,10255,6086,15137,7,8282
2024-07-31T14:00:00Z,20055,10122,5193,15126,690,8283
2024-08-21T00:00:00Z,17999,3214,338,15123,871,8284
2024-10-05T13:30:00Z,17258,10316,8178,15120,917,8285
2024-09-11T04:00:00Z,16150,2839,1788,15099,572,8286
2024-07-18T12:30:00Z,19424,11693,7367,15098,9,8287
2024-08-17T13:30:00Z,16699,8955,7306,15050,367,8288
2024-09-30T00:30:00Z,17391,3515,1165,15041,688,8289
2024-07-04T06:30:00Z,19317,4814,514,15017,552,8290
2024-09-30T04:00:00Z,16912,2943,1043,15012,676,8291
2024-11-25T04:00:00Z,17915,4971,2068,15012,464,8292
2024-07-30T14:00:00Z,19310,11253,6954,15011,13,8293
2024-06-22T15:30:00Z,15922,9236,8316,15002,689,8294
2024-06-20T15:00:00Z,19657,9111,4439,14985,5,8295
2024-08-26T09:00:00Z,17733,6076,3321,14978,83,8296
2024-09-16T11:30:00Z,20940,9535,3573,14978,11,8297
2024-09-30T04:30:00Z,16858,2868,975,14965,675,8298
2024-09-28T11:30:00Z,19863,8738,3839,14964,10,8299
2024-10-28T04:30:00Z,16595,2246,614,14963,276,8300
2024-06-09T03:30:00Z,15228,2206,1931,14953,647,8301
2024-08-03T16:00:00Z,16879,8022,6085,14942,613,8302
2024-08-20T02:00:00Z,16941,2904,905,14942,618,8303
2024-07-27T10:00:00Z,17359,7391,4966,14934,7,8304
2024-09-19T14:00:00Z,20108,9227,4049,14930,11,8305
2024-08-26T15:00:00Z,17072,7973,5827,14926,441,8306
2024-06-28T08:30:00Z,20504,8082,2503,14925,427,8307
2024-08-20T03:00:00Z,16775,2721,870,14924,925,8308
2024-06-20T10:30:00Z,19796,9376,4503,14923,10,8309
2024-07-07T14:00:00Z,17762,9216,6371,14917,6,8310
2024-11-25T04:30:00Z,18111,4897,1703,14917,782,8311
2024-08-17T14:00:00Z,16612,8634,6931,14909,676,8312
2024-07-31T11:30:00Z,20233,10061,4735,14907,583,8313
2024-09-18T15:00:00Z,19400,9336,4837,14901,16,8314
2024-08-17T10:00:00Z,17129,8426,6196,14899,13,8315
2024-06-16T16:30:00Z,17614,8008,5291,14897,326,8316
2024-07-04T00:30:00Z,17408,3194,683,14897,874,8317
2024-08-11T16:00:00Z,16166,8460,7186,14892,412,8318
2024-10-20T23:00:00Z,18416,5052,1527,14891,845,8319
2024-08-23T02:30:00Z,15954,2683,1616,14887,368,8320
2024-07-05T04:00:00Z,16421,2292,752,14881,627,8321
2024-08-03T13:00:00Z,17175,9134,6833,14874,15,8322
2024-06-09T10:30:00Z,17029,8533,6376,14872,888,8323
2024-09-27T05:30:00Z,16996,3702,1571,14865,692,8324
2024-10-28T03:30:00Z,16497,2387,750,14860,749,8325
2024-08-01T13:00:00Z,20516,9966,4304,14854,12,8326
2024-09-19T13:00:00Z,20645,9760,3968,14853,15,8327
2024-09-30T02:30:00Z,17079,3197,968,14850,680,8328
2024-08-18T09:30:00Z,16565,7421,5698,14842,578,8329
2024-09-17T12:00:00Z,19697,9837,4981,14841,10,8330
2024-06-28T15:30:00Z,18695,9895,6007,14807,544,8331
2024-09-18T12:30:00Z,20666,10476,4613,14803,16,8332
2024-06-27T16:30:00Z,19892,10321,5229,14800,114,8333
2024-08-12T05:30:00Z,16899,2800,697,14796,916,8334
2024-08-01T13:30:00Z,20476,9938,4253,14791,8,8335
2024-06-10T15:00:00Z,19527,9991,5240,14776,8,8336
2024-08-17T12:00:00Z,16873,9289,7184,14768,752,8337
2024-09-27T03:00:00Z,16593,3668,1835,14760,436,8338
2024-08-20T02:30:00Z,16674,2806,889,14757,923,8339
2024-07-29T11:00:00Z,18574,11047,7225,14752,14,8340
2024-07-04T06:00:00Z,18101,3933,577,14745,555,8341
2024-07-30T12:30:00Z,19602,11448,6588,14742,15,8342
2024-08-27T02:00:00Z,16336,2728,1120,14728,651,8343
2024-10-28T04:00:00Z,16490,2317,543,14716,368,8344
2024-06-19T13:00:00Z,19681,10304,5337,14714,6,8345
2024-08-25T00:30:00Z,17073,2301,-68,14704,168,8346
2024-06-15T12:30:00Z,18797,8098,3996,14695,11,8347
2024-06-28T07:00:00Z,19414,5900,1180,14694,289,8348
2024-09-14T10:30:00Z,17531,10234,7380,14677,858,8349
2024-08-25T00:00:00Z,17151,2359,-118,14674,15,8350
2024-07-27T14:30:00Z,17040,7555,5182,14667,10,8351
2024-07-04T16:30:00Z,20264,10368,4766,14662,9,8352
2024-08-16T12:30:00Z,18845,11746,7560,14659,574,8353
2024-08-25T02:00:00Z,15884,2278,1042,14648,820,8354
2024-09-16T15:00:00Z,19856,8471,3261,14646,12,8355
2024-08-17T12:30:00Z,16879,9392,7158,14645,691,8356
2024-06-29T14:00:00Z,15303,10256,9594,14641,674,8357
2024-09-17T15:00:00Z,19434,8789,3995,14640,10,8358
2024-08-09T00:00:00Z,17477,3258,411,14630,959,8359
2024-09-14T16:30:00Z,18576,7642,3693,14627,18,8360
2024-06-09T04:30:00Z,14581,2146,2180,14615,986,8361
2024-08-26T10:00:00Z,17410,7486,4688,14612,17,8362
2024-08-18T10:00:00Z,16629,8143,6119,14605,576,8363
2024-07-28T16:00:00Z,16839,7800,5561,14600,7,8364
2024-08-25T08:00:00Z,16136,6029,4485,14592,846,8365
2024-07-05T04:30:00Z,16316,2213,466,14569,614,8366
2024-08-25T23:30:00Z,17058,2497,-2,14559,6,8367
2024-08-20T05:00:00Z,16722,2372,202,14552,405,8368
2024-08-27T02:30:00Z,16052,2806,1292,14538,858,8369
2024-07-29T14:30:00Z,18389,11146,7293,14536,12,8370
2024-08-03T13:30:00Z,16948,8932,6520,14536,25,8371
2024-11-24T06:30:00Z,18441,5249,1342,14534,683,8372
2024-06-20T11:00:00Z,19866,9909,4568,14525,8,8373
2024-08-26T10:30:00Z,17380,7907,5045,14518,17,8374
2024-06-22T13:30:00Z,16483,9596,7625,14512,27,8375
2024-06-28T07:30:00Z,19882,6610,1234,14506,87,8376
2024-06-22T15:00:00Z,15858,9569,8207,14496,689,8377
2024-07-30T13:30:00Z,19214,11582,6856,14488,15,8378
2024-08-12T03:30:00Z,16167,2663,982,14486,961,8379
2024-06-15T15:00:00Z,17547,7869,4806,14484,131,8380
2024-07-27T14:00:00Z,16967,7646,5162,14483,11,8381
2024-07-04T01:00:00Z,17101,3169,546,14478,877,8382
2024-08-26T13:00:00Z,17020,9211,6668,14477,59,8383
2024-07-30T13:00:00Z,19299,11566,6736,14469,15,8384
2024-09-27T04:00:00Z,16189,3720,1999,14468,700,8385
2024-06-10T14:00:00Z,19694,11242,6006,14458,8,8386
2024-09-19T13:30:00Z,19960,9614,4108,14454,15,8387
2024-07-04T08:30:00Z,20484,9251,3215,14448,15,8388
2024-09-27T04:30:00Z,16196,3717,1968,14447,698,8389
2024-07-06T12:30:00Z,18366,8649,4719,14436,10,8390
2024-08-26T13:30:00Z,16666,8986,6738,14418,248,8391
2024-08-23T06:30:00Z,17964,3889,327,14402,77,8392
2024-08-03T15:30:00Z,16522,8310,6188,14400,487,8393
2024-08-01T12:00:00Z,20467,9798,3727,14396,12,8394
2024-07-27T15:00:00Z,17215,7428,4606,14393,5,8395
2024-09-27T03:30:00Z,16374,3722,1741,14393,705,8396
2024-10-20T07:30:00Z,18525,4588,437,14374,871,8397
2024-06-16T11:00:00Z,16982,8753,6144,14373,244,8398
2024-08-25T02:30:00Z,15500,2270,1136,14366,886,8399
2024-06-16T10:30:00Z,16905,8885,6344,14364,556,8400
2024-06-22T14:00:00Z,16063,9710,8011,14364,286,8401
2024-07-31T12:00:00Z,20108,10507,4762,14363,640,8402
2024-08-18T10:30:00Z,16457,8251,6156,14362,681,8403
2024-10-20T04:30:00Z,15651,3370,2069,14350,768,8404
2024-07-29T11:30:00Z,18545,11503,7303,14345,15,8405
2024-08-26T11:00:00Z,17138,8037,5243,14344,18,8406
2024-06-19T13:30:00Z,19310,10633,5661,14338,8,8407
2024-08-17T10:30:00Z,16937,8859,6231,14309,10,8408
2024-06-22T14:30:00Z,15847,9869,8318,14296,684,8409
2024-07-04T01:30:00Z,16864,3143,574,14295,792,8410
2024-06-19T14:00:00Z,19178,10732,5848,14294,6,8411
2024-08-20T01:30:00Z,17044,3002,252,14294,271,8412
2024-06-28T00:00:00Z,17146,3741,883,14288,462,8413
2024-09-10T03:00:00Z,16035,3389,1641,14287,707,8414
2024-08-17T11:00:00Z,16917,9091,6456,14282,48,8415
2024-11-24T02:00:00Z,18902,5897,1270,14275,470,8416
2024-06-09T06:00:00Z,14743,3214,2740,14269,991,8417
2024-07-27T13:30:00Z,17146,8039,5160,14267,11,8418
2024-11-24T06:00:00Z,18136,5392,1512,14256,693,8419
2024-09-27T05:00:00Z,16468,3710,1495,14253,693,8420
2024-08-10T15:00:00Z,17323,8296,5208,14235,864,8421
2024-08-12T03:00:00Z,16097,2676,805,14226,962,8422
2024-08-09T10:00:00Z,20298,9929,3849,14218,775,8423
2024-06-10T13:30:00Z,19665,11346,5897,14216,8,8424
2024-08-26T09:30:00Z,17589,7020,3647,14216,17,8425
2024-08-12T02:00:00Z,16524,2674,364,14214,976,8426
2024-08-18T16:00:00Z,16818,8566,5962,14214,98,8427
2024-08-25T07:00:00Z,15481,3487,2215,14209,856,8428
2024-08-25T01:00:00Z,16665,2294,-174,14197,569,8429
2024-08-20T04:00:00Z,16353,2541,382,14194,916,8430
2024-09-30T03:00:00Z,16721,3107,575,14189,681,8431
2024-08-03T14:00:00Z,16713,8749,6222,14186,129,8432
2024-09-30T03:30:00Z,16588,3017,605,14176,679,8433
2024-08-21T05:30:00Z,17108,2230,-704,14174,14,8434
2024-08-10T15:30:00Z,17521,8623,5256,14154,917,8435
2024-08-11T10:30:00Z,16510,8452,6076,14134,6,8436
2024-07-29T12:00:00Z,18494,11734,7361,14121,15,8437
2024-07-27T12:30:00Z,17302,8203,5018,14117,11,8438
2024-07-31T12:30:00Z,20028,10536,4617,14109,688,8439
2024-07-27T13:00:00Z,17188,8190,5109,14107,11,8440
2024-07-27T12:00:00Z,17302,8216,5020,14106,11,8441
2024-06-08T12:00:00Z,17990,11070,7183,14103,889,8442
2024-06-09T05:00:00Z,14459,2244,1886,14101,827,8443
2024-08-12T05:00:00Z,16447,2797,451,14101,833,8444
2024-08-03T15:00:00Z,16250,8312,6141,14079,305,8445
2024-07-31T13:30:00Z,19974,10638,4738,14074,686,8446
2024-08-17T11:30:00Z,16778,9134,6430,14074,307,8447
2024-10-20T23:30:00Z,17798,5020,1292,14070,833,8448
2024-08-03T14:30:00Z,16440,8377,6003,14066,133,8449
2024-07-31T13:00:00Z,20049,10696,4702,14055,691,8450
2024-06-28T00:30:00Z,16849,3726,931,14054,388,8451
2024-10-21T05:00:00Z,17451,3991,586,14046,798,8452
2024-08-25T06:00:00Z,14897,2284,1420,14033,769,8453
2024-07-29T14:00:00Z,18187,11547,7358,13998,15,8454
2024-08-09T00:30:00Z,17079,3319,216,13976,1011,8455
2024-08-01T12:30:00Z,20247,10046,3773,13974,11,8456
2024-07-04T05:30:00Z,16815,3216,373,13972,801,8457
2024-08-12T02:30:00Z,16224,2688,428,13964,978,8458
2024-06-20T11:30:00Z,19619,10307,4640,13952,8,8459
2024-08-20T01:00:00Z,17138,3122,-65,13951,14,8460
2024-06-15T13:00:00Z,17938,7760,3765,13943,338,8461
2024-06-20T14:30:00Z,19311,9712,4325,13924,6,8462
2024-09-17T14:30:00Z,19123,9646,4433,13910,10,8463
2024-09-18T14:30:00Z,19247,10148,4795,13894,16,8464
2024-11-24T02:30:00Z,18587,5897,1203,13893,557,8465
2024-08-25T16:30:00Z,19031,6947,1779,13863,14,8466
2024-06-21T13:00:00Z,18647,12226,7430,13851,7,8467
2024-06-21T13:30:00Z,18448,11938,7337,13847,8,8468
2024-09-18T13:00:00Z,20155,10808,4485,13832,16,8469
2024-09-16T12:00:00Z,20579,10022,3272,13829,11,8470
2024-09-17T12:30:00Z,19313,10272,4785,13826,10,8471
2024-07-28T08:30:00Z,15033,5248,4038,13823,14,8472
2024-07-06T16:30:00Z,17082,7962,4700,13820,613,8473
2024-08-26T11:30:00Z,17073,8495,5234,13812,22,8474
2024-08-27T03:00:00Z,15667,2910,1024,13781,843,8475
2024-08-21T00:30:00Z,17465,3229,-471,13765,877,8476
2024-07-27T10:30:00Z,17142,8293,4911,13760,6,8477
2024-08-20T04:30:00Z,16294,2445,-91,13758,716,8478
2024-06-09T10:00:00Z,16654,8945,6039,13748,451,8479
2024-08-18T11:00:00Z,16256,8963,6450,13743,885,8480
2024-08-25T01:30:00Z,16227,2286,-202,13739,433,8481
2024-08-16T15:30:00Z,18375,10269,5629,13735,15,8482
2024-08-21T05:00:00Z,16790,2347,-740,13703,297,8483
2024-08-19T23:00:00Z,18790,3731,-1358,13701,11,8484
2024-07-04T09:00:00Z,20271,10296,3719,13694,24,8485
2024-09-10T03:30:00Z,15802,3530,1420,13692,768,8486
2024-08-25T06:30:00Z,14819,2630,1493,13682,805,8487
2024-08-27T05:30:00Z,16521,3283,427,13665,834,8488
2024-06-21T15:00:00Z,17964,10765,6462,13661,7,8489
2024-08-25T03:30:00Z,15212,2252,674,13634,874,8490
2024-08-21T23:00:00Z,19063,4046,-1391,13626,246,8491
2024-06-27T11:30:00Z,19170,12534,6970,13606,555,8492
2024-06-20T12:30:00Z,19616,10532,4517,13601,7,8493
2024-08-25T03:00:00Z,15296,2261,503,13538,799,8494
2024-08-27T03:30:00Z,15530,3013,1019,13536,619,8495
2024-07-04T02:00:00Z,16608,3088,14,13534,963,8496
2024-06-20T13:30:00Z,19240,10470,4760,13530,5,8497
2024-06-27T16:00:00Z,19244,11105,5385,13524,66,8498
2024-10-20T07:00:00Z,17610,4411,323,13522,886,8499
2024-08-23T09:30:00Z,19264,10541,4784,13507,775,8500
2024-07-04T05:00:00Z,16322,2911,92,13503,569,8501
2024-08-26T00:00:00Z,16398,2340,-574,13484,15,8502
2024-06-20T12:00:00Z,19678,10736,4534,13476,7,8503
2024-06-09T05:30:00Z,14379,2591,1674,13462,915,8504
2024-07-27T11:30:00Z,17084,8501,4872,13455,11,8505
2024-08-23T03:00:00Z,15574,2827,706,13453,428,8506
2024-08-20T16:30:00Z,18988,9898,4358,13448,45,8507
2024-06-21T14:30:00Z,18038,11192,6577,13423,7,8508
2024-08-25T07:30:00Z,15595,4684,2486,13397,853,8509
2024-07-29T12:30:00Z,18251,12054,7199,13396,15,8510
2024-09-16T12:30:00Z,20248,10135,3268,13381,11,8511
2024-06-09T07:00:00Z,14557,4940,3759,13376,954,8512
2024-06-09T06:30:00Z,14340,3995,3012,13357,858,8513
2024-06-15T13:30:00Z,17687,8050,3701,13338,352,8514
2024-09-16T14:30:00Z,19555,9230,3006,13331,21,8515
2024-08-27T05:00:00Z,16021,3230,538,13329,639,8516
2024-09-18T14:00:00Z,19193,10572,4704,13325,16,8517
2024-06-20T13:00:00Z,19428,10656,4547,13319,6,8518
2024-07-29T13:30:00Z,18054,11822,7081,13313,15,8519
2024-09-10T05:30:00Z,16964,3841,184,13307,709,8520
2024-06-21T14:00:00Z,18116,11500,6674,13290,7,8521
2024-08-23T16:00:00Z,18501,9730,4515,13286,616,8522
2024-09-18T13:30:00Z,19578,10919,4600,13259,16,8523
2024-07-04T02:30:00Z,16222,3032,48,13238,973,8524
2024-07-28T15:30:00Z,15965,8468,5727,13224,7,8525
2024-07-29T13:00:00Z,18137,11975,7054,13216,15,8526
2024-06-15T14:30:00Z,17624,9074,4654,13204,319,8527
2024-08-09T01:00:00Z,16683,3384,-104,13195,1015,8528
2024-08-09T01:30:00Z,16386,3448,242,13180,1001,8529
2024-08-16T13:00:00Z,18370,11924,6734,13180,117,8530
2024-08-16T14:00:00Z,17845,11594,6898,13149,15,8531
2024-08-26T00:30:00Z,16028,2183,-697,13148,255,8532
2024-08-26T05:30:00Z,15205,1551,-523,13131,96,8533
2024-08-18T11:30:00Z,16157,9757,6713,13113,918,8534
2024-08-16T14:30:00Z,17787,11375,6676,13088,15,8535
2024-07-27T11:00:00Z,16941,8715,4840,13066,11,8536
2024-09-17T14:00:00Z,18798,10146,4414,13066,10,8537
2024-06-20T14:00:00Z,19150,10320,4205,13035,5,8538
2024-08-23T03:30:00Z,15484,2970,513,13027,634,8539
2024-08-23T06:00:00Z,16881,3639,-234,13008,77,8540
2024-07-04T16:00:00Z,19579,11265,4690,13004,11,8541
2024-06-16T11:30:00Z,16900,9954,6047,12993,279,8542
2024-08-26T14:30:00Z,16330,8454,5104,12980,19,8543
2024-08-26T14:00:00Z,16154,8540,5365,12979,50,8544
2024-08-25T05:00:00Z,14693,2211,496,12978,866,8545
2024-08-16T13:30:00Z,17986,11769,6757,12974,15,8546
2024-06-08T12:30:00Z,17439,11617,7139,12961,771,8547
2024-08-11T15:30:00Z,15363,9128,6719,12954,600,8548
2024-08-11T11:00:00Z,16268,9427,6105,12946,6,8549
2024-06-16T12:00:00Z,17036,10070,5967,12933,127,8550
2024-06-28T01:00:00Z,16527,3756,157,12928,510,8551
2024-09-17T13:30:00Z,18792,10379,4488,12901,10,8552
2024-08-27T04:00:00Z,15551,3095,430,12886,370,8553
2024-07-28T09:00:00Z,15083,6355,4156,12884,16,8554
2024-09-17T13:00:00Z,18892,10594,4563,12861,10,8555
2024-08-20T00:30:00Z,17275,3242,-1186,12847,14,8556
2024-07-04T03:00:00Z,16081,3018,-220,12843,926,8557
2024-08-25T05:30:00Z,14472,2219,588,12841,835,8558
2024-10-20T06:30:00Z,16955,4233,103,12825,885,8559
2024-11-24T03:00:00Z,18001,5914,705,12792,630,8560
2024-07-04T03:30:00Z,16196,3003,-411,12782,935,8561
2024-10-21T01:30:00Z,16968,4895,698,12771,826,8562
2024-08-20T00:00:00Z,17610,3454,-1396,12760,14,8563
2024-08-12T04:30:00Z,15965,2793,-423,12749,954,8564
2024-06-28T06:30:00Z,18080,5226,-122,12732,290,8565
2024-08-12T04:00:00Z,15778,2728,-324,12726,951,8566
2024-06-28T01:30:00Z,16343,3785,138,12696,576,8567
2024-08-26T05:00:00Z,15029,1604,-733,12692,328,8568
2024-08-26T02:30:00Z,15412,1915,-829,12668,565,8569
2024-08-25T04:00:00Z,14795,2228,80,12647,876,8570
2024-08-26T02:00:00Z,15576,1985,-947,12644,564,8571
2024-09-16T14:00:00Z,19519,9877,2989,12631,11,8572
2024-06-16T16:00:00Z,16472,9028,5185,12629,719,8573
2024-06-16T12:30:00Z,16807,10222,6042,12627,514,8574
2024-08-25T15:30:00Z,17092,7724,3252,12620,615,8575
2024-08-27T04:30:00Z,15565,3177,219,12607,315,8576
2024-10-21T01:00:00Z,16763,4950,790,12603,828,8577
2024-06-15T14:00:00Z,17741,9655,4514,12600,292,8578
2024-08-25T16:00:00Z,18100,7350,1850,12600,113,8579
2024-07-04T09:30:00Z,19736,11098,3933,12571,441,8580
2024-08-26T03:00:00Z,15382,1868,-945,12569,445,8581
2024-11-24T03:30:00Z,17682,5930,816,12568,587,8582
2024-10-21T02:00:00Z,16811,4794,550,12567,816,8583
2024-08-23T10:00:00Z,18426,11543,5657,12540,753,8584
2024-08-09T05:30:00Z,16246,3114,-632,12500,720,8585
2024-09-10T05:00:00Z,16193,3764,64,12493,678,8586
2024-09-16T13:00:00Z,19867,10205,2824,12486,11,8587
2024-08-21T02:00:00Z,16596,3066,-1045,12485,865,8588
2024-08-23T15:30:00Z,17636,10641,5473,12468,799,8589
2024-09-10T04:00:00Z,15558,3608,518,12468,533,8590
2024-08-21T23:30:00Z,18406,4070,-1899,12437,339,8591
2024-06-28T06:00:00Z,17013,4603,10,12420,513,8592
2024-08-25T08:30:00Z,15229,7291,4445,12383,855,8593
2024-07-06T13:00:00Z,17747,9377,4007,12377,109,8594
2024-08-16T15:00:00Z,17782,10833,5415,12364,11,8595
2024-10-21T02:30:00Z,16671,4693,355,12333,811,8596
2024-08-21T04:30:00Z,16054,2463,-1260,12331,849,8597
2024-08-25T04:30:00Z,14518,2203,16,12331,871,8598
2024-10-21T04:00:00Z,16603,4303,29,12329,679,8599
2024-08-23T04:00:00Z,15366,3114,-3,12249,584,8600
2024-08-21T04:00:00Z,16036,2609,-1181,12246,849,8601
2024-08-19T23:30:00Z,17695,3666,-1804,12225,14,8602
2024-08-26T01:00:00Z,15716,2119,-1372,12225,436,8603
2024-08-26T03:30:00Z,15078,1820,-1037,12221,562,8604
2024-09-16T13:30:00Z,19518,10139,2835,12214,12,8605
2024-08-21T02:30:00Z,16320,2975,-1135,12210,865,8606
2024-10-21T00:00:00Z,16900,5013,296,12183,844,8607
2024-08-21T01:30:00Z,16929,3156,-1599,12174,872,8608
2024-09-10T04:30:00Z,15692,3686,159,12165,681,8609
2024-06-28T03:00:00Z,15516,3814,459,12161,691,8610
2024-07-04T04:00:00Z,15993,2931,-903,12159,973,8611
2024-08-09T05:00:00Z,15973,3197,-632,12144,727,8612
2024-08-09T10:30:00Z,19588,11122,3673,12139,903,8613
2024-07-04T10:00:00Z,19428,11741,4446,12133,655,8614
2024-06-28T02:00:00Z,15979,3794,-63,12122,625,8615
2024-08-21T03:30:00Z,16141,2755,-1273,12113,860,8616
2024-10-21T00:30:00Z,16742,5005,373,12110,826,8617
2024-11-24T04:00:00Z,17500,5871,475,12104,583,8618
2024-10-21T04:30:00Z,16506,4138,-273,12095,772,8619
2024-08-26T01:30:00Z,15682,2055,-1535,12092,415,8620
2024-06-09T07:30:00Z,14370,5817,3526,12079,977,8621
2024-08-21T01:00:00Z,16956,3193,-1688,12075,872,8622
2024-08-09T02:00:00Z,16127,3443,-611,12073,1006,8623
2024-06-09T09:30:00Z,15866,8859,5062,12069,606,8624
2024-08-11T11:30:00Z,15915,10095,6143,11963,6,8625
2024-10-21T03:30:00Z,16380,4468,51,11963,806,8626
2024-10-20T06:00:00Z,16286,4017,-314,11955,641,8627
2024-06-09T09:00:00Z,15275,8285,4899,11889,850,8628
2024-07-28T15:00:00Z,15404,9123,5606,11887,10,8629
2024-08-26T04:00:00Z,14918,1738,-1299,11881,557,8630
2024-08-23T04:30:00Z,15289,3257,-152,11880,793,8631
2024-08-21T03:00:00Z,16170,2865,-1430,11875,856,8632
2024-08-20T16:00:00Z,18318,10858,4413,11873,142,8633
2024-07-04T04:30:00Z,15722,2858,-1038,11826,729,8634
2024-07-06T16:00:00Z,16450,9132,4508,11826,682,8635
2024-08-20T13:00:00Z,18832,12700,5689,11821,590,8636
2024-08-25T09:00:00Z,15196,8566,5174,11804,850,8637
2024-08-09T04:30:00Z,15648,3280,-580,11788,978,8638
2024-06-09T08:00:00Z,14747,6933,3948,11762,966,8639
2024-06-28T02:30:00Z,15654,3802,-134,11718,570,8640
2024-08-26T04:30:00Z,14717,1656,-1363,11698,499,8641
2024-06-27T12:00:00Z,18819,13282,6146,11683,857,8642
2024-09-14T16:00:00Z,16949,8926,3654,11677,536,8643
2024-10-21T03:00:00Z,16421,4581,-183,11657,750,8644
2024-06-28T03:30:00Z,15372,3825,99,11646,694,8645
2024-07-04T10:30:00Z,19277,12402,4763,11638,768,8646
2024-08-11T15:00:00Z,14860,9682,6403,11581,690,8647
2024-06-08T16:30:00Z,15863,9963,5678,11578,10,8648
2024-08-09T02:30:00Z,15806,3437,-801,11568,952,8649
2024-10-20T05:00:00Z,15232,3586,-88,11558,479,8650
2024-08-09T04:00:00Z,15617,3337,-736,11544,861,8651
2024-08-18T12:00:00Z,15810,10764,6495,11541,917,8652
2024-08-25T13:30:00Z,16015,9339,4810,11486,525,8653
2024-09-14T11:00:00Z,16612,11061,5912,11463,856,8654
2024-08-09T16:30:00Z,18593,10220,3077,11450,486,8655
2024-11-24T04:30:00Z,16873,5811,386,11448,758,8656
2024-07-28T09:30:00Z,14867,7445,3887,11309,16,8657
2024-08-11T12:00:00Z,15732,10603,6139,11268,61,8658
2024-10-20T05:30:00Z,15557,3801,-508,11248,559,8659
2024-11-24T05:30:00Z,16820,5534,-78,11208,577,8660
2024-06-16T13:30:00Z,16217,10773,5749,11193,550,8661
2024-07-06T13:30:00Z,17332,10123,3968,11177,132,8662
2024-08-25T15:00:00Z,16015,8410,3565,11170,703,8663
2024-08-22T00:00:00Z,17523,4116,-2245,11162,706,8664
2024-08-09T03:30:00Z,15516,3393,-1017,11106,871,8665
2024-06-16T13:00:00Z,16440,10943,5573,11070,398,8666
2024-08-22T00:30:00Z,17001,4162,-1815,11024,676,8667
2024-11-24T05:00:00Z,16732,5673,-70,10989,603,8668
2024-08-22T06:30:00Z,18162,5006,-2183,10973,10,8669
2024-08-09T03:00:00Z,15407,3415,-1039,10953,991,8670
2024-08-25T14:30:00Z,15859,8926,4005,10938,800,8671
2024-08-23T10:30:00Z,17801,12394,5508,10915,847,8672
2024-08-23T05:30:00Z,15679,3521,-1281,10877,77,8673
2024-08-23T15:00:00Z,16669,11326,5515,10858,797,8674
2024-06-08T13:00:00Z,16709,11647,5740,10802,1001,8675
2024-06-09T08:30:00Z,14661,7622,3756,10795,866,8676
2024-08-25T13:00:00Z,15785,9784,4762,10763,813,8677
2024-06-16T15:30:00Z,15735,9739,4740,10736,550,8678
2024-06-27T12:30:00Z,18526,13911,6114,10729,997,8679
2024-06-28T04:00:00Z,15180,3812,-655,10713,593,8680
2024-06-27T15:30:00Z,18031,12128,4737,10640,565,8681
2024-06-28T05:00:00Z,15255,3848,-814,10593,453,8682
2024-08-09T11:00:00Z,18889,11878,3533,10544,954,8683
2024-08-18T12:30:00Z,15431,11223,6325,10533,920,8684
2024-08-11T12:30:00Z,15389,10750,5887,10526,343,8685
2024-06-28T05:30:00Z,15556,4091,-952,10513,572,8686
2024-08-25T14:00:00Z,15835,9431,4100,10504,788,8687
2024-08-18T15:30:00Z,15322,9697,4864,10489,569,8688
2024-09-14T11:30:00Z,16387,11549,5643,10481,844,8689
2024-08-25T09:30:00Z,15024,9800,5246,10470,846,8690
2024-08-11T14:30:00Z,14729,10360,6099,10468,560,8691
2024-06-16T14:00:00Z,15731,10645,5338,10424,558,8692
2024-08-23T05:00:00Z,15175,3389,-1371,10415,183,8693
2024-07-04T11:00:00Z,18772,12872,4494,10394,900,8694
2024-06-16T15:00:00Z,15521,10059,4927,10389,547,8695
2024-06-27T13:30:00Z,18114,13159,5418,10373,774,8696
2024-06-28T04:30:00Z,14894,3798,-755,10341,689,8697
2024-08-11T13:00:00Z,15265,10667,5740,10338,383,8698
2024-08-20T13:30:00Z,18140,13203,5372,10309,587,8699
2024-08-25T12:30:00Z,15765,10539,5076,10302,825,8700
2024-08-11T14:00:00Z,14860,10534,5966,10292,407,8701
2024-06-16T14:30:00Z,15460,10232,4955,10183,551,8702
2024-08-20T15:30:00Z,17642,11608,4128,10162,325,8703
2024-07-04T15:30:00Z,18384,12215,3921,10090,322,8704
2024-06-27T13:00:00Z,18329,13702,5456,10083,993,8705
2024-08-11T13:30:00Z,14905,10631,5714,9988,406,8706
2024-07-28T14:30:00Z,15092,9523,4404,9973,82,8707
2024-07-28T10:00:00Z,14869,8475,3548,9942,12,8708
2024-07-06T15:30:00Z,15833,9663,3733,9903,634,8709
2024-06-08T16:00:00Z,15101,10682,5441,9860,325,8710
2024-06-08T13:30:00Z,15910,11537,5438,9811,831,8711
2024-08-22T06:00:00Z,17015,4980,-2279,9756,72,8712
2024-08-18T13:00:00Z,15303,11533,5983,9753,821,8713
2024-07-28T14:00:00Z,15251,9921,4355,9685,11,8714
2024-06-27T14:00:00Z,17815,12777,4616,9654,994,8715
2024-07-06T14:30:00Z,16059,10069,3660,9650,688,8716
2024-08-22T01:00:00Z,16475,4290,-2539,9646,650,8717
2024-08-09T11:30:00Z,18472,12779,3871,9564,962,8718
2024-07-06T14:00:00Z,16337,10317,3528,9548,557,8719
2024-08-20T15:00:00Z,17462,12324,4363,9501,370,8720
2024-07-06T15:00:00Z,15894,10071,3677,9500,684,8721
2024-08-25T12:00:00Z,15326,10740,4891,9477,780,8722
2024-08-22T01:30:00Z,16070,4418,-2213,9439,900,8723
2024-07-28T10:30:00Z,14824,9247,3713,9290,11,8724
2024-08-18T13:30:00Z,14795,11339,5810,9266,914,8725
2024-08-18T15:00:00Z,14739,10277,4786,9248,821,8726
2024-07-04T11:30:00Z,18546,13607,4284,9223,928,8727
2024-08-20T14:30:00Z,17531,12861,4537,9207,578,8728
2024-07-28T13:00:00Z,15087,10224,4273,9136,9,8729
2024-06-27T14:30:00Z,17626,12752,4171,9045,572,8730
2024-07-28T13:30:00Z,15123,10217,4134,9040,11,8731
2024-06-27T15:00:00Z,17490,12537,4013,8966,450,8732
2024-07-04T15:00:00Z,17948,12678,3688,8958,542,8733
2024-09-14T15:30:00Z,15708,9926,3168,8950,651,8734
2024-08-25T10:00:00Z,14569,10593,4920,8896,773,8735
2024-08-23T11:00:00Z,17155,13097,4786,8844,841,8736
2024-08-09T16:00:00Z,17533,11234,2479,8778,802,8737
2024-07-28T11:00:00Z,14823,9847,3771,8747,11,8738
2024-07-28T12:30:00Z,15070,10327,3969,8712,6,8739
2024-07-04T12:00:00Z,18191,13626,4107,8672,716,8740
2024-08-20T14:00:00Z,17498,13162,4313,8649,383,8741
2024-08-22T02:00:00Z,15733,4529,-2576,8628,887,8742
2024-09-14T12:00:00Z,16091,12076,4582,8597,791,8743
2024-07-28T11:30:00Z,14930,10188,3786,8528,11,8744
2024-07-28T12:00:00Z,15003,10341,3820,8482,7,8745
2024-08-23T14:30:00Z,16189,12541,4809,8457,740,8746
2024-08-25T10:30:00Z,14402,10944,4997,8455,841,8747
2024-06-08T14:00:00Z,15344,11893,4884,8335,794,8748
2024-08-25T11:30:00Z,14732,10853,4439,8318,707,8749
2024-07-04T12:30:00Z,18099,13773,3960,8286,928,8750
2024-08-22T02:30:00Z,15547,4639,-2981,7927,742,8751
2024-08-09T12:00:00Z,17920,13412,3373,7881,947,8752
2024-08-23T11:30:00Z,16644,13500,4723,7867,790,8753
2024-06-08T14:30:00Z,15021,11789,4634,7866,789,8754
2024-08-25T11:00:00Z,14426,11099,4525,7852,757,8755
2024-09-14T12:30:00Z,15830,12510,4523,7843,842,8756
2024-08-23T14:00:00Z,16151,13311,4819,7659,786,8757
2024-07-04T13:30:00Z,17679,13566,3520,7633,928,8758
2024-08-18T14:00:00Z,14275,11228,4465,7512,783,8759
2024-08-18T14:30:00Z,14169,10784,4092,7477,807,8760
2024-07-04T13:00:00Z,17807,13963,3602,7446,938,8761
2024-07-04T14:30:00Z,17388,13176,3207,7419,829,8762
2024-09-14T15:00:00Z,14943,10663,3109,7389,623,8763
2024-08-22T03:30:00Z,15043,4834,-3123,7086,875,8764
2024-08-22T03:00:00Z,15189,4737,-3382,7070,883,8765
2024-09-14T14:30:00Z,14831,11142,3354,7043,819,8766
2024-06-08T15:30:00Z,14401,11298,3909,7012,139,8767
2024-06-08T15:00:00Z,14582,11711,4084,6955,621,8768
2024-08-09T12:30:00Z,17538,13951,3346,6933,809,8769
2024-07-04T14:00:00Z,17488,13711,3153,6930,866,8770
2024-09-14T13:00:00Z,15776,12346,3411,6841,828,8771
2024-08-22T05:30:00Z,15479,4996,-3706,6777,291,8772
2024-08-09T15:30:00Z,16829,12030,1961,6760,819,8773
2024-09-14T14:00:00Z,14952,11802,3597,6747,837,8774
2024-08-23T12:00:00Z,16356,13881,4175,6650,663,8775
2024-08-23T13:30:00Z,16047,13900,4393,6540,878,8776
2024-08-23T13:00:00Z,16248,14118,4329,6459,880,8777
2024-08-23T12:30:00Z,16283,14172,4330,6441,885,8778
2024-09-14T13:30:00Z,15306,12287,3422,6441,839,8779
2024-08-22T05:00:00Z,14973,4990,-3645,6338,609,8780
2024-08-22T04:00:00Z,14703,4909,-3619,6175,864,8781
2024-08-22T04:30:00Z,14668,4984,-3663,6021,862,8782
2024-08-09T15:00:00Z,16625,12897,2079,5807,778,8783
2024-08-09T14:30:00Z,16329,13426,1582,4485,883,8784
2024-08-09T13:00:00Z,16834,14491,1981,4324,951,8785
2024-08-09T13:30:00Z,16635,14322,1953,4266,936,8786
2024-08-09T14:00:00Z,16451,13845,1592,4198,936,8787
