datetime,demand_mw,recent_ramp_mw,is_extreme
2024-06-06T00:00:00Z,19178,-864,FALSE
2024-06-06T00:30:00Z,18952,-226,FALSE
2024-06-06T01:00:00Z,18742,-210,FALSE
2024-06-06T01:30:00Z,18490,-252,FALSE
2024-06-06T02:00:00Z,18310,-180,FALSE
2024-06-06T02:30:00Z,17869,-441,FALSE
2024-06-06T03:00:00Z,17344,-525,FALSE
2024-06-06T03:30:00Z,17303,-41,FALSE
2024-06-06T04:00:00Z,17301,-2,FALSE
2024-06-06T04:30:00Z,17074,-227,FALSE
2024-06-06T05:00:00Z,17315,241,FALSE
2024-06-06T05:30:00Z,18009,694,FALSE
2024-06-06T06:00:00Z,19441,1432,TRUE
2024-06-06T06:30:00Z,20427,986,FALSE
2024-06-06T07:00:00Z,22280,1853,TRUE
2024-06-06T07:30:00Z,22670,390,FALSE
2024-06-06T08:00:00Z,22871,201,FALSE
2024-06-06T08:30:00Z,22549,-322,FALSE
2024-06-06T09:00:00Z,22229,-320,FALSE
2024-06-06T09:30:00Z,21753,-476,FALSE
2024-06-06T10:00:00Z,21289,-464,FALSE
2024-06-06T10:30:00Z,21206,-83,FALSE
2024-06-06T11:00:00Z,21045,-161,FALSE
2024-06-06T11:30:00Z,21195,150,FALSE
2024-06-06T12:00:00Z,21366,171,FALSE
2024-06-06T12:30:00Z,21135,-231,FALSE
2024-06-06T13:00:00Z,20839,-296,FALSE
2024-06-06T13:30:00Z,20463,-376,FALSE
2024-06-06T14:00:00Z,20171,-292,FALSE
2024-06-06T14:30:00Z,19844,-327,FALSE
2024-06-06T15:00:00Z,19940,96,FALSE
2024-06-06T15:30:00Z,20478,538,FALSE
2024-06-06T16:00:00Z,20893,415,FALSE
2024-06-06T16:30:00Z,21857,964,FALSE
2024-06-06T17:00:00Z,22812,955,FALSE
2024-06-06T17:30:00Z,23565,753,FALSE
2024-06-06T18:00:00Z,24367,802,FALSE
2024-06-06T18:30:00Z,24984,617,FALSE
2024-06-06T19:00:00Z,24967,-17,FALSE
2024-06-06T19:30:00Z,24673,-294,FALSE
2024-06-06T20:00:00Z,24727,54,FALSE
2024-06-06T20:30:00Z,24879,152,FALSE
2024-06-06T21:00:00Z,24967,88,FALSE
2024-06-06T21:30:00Z,24511,-456,FALSE
2024-06-06T22:00:00Z,23491,-1020,FALSE
2024-06-06T22:30:00Z,22417,-1074,FALSE
2024-06-06T23:00:00Z,21069,-1348,FALSE
2024-06-06T23:30:00Z,20084,-985,FALSE
2024-06-07T00:00:00Z,19381,-703,FALSE
2024-06-07T00:30:00Z,18702,-679,FALSE
2024-06-07T01:00:00Z,18303,-399,FALSE
2024-06-07T01:30:00Z,17985,-318,FALSE
2024-06-07T02:00:00Z,17978,-7,FALSE
2024-06-07T02:30:00Z,17592,-386,FALSE
2024-06-07T03:00:00Z,17314,-278,FALSE
2024-06-07T03:30:00Z,17120,-194,FALSE
2024-06-07T04:00:00Z,17085,-35,FALSE
2024-06-07T04:30:00Z,17083,-2,FALSE
2024-06-07T05:00:00Z,17403,320,FALSE
2024-06-07T05:30:00Z,17869,466,FALSE
2024-06-07T06:00:00Z,19236,1367,FALSE
2024-06-07T06:30:00Z,20337,1101,FALSE
2024-06-07T07:00:00Z,21863,1526,TRUE
2024-06-07T07:30:00Z,22309,446,FALSE
2024-06-07T08:00:00Z,22348,39,FALSE
2024-06-07T08:30:00Z,21757,-591,FALSE
2024-06-07T09:00:00Z,21278,-479,FALSE
2024-06-07T09:30:00Z,20865,-413,FALSE
2024-06-07T10:00:00Z,20790,-75,FALSE
2024-06-07T10:30:00Z,20982,192,FALSE
2024-06-07T11:00:00Z,21176,194,FALSE
2024-06-07T11:30:00Z,20960,-216,FALSE
2024-06-07T12:00:00Z,20865,-95,FALSE
2024-06-07T12:30:00Z,20581,-284,FALSE
2024-06-07T13:00:00Z,20281,-300,FALSE
2024-06-07T13:30:00Z,19797,-484,FALSE
2024-06-07T14:00:00Z,19755,-42,FALSE
2024-06-07T14:30:00Z,19368,-387,FALSE
2024-06-07T15:00:00Z,18961,-407,FALSE
2024-06-07T15:30:00Z,19391,430,FALSE
2024-06-07T16:00:00Z,19920,529,FALSE
2024-06-07T16:30:00Z,20800,880,FALSE
2024-06-07T17:00:00Z,21498,698,FALSE
2024-06-07T17:30:00Z,22074,576,FALSE
2024-06-07T18:00:00Z,23248,1174,FALSE
2024-06-07T18:30:00Z,23994,746,FALSE
2024-06-07T19:00:00Z,23853,-141,FALSE
2024-06-07T19:30:00Z,23942,89,FALSE
2024-06-07T20:00:00Z,24109,167,FALSE
2024-06-07T20:30:00Z,23904,-205,FALSE
2024-06-07T21:00:00Z,23285,-619,FALSE
2024-06-07T21:30:00Z,22844,-441,FALSE
2024-06-07T22:00:00Z,21857,-987,FALSE
2024-06-07T22:30:00Z,21119,-738,FALSE
2024-06-07T23:00:00Z,20159,-960,FALSE
2024-06-07T23:30:00Z,19361,-798,FALSE
2024-06-08T00:00:00Z,18607,-754,FALSE
2024-06-08T00:30:00Z,17891,-716,FALSE
2024-06-08T01:00:00Z,17493,-398,FALSE
2024-06-08T01:30:00Z,17498,5,FALSE
2024-06-08T02:00:00Z,17141,-357,FALSE
2024-06-08T02:30:00Z,16660,-481,FALSE
2024-06-08T03:00:00Z,16156,-504,FALSE
2024-06-08T03:30:00Z,15926,-230,FALSE
2024-06-08T04:00:00Z,15841,-85,FALSE
2024-06-08T04:30:00Z,15490,-351,FALSE
2024-06-08T05:00:00Z,15510,20,FALSE
2024-06-08T05:30:00Z,15679,169,FALSE
2024-06-08T06:00:00Z,16400,721,FALSE
2024-06-08T06:30:00Z,16690,290,FALSE
2024-06-08T07:00:00Z,17752,1062,FALSE
2024-06-08T07:30:00Z,18234,482,FALSE
2024-06-08T08:00:00Z,19264,1030,FALSE
2024-06-08T08:30:00Z,19262,-2,FALSE
2024-06-08T09:00:00Z,19851,589,FALSE
2024-06-08T09:30:00Z,19863,12,FALSE
2024-06-08T10:00:00Z,19772,-91,FALSE
2024-06-08T10:30:00Z,19591,-181,FALSE
2024-06-08T11:00:00Z,18999,-592,FALSE
2024-06-08T11:30:00Z,18644,-355,FALSE
2024-06-08T12:00:00Z,17990,-654,FALSE
2024-06-08T12:30:00Z,17439,-551,FALSE
2024-06-08T13:00:00Z,16709,-730,FALSE
2024-06-08T13:30:00Z,15910,-799,FALSE
2024-06-08T14:00:00Z,15344,-566,FALSE
2024-06-08T14:30:00Z,15021,-323,FALSE
2024-06-08T15:00:00Z,14582,-439,FALSE
2024-06-08T15:30:00Z,14401,-181,FALSE
2024-06-08T16:00:00Z,15101,700,FALSE
2024-06-08T16:30:00Z,15863,762,FALSE
2024-06-08T17:00:00Z,17482,1619,TRUE
2024-06-08T17:30:00Z,18457,975,FALSE
2024-06-08T18:00:00Z,19695,1238,FALSE
2024-06-08T18:30:00Z,20300,605,FALSE
2024-06-08T19:00:00Z,20866,566,FALSE
2024-06-08T19:30:00Z,21456,590,FALSE
2024-06-08T20:00:00Z,21849,393,FALSE
2024-06-08T20:30:00Z,21792,-57,FALSE
2024-06-08T21:00:00Z,21701,-91,FALSE
2024-06-08T21:30:00Z,21688,-13,FALSE
2024-06-08T22:00:00Z,21317,-371,FALSE
2024-06-08T22:30:00Z,20567,-750,FALSE
2024-06-08T23:00:00Z,19115,-1452,TRUE
2024-06-08T23:30:00Z,18397,-718,FALSE
2024-06-09T00:00:00Z,17537,-860,FALSE
2024-06-09T00:30:00Z,17216,-321,FALSE
2024-06-09T01:00:00Z,16836,-380,FALSE
2024-06-09T01:30:00Z,16817,-19,FALSE
2024-06-09T02:00:00Z,16358,-459,FALSE
2024-06-09T02:30:00Z,15841,-517,FALSE
2024-06-09T03:00:00Z,15498,-343,FALSE
2024-06-09T03:30:00Z,15228,-270,FALSE
2024-06-09T04:00:00Z,15048,-180,FALSE
2024-06-09T04:30:00Z,14581,-467,FALSE
2024-06-09T05:00:00Z,14459,-122,FALSE
2024-06-09T05:30:00Z,14379,-80,FALSE
2024-06-09T06:00:00Z,14743,364,FALSE
2024-06-09T06:30:00Z,14340,-403,FALSE
2024-06-09T07:00:00Z,14557,217,FALSE
2024-06-09T07:30:00Z,14370,-187,FALSE
2024-06-09T08:00:00Z,14747,377,FALSE
2024-06-09T08:30:00Z,14661,-86,FALSE
2024-06-09T09:00:00Z,15275,614,FALSE
2024-06-09T09:30:00Z,15866,591,FALSE
2024-06-09T10:00:00Z,16654,788,FALSE
2024-06-09T10:30:00Z,17029,375,FALSE
2024-06-09T11:00:00Z,17675,646,FALSE
2024-06-09T11:30:00Z,18131,456,FALSE
2024-06-09T12:00:00Z,18367,236,FALSE
2024-06-09T12:30:00Z,18405,38,FALSE
2024-06-09T13:00:00Z,18284,-121,FALSE
2024-06-09T13:30:00Z,18201,-83,FALSE
2024-06-09T14:00:00Z,18275,74,FALSE
2024-06-09T14:30:00Z,18025,-250,FALSE
2024-06-09T15:00:00Z,18139,114,FALSE
2024-06-09T15:30:00Z,18724,585,FALSE
2024-06-09T16:00:00Z,19578,854,FALSE
2024-06-09T16:30:00Z,20318,740,FALSE
2024-06-09T17:00:00Z,21511,1193,FALSE
2024-06-09T17:30:00Z,22252,741,FALSE
2024-06-09T18:00:00Z,23006,754,FALSE
2024-06-09T18:30:00Z,23477,471,FALSE
2024-06-09T19:00:00Z,23754,277,FALSE
2024-06-09T19:30:00Z,23635,-119,FALSE
2024-06-09T20:00:00Z,23062,-573,FALSE
2024-06-09T20:30:00Z,23031,-31,FALSE
2024-06-09T21:00:00Z,22731,-300,FALSE
2024-06-09T21:30:00Z,22517,-214,FALSE
2024-06-09T22:00:00Z,22098,-419,FALSE
2024-06-09T22:30:00Z,20752,-1346,FALSE
2024-06-09T23:00:00Z,19429,-1323,FALSE
2024-06-09T23:30:00Z,18787,-642,FALSE
2024-06-10T00:00:00Z,17993,-794,FALSE
2024-06-10T00:30:00Z,17515,-478,FALSE
2024-06-10T01:00:00Z,16965,-550,FALSE
2024-06-10T01:30:00Z,16829,-136,FALSE
2024-06-10T02:00:00Z,16471,-358,FALSE
2024-06-10T02:30:00Z,16466,-5,FALSE
2024-06-10T03:00:00Z,16027,-439,FALSE
2024-06-10T03:30:00Z,15659,-368,FALSE
2024-06-10T04:00:00Z,15391,-268,FALSE
2024-06-10T04:30:00Z,15401,10,FALSE
2024-06-10T05:00:00Z,15568,167,FALSE
2024-06-10T05:30:00Z,16234,666,FALSE
2024-06-10T06:00:00Z,18257,2023,TRUE
2024-06-10T06:30:00Z,19919,1662,TRUE
2024-06-10T07:00:00Z,21613,1694,TRUE
2024-06-10T07:30:00Z,22341,728,FALSE
2024-06-10T08:00:00Z,22448,107,FALSE
2024-06-10T08:30:00Z,22255,-193,FALSE
2024-06-10T09:00:00Z,22355,100,FALSE
2024-06-10T09:30:00Z,22253,-102,FALSE
2024-06-10T10:00:00Z,21643,-610,FALSE
2024-06-10T10:30:00Z,21351,-292,FALSE
2024-06-10T11:00:00Z,20928,-423,FALSE
2024-06-10T11:30:00Z,20815,-113,FALSE
2024-06-10T12:00:00Z,20720,-95,FALSE
2024-06-10T12:30:00Z,20268,-452,FALSE
2024-06-10T13:00:00Z,20092,-176,FALSE
2024-06-10T13:30:00Z,19665,-427,FALSE
2024-06-10T14:00:00Z,19694,29,FALSE
2024-06-10T14:30:00Z,19688,-6,FALSE
2024-06-10T15:00:00Z,19527,-161,FALSE
2024-06-10T15:30:00Z,20174,647,FALSE
2024-06-10T16:00:00Z,20764,590,FALSE
2024-06-10T16:30:00Z,21710,946,FALSE
2024-06-10T17:00:00Z,23180,1470,TRUE
2024-06-10T17:30:00Z,24056,876,FALSE
2024-06-10T18:00:00Z,24375,319,FALSE
2024-06-10T18:30:00Z,24598,223,FALSE
2024-06-10T19:00:00Z,25394,796,FALSE
2024-06-10T19:30:00Z,25475,81,FALSE
2024-06-10T20:00:00Z,25628,153,FALSE
2024-06-10T20:30:00Z,25321,-307,FALSE
2024-06-10T21:00:00Z,24980,-341,FALSE
2024-06-10T21:30:00Z,24450,-530,FALSE
2024-06-10T22:00:00Z,23679,-771,FALSE
2024-06-10T22:30:00Z,22768,-911,FALSE
2024-06-10T23:00:00Z,21287,-1481,TRUE
2024-06-10T23:30:00Z,20183,-1104,FALSE
2024-06-11T00:00:00Z,19249,-934,FALSE
2024-06-11T00:30:00Z,18778,-471,FALSE
2024-06-11T01:00:00Z,18488,-290,FALSE
2024-06-11T01:30:00Z,18308,-180,FALSE
2024-06-11T02:00:00Z,18150,-158,FALSE
2024-06-11T02:30:00Z,17853,-297,FALSE
2024-06-11T03:00:00Z,17764,-89,FALSE
2024-06-11T03:30:00Z,17554,-210,FALSE
2024-06-11T04:00:00Z,17317,-237,FALSE
2024-06-11T04:30:00Z,17027,-290,FALSE
2024-06-11T05:00:00Z,17292,265,FALSE
2024-06-11T05:30:00Z,17983,691,FALSE
2024-06-11T06:00:00Z,19606,1623,TRUE
2024-06-11T06:30:00Z,21024,1418,TRUE
2024-06-11T07:00:00Z,22874,1850,TRUE
2024-06-11T07:30:00Z,23635,761,FALSE
2024-06-11T08:00:00Z,23667,32,FALSE
2024-06-11T08:30:00Z,23359,-308,FALSE
2024-06-11T09:00:00Z,23035,-324,FALSE
2024-06-11T09:30:00Z,22448,-587,FALSE
2024-06-11T10:00:00Z,22481,33,FALSE
2024-06-11T10:30:00Z,22368,-113,FALSE
2024-06-11T11:00:00Z,22449,81,FALSE
2024-06-11T11:30:00Z,22451,2,FALSE
2024-06-11T12:00:00Z,22487,36,FALSE
2024-06-11T12:30:00Z,22597,110,FALSE
2024-06-11T13:00:00Z,22331,-266,FALSE
2024-06-11T13:30:00Z,22238,-93,FALSE
2024-06-11T14:00:00Z,22306,68,FALSE
2024-06-11T14:30:00Z,22251,-55,FALSE
2024-06-11T15:00:00Z,22565,314,FALSE
2024-06-11T15:30:00Z,23273,708,FALSE
2024-06-11T16:00:00Z,23791,518,FALSE
2024-06-11T16:30:00Z,24530,739,FALSE
2024-06-11T17:00:00Z,25598,1068,FALSE
2024-06-11T17:30:00Z,26403,805,FALSE
2024-06-11T18:00:00Z,26551,148,FALSE
2024-06-11T18:30:00Z,26964,413,FALSE
2024-06-11T19:00:00Z,26625,-339,FALSE
2024-06-11T19:30:00Z,26420,-205,FALSE
2024-06-11T20:00:00Z,26542,122,FALSE
2024-06-11T20:30:00Z,26105,-437,FALSE
2024-06-11T21:00:00Z,25635,-470,FALSE
2024-06-11T21:30:00Z,25255,-380,FALSE
2024-06-11T22:00:00Z,24454,-801,FALSE
2024-06-11T22:30:00Z,23154,-1300,FALSE
2024-06-11T23:00:00Z,21924,-1230,FALSE
2024-06-11T23:30:00Z,20768,-1156,FALSE
2024-06-12T00:00:00Z,20071,-697,FALSE
2024-06-12T00:30:00Z,19771,-300,FALSE
2024-06-12T01:00:00Z,19349,-422,FALSE
2024-06-12T01:30:00Z,19197,-152,FALSE
2024-06-12T02:00:00Z,19049,-148,FALSE
2024-06-12T02:30:00Z,18686,-363,FALSE
2024-06-12T03:00:00Z,18236,-450,FALSE
2024-06-12T03:30:00Z,18159,-77,FALSE
2024-06-12T04:00:00Z,17884,-275,FALSE
2024-06-12T04:30:00Z,17817,-67,FALSE
2024-06-12T05:00:00Z,17929,112,FALSE
2024-06-12T05:30:00Z,18492,563,FALSE
2024-06-12T06:00:00Z,20286,1794,TRUE
2024-06-12T06:30:00Z,21814,1528,TRUE
2024-06-12T07:00:00Z,23981,2167,TRUE
2024-06-12T07:30:00Z,24414,433,FALSE
2024-06-12T08:00:00Z,24612,198,FALSE
2024-06-12T08:30:00Z,23976,-636,FALSE
2024-06-12T09:00:00Z,23947,-29,FALSE
2024-06-12T09:30:00Z,24001,54,FALSE
2024-06-12T10:00:00Z,23638,-363,FALSE
2024-06-12T10:30:00Z,23720,82,FALSE
2024-06-12T11:00:00Z,23957,237,FALSE
2024-06-12T11:30:00Z,24069,112,FALSE
2024-06-12T12:00:00Z,24386,317,FALSE
2024-06-12T12:30:00Z,24293,-93,FALSE
2024-06-12T13:00:00Z,23722,-571,FALSE
2024-06-12T13:30:00Z,23196,-526,FALSE
2024-06-12T14:00:00Z,23035,-161,FALSE
2024-06-12T14:30:00Z,22837,-198,FALSE
2024-06-12T15:00:00Z,22823,-14,FALSE
2024-06-12T15:30:00Z,22963,140,FALSE
2024-06-12T16:00:00Z,23308,345,FALSE
2024-06-12T16:30:00Z,23922,614,FALSE
2024-06-12T17:00:00Z,24656,734,FALSE
2024-06-12T17:30:00Z,25166,510,FALSE
2024-06-12T18:00:00Z,25414,248,FALSE
2024-06-12T18:30:00Z,25597,183,FALSE
2024-06-12T19:00:00Z,26160,563,FALSE
2024-06-12T19:30:00Z,25907,-253,FALSE
2024-06-12T20:00:00Z,25667,-240,FALSE
2024-06-12T20:30:00Z,25584,-83,FALSE
2024-06-12T21:00:00Z,25349,-235,FALSE
2024-06-12T21:30:00Z,25142,-207,FALSE
2024-06-12T22:00:00Z,24351,-791,FALSE
2024-06-12T22:30:00Z,23211,-1140,FALSE
2024-06-12T23:00:00Z,21650,-1561,TRUE
2024-06-12T23:30:00Z,20496,-1154,FALSE
2024-06-13T00:00:00Z,19726,-770,FALSE
2024-06-13T00:30:00Z,19251,-475,FALSE
2024-06-13T01:00:00Z,18793,-458,FALSE
2024-06-13T01:30:00Z,18636,-157,FALSE
2024-06-13T02:00:00Z,18424,-212,FALSE
2024-06-13T02:30:00Z,18231,-193,FALSE
2024-06-13T03:00:00Z,18093,-138,FALSE
2024-06-13T03:30:00Z,17871,-222,FALSE
2024-06-13T04:00:00Z,17521,-350,FALSE
2024-06-13T04:30:00Z,17367,-154,FALSE
2024-06-13T05:00:00Z,17430,63,FALSE
2024-06-13T05:30:00Z,17901,471,FALSE
2024-06-13T06:00:00Z,19495,1594,TRUE
2024-06-13T06:30:00Z,20713,1218,FALSE
2024-06-13T07:00:00Z,22732,2019,TRUE
2024-06-13T07:30:00Z,23447,715,FALSE
2024-06-13T08:00:00Z,23631,184,FALSE
2024-06-13T08:30:00Z,23408,-223,FALSE
2024-06-13T09:00:00Z,23339,-69,FALSE
2024-06-13T09:30:00Z,23151,-188,FALSE
2024-06-13T10:00:00Z,22880,-271,FALSE
2024-06-13T10:30:00Z,22688,-192,FALSE
2024-06-13T11:00:00Z,22632,-56,FALSE
2024-06-13T11:30:00Z,22953,321,FALSE
2024-06-13T12:00:00Z,23291,338,FALSE
2024-06-13T12:30:00Z,23482,191,FALSE
2024-06-13T13:00:00Z,24020,538,FALSE
2024-06-13T13:30:00Z,24040,20,FALSE
2024-06-13T14:00:00Z,24148,108,FALSE
2024-06-13T14:30:00Z,24123,-25,FALSE
2024-06-13T15:00:00Z,24350,227,FALSE
2024-06-13T15:30:00Z,24946,596,FALSE
2024-06-13T16:00:00Z,25690,744,FALSE
2024-06-13T16:30:00Z,26377,687,FALSE
2024-06-13T17:00:00Z,26929,552,FALSE
2024-06-13T17:30:00Z,27319,390,FALSE
2024-06-13T18:00:00Z,26894,-425,FALSE
2024-06-13T18:30:00Z,26877,-17,FALSE
2024-06-13T19:00:00Z,26600,-277,FALSE
2024-06-13T19:30:00Z,26137,-463,FALSE
2024-06-13T20:00:00Z,25741,-396,FALSE
2024-06-13T20:30:00Z,25255,-486,FALSE
2024-06-13T21:00:00Z,24446,-809,FALSE
2024-06-13T21:30:00Z,23885,-561,FALSE
2024-06-13T22:00:00Z,22764,-1121,FALSE
2024-06-13T22:30:00Z,21458,-1306,FALSE
2024-06-13T23:00:00Z,20036,-1422,TRUE
2024-06-13T23:30:00Z,19201,-835,FALSE
2024-06-14T00:00:00Z,18158,-1043,FALSE
2024-06-14T00:30:00Z,17577,-581,FALSE
2024-06-14T01:00:00Z,17610,33,FALSE
2024-06-14T01:30:00Z,17519,-91,FALSE
2024-06-14T02:00:00Z,17121,-398,FALSE
2024-06-14T02:30:00Z,16922,-199,FALSE
2024-06-14T03:00:00Z,16805,-117,FALSE
2024-06-14T03:30:00Z,16798,-7,FALSE
2024-06-14T04:00:00Z,16741,-57,FALSE
2024-06-14T04:30:00Z,16514,-227,FALSE
2024-06-14T05:00:00Z,16959,445,FALSE
2024-06-14T05:30:00Z,17427,468,FALSE
2024-06-14T06:00:00Z,19062,1635,TRUE
2024-06-14T06:30:00Z,20140,1078,FALSE
2024-06-14T07:00:00Z,22094,1954,TRUE
2024-06-14T07:30:00Z,23030,936,FALSE
2024-06-14T08:00:00Z,23487,457,FALSE
2024-06-14T08:30:00Z,23172,-315,FALSE
2024-06-14T09:00:00Z,22939,-233,FALSE
2024-06-14T09:30:00Z,22528,-411,FALSE
2024-06-14T10:00:00Z,22333,-195,FALSE
2024-06-14T10:30:00Z,22147,-186,FALSE
2024-06-14T11:00:00Z,22214,67,FALSE
2024-06-14T11:30:00Z,22066,-148,FALSE
2024-06-14T12:00:00Z,21537,-529,FALSE
2024-06-14T12:30:00Z,20986,-551,FALSE
2024-06-14T13:00:00Z,20662,-324,FALSE
2024-06-14T13:30:00Z,20230,-432,FALSE
2024-06-14T14:00:00Z,19929,-301,FALSE
2024-06-14T14:30:00Z,19921,-8,FALSE
2024-06-14T15:00:00Z,19742,-179,FALSE
2024-06-14T15:30:00Z,20201,459,FALSE
2024-06-14T16:00:00Z,20885,684,FALSE
2024-06-14T16:30:00Z,21920,1035,FALSE
2024-06-14T17:00:00Z,22818,898,FALSE
2024-06-14T17:30:00Z,23636,818,FALSE
2024-06-14T18:00:00Z,23955,319,FALSE
2024-06-14T18:30:00Z,24516,561,FALSE
2024-06-14T19:00:00Z,24619,103,FALSE
2024-06-14T19:30:00Z,24621,2,FALSE
2024-06-14T20:00:00Z,24189,-432,FALSE
2024-06-14T20:30:00Z,23643,-546,FALSE
2024-06-14T21:00:00Z,23818,175,FALSE
2024-06-14T21:30:00Z,23568,-250,FALSE
2024-06-14T22:00:00Z,22583,-985,FALSE
2024-06-14T22:30:00Z,21683,-900,FALSE
2024-06-14T23:00:00Z,20633,-1050,FALSE
2024-06-14T23:30:00Z,20048,-585,FALSE
2024-06-15T00:00:00Z,19438,-610,FALSE
2024-06-15T00:30:00Z,18829,-609,FALSE
2024-06-15T01:00:00Z,18502,-327,FALSE
2024-06-15T01:30:00Z,18463,-39,FALSE
2024-06-15T02:00:00Z,18230,-233,FALSE
2024-06-15T02:30:00Z,17486,-744,FALSE
2024-06-15T03:00:00Z,17007,-479,FALSE
2024-06-15T03:30:00Z,16851,-156,FALSE
2024-06-15T04:00:00Z,16696,-155,FALSE
2024-06-15T04:30:00Z,16527,-169,FALSE
2024-06-15T05:00:00Z,16437,-90,FALSE
2024-06-15T05:30:00Z,16356,-81,FALSE
2024-06-15T06:00:00Z,16867,511,FALSE
2024-06-15T06:30:00Z,17139,272,FALSE
2024-06-15T07:00:00Z,17629,490,FALSE
2024-06-15T07:30:00Z,17997,368,FALSE
2024-06-15T08:00:00Z,18697,700,FALSE
2024-06-15T08:30:00Z,19019,322,FALSE
2024-06-15T09:00:00Z,19495,476,FALSE
2024-06-15T09:30:00Z,19619,124,FALSE
2024-06-15T10:00:00Z,19750,131,FALSE
2024-06-15T10:30:00Z,19686,-64,FALSE
2024-06-15T11:00:00Z,19630,-56,FALSE
2024-06-15T11:30:00Z,19541,-89,FALSE
2024-06-15T12:00:00Z,19328,-213,FALSE
2024-06-15T12:30:00Z,18797,-531,FALSE
2024-06-15T13:00:00Z,17938,-859,FALSE
2024-06-15T13:30:00Z,17687,-251,FALSE
2024-06-15T14:00:00Z,17741,54,FALSE
2024-06-15T14:30:00Z,17624,-117,FALSE
2024-06-15T15:00:00Z,17547,-77,FALSE
2024-06-15T15:30:00Z,17813,266,FALSE
2024-06-15T16:00:00Z,18430,617,FALSE
2024-06-15T16:30:00Z,19191,761,FALSE
2024-06-15T17:00:00Z,20323,1132,FALSE
2024-06-15T17:30:00Z,21507,1184,FALSE
2024-06-15T18:00:00Z,22211,704,FALSE
2024-06-15T18:30:00Z,22517,306,FALSE
2024-06-15T19:00:00Z,22837,320,FALSE
2024-06-15T19:30:00Z,22831,-6,FALSE
2024-06-15T20:00:00Z,22738,-93,FALSE
2024-06-15T20:30:00Z,22330,-408,FALSE
2024-06-15T21:00:00Z,22400,70,FALSE
2024-06-15T21:30:00Z,22204,-196,FALSE
2024-06-15T22:00:00Z,21794,-410,FALSE
2024-06-15T22:30:00Z,20939,-855,FALSE
2024-06-15T23:00:00Z,19797,-1142,FALSE
2024-06-15T23:30:00Z,19048,-749,FALSE
2024-06-16T00:00:00Z,18358,-690,FALSE
2024-06-16T00:30:00Z,17853,-505,FALSE
2024-06-16T01:00:00Z,17411,-442,FALSE
2024-06-16T01:30:00Z,17394,-17,FALSE
2024-06-16T02:00:00Z,16991,-403,FALSE
2024-06-16T02:30:00Z,16697,-294,FALSE
2024-06-16T03:00:00Z,16466,-231,FALSE
2024-06-16T03:30:00Z,16218,-248,FALSE
2024-06-16T04:00:00Z,15878,-340,FALSE
2024-06-16T04:30:00Z,15633,-245,FALSE
2024-06-16T05:00:00Z,15456,-177,FALSE
2024-06-16T05:30:00Z,15330,-126,FALSE
2024-06-16T06:00:00Z,15621,291,FALSE
2024-06-16T06:30:00Z,15781,160,FALSE
2024-06-16T07:00:00Z,16134,353,FALSE
2024-06-16T07:30:00Z,16606,472,FALSE
2024-06-16T08:00:00Z,17140,534,FALSE
2024-06-16T08:30:00Z,17323,183,FALSE
2024-06-16T09:00:00Z,17635,312,FALSE
2024-06-16T09:30:00Z,17456,-179,FALSE
2024-06-16T10:00:00Z,17325,-131,FALSE
2024-06-16T10:30:00Z,16905,-420,FALSE
2024-06-16T11:00:00Z,16982,77,FALSE
2024-06-16T11:30:00Z,16900,-82,FALSE
2024-06-16T12:00:00Z,17036,136,FALSE
2024-06-16T12:30:00Z,16807,-229,FALSE
2024-06-16T13:00:00Z,16440,-367,FALSE
2024-06-16T13:30:00Z,16217,-223,FALSE
2024-06-16T14:00:00Z,15731,-486,FALSE
2024-06-16T14:30:00Z,15460,-271,FALSE
2024-06-16T15:00:00Z,15521,61,FALSE
2024-06-16T15:30:00Z,15735,214,FALSE
2024-06-16T16:00:00Z,16472,737,FALSE
2024-06-16T16:30:00Z,17614,1142,FALSE
2024-06-16T17:00:00Z,19082,1468,TRUE
2024-06-16T17:30:00Z,20146,1064,FALSE
2024-06-16T18:00:00Z,21179,1033,FALSE
2024-06-16T18:30:00Z,21976,797,FALSE
2024-06-16T19:00:00Z,22811,835,FALSE
2024-06-16T19:30:00Z,23279,468,FALSE
2024-06-16T20:00:00Z,22825,-454,FALSE
2024-06-16T20:30:00Z,22153,-672,FALSE
2024-06-16T21:00:00Z,22267,114,FALSE
2024-06-16T21:30:00Z,21636,-631,FALSE
2024-06-16T22:00:00Z,21477,-159,FALSE
2024-06-16T22:30:00Z,21162,-315,FALSE
2024-06-16T23:00:00Z,19766,-1396,TRUE
2024-06-16T23:30:00Z,18950,-816,FALSE
2024-06-17T00:00:00Z,18444,-506,FALSE
2024-06-17T00:30:00Z,17853,-591,FALSE
2024-06-17T01:00:00Z,17444,-409,FALSE
2024-06-17T01:30:00Z,17443,-1,FALSE
2024-06-17T02:00:00Z,17196,-247,FALSE
2024-06-17T02:30:00Z,16819,-377,FALSE
2024-06-17T03:00:00Z,16639,-180,FALSE
2024-06-17T03:30:00Z,16627,-12,FALSE
2024-06-17T04:00:00Z,16448,-179,FALSE
2024-06-17T04:30:00Z,16353,-95,FALSE
2024-06-17T05:00:00Z,16597,244,FALSE
2024-06-17T05:30:00Z,17357,760,FALSE
2024-06-17T06:00:00Z,19078,1721,TRUE
2024-06-17T06:30:00Z,20212,1134,FALSE
2024-06-17T07:00:00Z,21725,1513,TRUE
2024-06-17T07:30:00Z,22256,531,FALSE
2024-06-17T08:00:00Z,22639,383,FALSE
2024-06-17T08:30:00Z,22364,-275,FALSE
2024-06-17T09:00:00Z,22280,-84,FALSE
2024-06-17T09:30:00Z,21923,-357,FALSE
2024-06-17T10:00:00Z,21704,-219,FALSE
2024-06-17T10:30:00Z,21342,-362,FALSE
2024-06-17T11:00:00Z,20977,-365,FALSE
2024-06-17T11:30:00Z,20932,-45,FALSE
2024-06-17T12:00:00Z,20950,18,FALSE
2024-06-17T12:30:00Z,20813,-137,FALSE
2024-06-17T13:00:00Z,20595,-218,FALSE
2024-06-17T13:30:00Z,20482,-113,FALSE
2024-06-17T14:00:00Z,20769,287,FALSE
2024-06-17T14:30:00Z,20627,-142,FALSE
2024-06-17T15:00:00Z,20549,-78,FALSE
2024-06-17T15:30:00Z,21147,598,FALSE
2024-06-17T16:00:00Z,21932,785,FALSE
2024-06-17T16:30:00Z,22719,787,FALSE
2024-06-17T17:00:00Z,23593,874,FALSE
2024-06-17T17:30:00Z,24341,748,FALSE
2024-06-17T18:00:00Z,24902,561,FALSE
2024-06-17T18:30:00Z,25243,341,FALSE
2024-06-17T19:00:00Z,25532,289,FALSE
2024-06-17T19:30:00Z,25549,17,FALSE
2024-06-17T20:00:00Z,25430,-119,FALSE
2024-06-17T20:30:00Z,25098,-332,FALSE
2024-06-17T21:00:00Z,24648,-450,FALSE
2024-06-17T21:30:00Z,24146,-502,FALSE
2024-06-17T22:00:00Z,23751,-395,FALSE
2024-06-17T22:30:00Z,22693,-1058,FALSE
2024-06-17T23:00:00Z,21348,-1345,FALSE
2024-06-17T23:30:00Z,20273,-1075,FALSE
2024-06-18T00:00:00Z,19466,-807,FALSE
2024-06-18T00:30:00Z,19174,-292,FALSE
2024-06-18T01:00:00Z,18964,-210,FALSE
2024-06-18T01:30:00Z,18777,-187,FALSE
2024-06-18T02:00:00Z,18416,-361,FALSE
2024-06-18T02:30:00Z,18052,-364,FALSE
2024-06-18T03:00:00Z,17687,-365,FALSE
2024-06-18T03:30:00Z,17533,-154,FALSE
2024-06-18T04:00:00Z,17318,-215,FALSE
2024-06-18T04:30:00Z,17086,-232,FALSE
2024-06-18T05:00:00Z,17272,186,FALSE
2024-06-18T05:30:00Z,17874,602,FALSE
2024-06-18T06:00:00Z,19504,1630,TRUE
2024-06-18T06:30:00Z,21152,1648,TRUE
2024-06-18T07:00:00Z,22624,1472,TRUE
2024-06-18T07:30:00Z,23189,565,FALSE
2024-06-18T08:00:00Z,23606,417,FALSE
2024-06-18T08:30:00Z,23390,-216,FALSE
2024-06-18T09:00:00Z,23139,-251,FALSE
2024-06-18T09:30:00Z,22669,-470,FALSE
2024-06-18T10:00:00Z,22173,-496,FALSE
2024-06-18T10:30:00Z,21900,-273,FALSE
2024-06-18T11:00:00Z,21971,71,FALSE
2024-06-18T11:30:00Z,22085,114,FALSE
2024-06-18T12:00:00Z,21986,-99,FALSE
2024-06-18T12:30:00Z,21867,-119,FALSE
2024-06-18T13:00:00Z,21790,-77,FALSE
2024-06-18T13:30:00Z,21645,-145,FALSE
2024-06-18T14:00:00Z,21543,-102,FALSE
2024-06-18T14:30:00Z,21493,-50,FALSE
2024-06-18T15:00:00Z,21506,13,FALSE
2024-06-18T15:30:00Z,21746,240,FALSE
2024-06-18T16:00:00Z,22069,323,FALSE
2024-06-18T16:30:00Z,22810,741,FALSE
2024-06-18T17:00:00Z,23656,846,FALSE
2024-06-18T17:30:00Z,24457,801,FALSE
2024-06-18T18:00:00Z,24828,371,FALSE
2024-06-18T18:30:00Z,25342,514,FALSE
2024-06-18T19:00:00Z,26044,702,FALSE
2024-06-18T19:30:00Z,26220,176,FALSE
2024-06-18T20:00:00Z,25529,-691,FALSE
2024-06-18T20:30:00Z,25352,-177,FALSE
2024-06-18T21:00:00Z,25180,-172,FALSE
2024-06-18T21:30:00Z,24568,-612,FALSE
2024-06-18T22:00:00Z,23833,-735,FALSE
2024-06-18T22:30:00Z,22447,-1386,TRUE
2024-06-18T23:00:00Z,21043,-1404,TRUE
2024-06-18T23:30:00Z,19965,-1078,FALSE
2024-06-19T00:00:00Z,19255,-710,FALSE
2024-06-19T00:30:00Z,18853,-402,FALSE
2024-06-19T01:00:00Z,18664,-189,FALSE
2024-06-19T01:30:00Z,18567,-97,FALSE
2024-06-19T02:00:00Z,18341,-226,FALSE
2024-06-19T02:30:00Z,17902,-439,FALSE
2024-06-19T03:00:00Z,17640,-262,FALSE
2024-06-19T03:30:00Z,17327,-313,FALSE
2024-06-19T04:00:00Z,17160,-167,FALSE
2024-06-19T04:30:00Z,16938,-222,FALSE
2024-06-19T05:00:00Z,17188,250,FALSE
2024-06-19T05:30:00Z,17845,657,FALSE
2024-06-19T06:00:00Z,19593,1748,TRUE
2024-06-19T06:30:00Z,21035,1442,TRUE
2024-06-19T07:00:00Z,22689,1654,TRUE
2024-06-19T07:30:00Z,23271,582,FALSE
2024-06-19T08:00:00Z,23519,248,FALSE
2024-06-19T08:30:00Z,23397,-122,FALSE
2024-06-19T09:00:00Z,23162,-235,FALSE
2024-06-19T09:30:00Z,22216,-946,FALSE
2024-06-19T10:00:00Z,21502,-714,FALSE
2024-06-19T10:30:00Z,21325,-177,FALSE
2024-06-19T11:00:00Z,20923,-402,FALSE
2024-06-19T11:30:00Z,20304,-619,FALSE
2024-06-19T12:00:00Z,20045,-259,FALSE
2024-06-19T12:30:00Z,19922,-123,FALSE
2024-06-19T13:00:00Z,19681,-241,FALSE
2024-06-19T13:30:00Z,19310,-371,FALSE
2024-06-19T14:00:00Z,19178,-132,FALSE
2024-06-19T14:30:00Z,19306,128,FALSE
2024-06-19T15:00:00Z,19416,110,FALSE
2024-06-19T15:30:00Z,20154,738,FALSE
2024-06-19T16:00:00Z,20638,484,FALSE
2024-06-19T16:30:00Z,21676,1038,FALSE
2024-06-19T17:00:00Z,22954,1278,FALSE
2024-06-19T17:30:00Z,23954,1000,FALSE
2024-06-19T18:00:00Z,24538,584,FALSE
2024-06-19T18:30:00Z,25082,544,FALSE
2024-06-19T19:00:00Z,25353,271,FALSE
2024-06-19T19:30:00Z,25524,171,FALSE
2024-06-19T20:00:00Z,25303,-221,FALSE
2024-06-19T20:30:00Z,24847,-456,FALSE
2024-06-19T21:00:00Z,24606,-241,FALSE
2024-06-19T21:30:00Z,24279,-327,FALSE
2024-06-19T22:00:00Z,23898,-381,FALSE
2024-06-19T22:30:00Z,22592,-1306,FALSE
2024-06-19T23:00:00Z,21025,-1567,TRUE
2024-06-19T23:30:00Z,20033,-992,FALSE
2024-06-20T00:00:00Z,19227,-806,FALSE
2024-06-20T00:30:00Z,19123,-104,FALSE
2024-06-20T01:00:00Z,18865,-258,FALSE
2024-06-20T01:30:00Z,18758,-107,FALSE
2024-06-20T02:00:00Z,18424,-334,FALSE
2024-06-20T02:30:00Z,17972,-452,FALSE
2024-06-20T03:00:00Z,17628,-344,FALSE
2024-06-20T03:30:00Z,17457,-171,FALSE
2024-06-20T04:00:00Z,17296,-161,FALSE
2024-06-20T04:30:00Z,17214,-82,FALSE
2024-06-20T05:00:00Z,17208,-6,FALSE
2024-06-20T05:30:00Z,17679,471,FALSE
2024-06-20T06:00:00Z,19521,1842,TRUE
2024-06-20T06:30:00Z,20705,1184,FALSE
2024-06-20T07:00:00Z,22080,1375,FALSE
2024-06-20T07:30:00Z,22410,330,FALSE
2024-06-20T08:00:00Z,22811,401,FALSE
2024-06-20T08:30:00Z,22454,-357,FALSE
2024-06-20T09:00:00Z,22109,-345,FALSE
2024-06-20T09:30:00Z,21373,-736,FALSE
2024-06-20T10:00:00Z,20589,-784,FALSE
2024-06-20T10:30:00Z,19796,-793,FALSE
2024-06-20T11:00:00Z,19866,70,FALSE
2024-06-20T11:30:00Z,19619,-247,FALSE
2024-06-20T12:00:00Z,19678,59,FALSE
2024-06-20T12:30:00Z,19616,-62,FALSE
2024-06-20T13:00:00Z,19428,-188,FALSE
2024-06-20T13:30:00Z,19240,-188,FALSE
2024-06-20T14:00:00Z,19150,-90,FALSE
2024-06-20T14:30:00Z,19311,161,FALSE
2024-06-20T15:00:00Z,19657,346,FALSE
2024-06-20T15:30:00Z,20328,671,FALSE
2024-06-20T16:00:00Z,20921,593,FALSE
2024-06-20T16:30:00Z,21971,1050,FALSE
2024-06-20T17:00:00Z,22917,946,FALSE
2024-06-20T17:30:00Z,23762,845,FALSE
2024-06-20T18:00:00Z,24220,458,FALSE
2024-06-20T18:30:00Z,24533,313,FALSE
2024-06-20T19:00:00Z,25524,991,FALSE
2024-06-20T19:30:00Z,25569,45,FALSE
2024-06-20T20:00:00Z,25064,-505,FALSE
2024-06-20T20:30:00Z,24760,-304,FALSE
2024-06-20T21:00:00Z,24401,-359,FALSE
2024-06-20T21:30:00Z,24272,-129,FALSE
2024-06-20T22:00:00Z,23687,-585,FALSE
2024-06-20T22:30:00Z,22430,-1257,FALSE
2024-06-20T23:00:00Z,21033,-1397,TRUE
2024-06-20T23:30:00Z,20143,-890,FALSE
2024-06-21T00:00:00Z,19371,-772,FALSE
2024-06-21T00:30:00Z,18945,-426,FALSE
2024-06-21T01:00:00Z,18562,-383,FALSE
2024-06-21T01:30:00Z,18314,-248,FALSE
2024-06-21T02:00:00Z,17990,-324,FALSE
2024-06-21T02:30:00Z,17669,-321,FALSE
2024-06-21T03:00:00Z,17393,-276,FALSE
2024-06-21T03:30:00Z,17119,-274,FALSE
2024-06-21T04:00:00Z,16869,-250,FALSE
2024-06-21T04:30:00Z,16622,-247,FALSE
2024-06-21T05:00:00Z,16705,83,FALSE
2024-06-21T05:30:00Z,17362,657,FALSE
2024-06-21T06:00:00Z,18842,1480,TRUE
2024-06-21T06:30:00Z,19849,1007,FALSE
2024-06-21T07:00:00Z,21097,1248,FALSE
2024-06-21T07:30:00Z,21661,564,FALSE
2024-06-21T08:00:00Z,21805,144,FALSE
2024-06-21T08:30:00Z,21466,-339,FALSE
2024-06-21T09:00:00Z,21184,-282,FALSE
2024-06-21T09:30:00Z,20631,-553,FALSE
2024-06-21T10:00:00Z,20067,-564,FALSE
2024-06-21T10:30:00Z,19865,-202,FALSE
2024-06-21T11:00:00Z,19692,-173,FALSE
2024-06-21T11:30:00Z,19270,-422,FALSE
2024-06-21T12:00:00Z,19330,60,FALSE
2024-06-21T12:30:00Z,19016,-314,FALSE
2024-06-21T13:00:00Z,18647,-369,FALSE
2024-06-21T13:30:00Z,18448,-199,FALSE
2024-06-21T14:00:00Z,18116,-332,FALSE
2024-06-21T14:30:00Z,18038,-78,FALSE
2024-06-21T15:00:00Z,17964,-74,FALSE
2024-06-21T15:30:00Z,18721,757,FALSE
2024-06-21T16:00:00Z,19503,782,FALSE
2024-06-21T16:30:00Z,20270,767,FALSE
2024-06-21T17:00:00Z,21362,1092,FALSE
2024-06-21T17:30:00Z,22242,880,FALSE
2024-06-21T18:00:00Z,22781,539,FALSE
2024-06-21T18:30:00Z,23126,345,FALSE
2024-06-21T19:00:00Z,23447,321,FALSE
2024-06-21T19:30:00Z,23521,74,FALSE
2024-06-21T20:00:00Z,23274,-247,FALSE
2024-06-21T20:30:00Z,23044,-230,FALSE
2024-06-21T21:00:00Z,22974,-70,FALSE
2024-06-21T21:30:00Z,22291,-683,FALSE
2024-06-21T22:00:00Z,21925,-366,FALSE
2024-06-21T22:30:00Z,21200,-725,FALSE
2024-06-21T23:00:00Z,20059,-1141,FALSE
2024-06-21T23:30:00Z,19345,-714,FALSE
2024-06-22T00:00:00Z,18619,-726,FALSE
2024-06-22T00:30:00Z,18299,-320,FALSE
2024-06-22T01:00:00Z,17720,-579,FALSE
2024-06-22T01:30:00Z,17526,-194,FALSE
2024-06-22T02:00:00Z,17238,-288,FALSE
2024-06-22T02:30:00Z,16937,-301,FALSE
2024-06-22T03:00:00Z,16642,-295,FALSE
2024-06-22T03:30:00Z,16433,-209,FALSE
2024-06-22T04:00:00Z,16050,-383,FALSE
2024-06-22T04:30:00Z,15707,-343,FALSE
2024-06-22T05:00:00Z,15662,-45,FALSE
2024-06-22T05:30:00Z,15700,38,FALSE
2024-06-22T06:00:00Z,16344,644,FALSE
2024-06-22T06:30:00Z,16742,398,FALSE
2024-06-22T07:00:00Z,17340,598,FALSE
2024-06-22T07:30:00Z,17738,398,FALSE
2024-06-22T08:00:00Z,18139,401,FALSE
2024-06-22T08:30:00Z,18451,312,FALSE
2024-06-22T09:00:00Z,18716,265,FALSE
2024-06-22T09:30:00Z,18824,108,FALSE
2024-06-22T10:00:00Z,18829,5,FALSE
2024-06-22T10:30:00Z,18424,-405,FALSE
2024-06-22T11:00:00Z,18247,-177,FALSE
2024-06-22T11:30:00Z,18112,-135,FALSE
2024-06-22T12:00:00Z,17779,-333,FALSE
2024-06-22T12:30:00Z,17258,-521,FALSE
2024-06-22T13:00:00Z,16994,-264,FALSE
2024-06-22T13:30:00Z,16483,-511,FALSE
2024-06-22T14:00:00Z,16063,-420,FALSE
2024-06-22T14:30:00Z,15847,-216,FALSE
2024-06-22T15:00:00Z,15858,11,FALSE
2024-06-22T15:30:00Z,15922,64,FALSE
2024-06-22T16:00:00Z,16466,544,FALSE
2024-06-22T16:30:00Z,16877,411,FALSE
2024-06-22T17:00:00Z,18265,1388,TRUE
2024-06-22T17:30:00Z,19414,1149,FALSE
2024-06-22T18:00:00Z,20695,1281,FALSE
2024-06-22T18:30:00Z,21506,811,FALSE
2024-06-22T19:00:00Z,22056,550,FALSE
2024-06-22T19:30:00Z,22421,365,FALSE
2024-06-22T20:00:00Z,22242,-179,FALSE
2024-06-22T20:30:00Z,22311,69,FALSE
2024-06-22T21:00:00Z,22041,-270,FALSE
2024-06-22T21:30:00Z,21946,-95,FALSE
2024-06-22T22:00:00Z,21732,-214,FALSE
2024-06-22T22:30:00Z,21137,-595,FALSE
2024-06-22T23:00:00Z,20050,-1087,FALSE
2024-06-22T23:30:00Z,19176,-874,FALSE
2024-06-23T00:00:00Z,18610,-566,FALSE
2024-06-23T00:30:00Z,18031,-579,FALSE
2024-06-23T01:00:00Z,17533,-498,FALSE
2024-06-23T01:30:00Z,17273,-260,FALSE
2024-06-23T02:00:00Z,16962,-311,FALSE
2024-06-23T02:30:00Z,16640,-322,FALSE
2024-06-23T03:00:00Z,16422,-218,FALSE
2024-06-23T03:30:00Z,16107,-315,FALSE
2024-06-23T04:00:00Z,15814,-293,FALSE
2024-06-23T04:30:00Z,15365,-449,FALSE
2024-06-23T05:00:00Z,15243,-122,FALSE
2024-06-23T05:30:00Z,15170,-73,FALSE
2024-06-23T06:00:00Z,15747,577,FALSE
2024-06-23T06:30:00Z,15887,140,FALSE
2024-06-23T07:00:00Z,16030,143,FALSE
2024-06-23T07:30:00Z,16339,309,FALSE
2024-06-23T08:00:00Z,16615,276,FALSE
2024-06-23T08:30:00Z,16887,272,FALSE
2024-06-23T09:00:00Z,17425,538,FALSE
2024-06-23T09:30:00Z,17746,321,FALSE
2024-06-23T10:00:00Z,18156,410,FALSE
2024-06-23T10:30:00Z,18240,84,FALSE
2024-06-23T11:00:00Z,18356,116,FALSE
2024-06-23T11:30:00Z,18333,-23,FALSE
2024-06-23T12:00:00Z,18508,175,FALSE
2024-06-23T12:30:00Z,18405,-103,FALSE
2024-06-23T13:00:00Z,18288,-117,FALSE
2024-06-23T13:30:00Z,18034,-254,FALSE
2024-06-23T14:00:00Z,17981,-53,FALSE
2024-06-23T14:30:00Z,17882,-99,FALSE
2024-06-23T15:00:00Z,17904,22,FALSE
2024-06-23T15:30:00Z,18295,391,FALSE
2024-06-23T16:00:00Z,18941,646,FALSE
2024-06-23T16:30:00Z,20058,1117,FALSE
2024-06-23T17:00:00Z,21349,1291,FALSE
2024-06-23T17:30:00Z,22215,866,FALSE
2024-06-23T18:00:00Z,22798,583,FALSE
2024-06-23T18:30:00Z,23440,642,FALSE
2024-06-23T19:00:00Z,23597,157,FALSE
2024-06-23T19:30:00Z,23475,-122,FALSE
2024-06-23T20:00:00Z,23278,-197,FALSE
2024-06-23T20:30:00Z,23271,-7,FALSE
2024-06-23T21:00:00Z,23072,-199,FALSE
2024-06-23T21:30:00Z,22568,-504,FALSE
2024-06-23T22:00:00Z,22565,-3,FALSE
2024-06-23T22:30:00Z,21662,-903,FALSE
2024-06-23T23:00:00Z,20404,-1258,FALSE
2024-06-23T23:30:00Z,19370,-1034,FALSE
2024-06-24T00:00:00Z,18830,-540,FALSE
2024-06-24T00:30:00Z,18425,-405,FALSE
2024-06-24T01:00:00Z,18129,-296,FALSE
2024-06-24T01:30:00Z,17961,-168,FALSE
2024-06-24T02:00:00Z,17721,-240,FALSE
2024-06-24T02:30:00Z,17460,-261,FALSE
2024-06-24T03:00:00Z,17304,-156,FALSE
2024-06-24T03:30:00Z,17334,30,FALSE
2024-06-24T04:00:00Z,16941,-393,FALSE
2024-06-24T04:30:00Z,16767,-174,FALSE
2024-06-24T05:00:00Z,16987,220,FALSE
2024-06-24T05:30:00Z,17689,702,FALSE
2024-06-24T06:00:00Z,19307,1618,TRUE
2024-06-24T06:30:00Z,20741,1434,TRUE
2024-06-24T07:00:00Z,22655,1914,TRUE
2024-06-24T07:30:00Z,23250,595,FALSE
2024-06-24T08:00:00Z,23675,425,FALSE
2024-06-24T08:30:00Z,23397,-278,FALSE
2024-06-24T09:00:00Z,23319,-78,FALSE
2024-06-24T09:30:00Z,23198,-121,FALSE
2024-06-24T10:00:00Z,23048,-150,FALSE
2024-06-24T10:30:00Z,23198,150,FALSE
2024-06-24T11:00:00Z,23205,7,FALSE
2024-06-24T11:30:00Z,22997,-208,FALSE
2024-06-24T12:00:00Z,23243,246,FALSE
2024-06-24T12:30:00Z,23105,-138,FALSE
2024-06-24T13:00:00Z,22880,-225,FALSE
2024-06-24T13:30:00Z,22845,-35,FALSE
2024-06-24T14:00:00Z,22503,-342,FALSE
2024-06-24T14:30:00Z,22536,33,FALSE
2024-06-24T15:00:00Z,22774,238,FALSE
2024-06-24T15:30:00Z,23278,504,FALSE
2024-06-24T16:00:00Z,23827,549,FALSE
2024-06-24T16:30:00Z,24515,688,FALSE
2024-06-24T17:00:00Z,25100,585,FALSE
2024-06-24T17:30:00Z,25844,744,FALSE
2024-06-24T18:00:00Z,25720,-124,FALSE
2024-06-24T18:30:00Z,25775,55,FALSE
2024-06-24T19:00:00Z,26060,285,FALSE
2024-06-24T19:30:00Z,26374,314,FALSE
2024-06-24T20:00:00Z,26283,-91,FALSE
2024-06-24T20:30:00Z,25766,-517,FALSE
2024-06-24T21:00:00Z,25316,-450,FALSE
2024-06-24T21:30:00Z,24804,-512,FALSE
2024-06-24T22:00:00Z,24493,-311,FALSE
2024-06-24T22:30:00Z,23375,-1118,FALSE
2024-06-24T23:00:00Z,21880,-1495,TRUE
2024-06-24T23:30:00Z,20985,-895,FALSE
2024-06-25T00:00:00Z,20348,-637,FALSE
2024-06-25T00:30:00Z,19980,-368,FALSE
2024-06-25T01:00:00Z,19318,-662,FALSE
2024-06-25T01:30:00Z,19292,-26,FALSE
2024-06-25T02:00:00Z,18922,-370,FALSE
2024-06-25T02:30:00Z,18530,-392,FALSE
2024-06-25T03:00:00Z,18165,-365,FALSE
2024-06-25T03:30:00Z,17986,-179,FALSE
2024-06-25T04:00:00Z,17708,-278,FALSE
2024-06-25T04:30:00Z,17552,-156,FALSE
2024-06-25T05:00:00Z,17527,-25,FALSE
2024-06-25T05:30:00Z,18163,636,FALSE
2024-06-25T06:00:00Z,19895,1732,TRUE
2024-06-25T06:30:00Z,21080,1185,FALSE
2024-06-25T07:00:00Z,23125,2045,TRUE
2024-06-25T07:30:00Z,23547,422,FALSE
2024-06-25T08:00:00Z,23369,-178,FALSE
2024-06-25T08:30:00Z,23089,-280,FALSE
2024-06-25T09:00:00Z,23053,-36,FALSE
2024-06-25T09:30:00Z,22587,-466,FALSE
2024-06-25T10:00:00Z,22146,-441,FALSE
2024-06-25T10:30:00Z,21687,-459,FALSE
2024-06-25T11:00:00Z,21472,-215,FALSE
2024-06-25T11:30:00Z,21352,-120,FALSE
2024-06-25T12:00:00Z,21395,43,FALSE
2024-06-25T12:30:00Z,21460,65,FALSE
2024-06-25T13:00:00Z,21172,-288,FALSE
2024-06-25T13:30:00Z,21020,-152,FALSE
2024-06-25T14:00:00Z,21061,41,FALSE
2024-06-25T14:30:00Z,21215,154,FALSE
2024-06-25T15:00:00Z,21314,99,FALSE
2024-06-25T15:30:00Z,21872,558,FALSE
2024-06-25T16:00:00Z,22421,549,FALSE
2024-06-25T16:30:00Z,23233,812,FALSE
2024-06-25T17:00:00Z,24347,1114,FALSE
2024-06-25T17:30:00Z,24952,605,FALSE
2024-06-25T18:00:00Z,25476,524,FALSE
2024-06-25T18:30:00Z,25748,272,FALSE
2024-06-25T19:00:00Z,26163,415,FALSE
2024-06-25T19:30:00Z,26555,392,FALSE
2024-06-25T20:00:00Z,25935,-620,FALSE
2024-06-25T20:30:00Z,25610,-325,FALSE
2024-06-25T21:00:00Z,25351,-259,FALSE
2024-06-25T21:30:00Z,25006,-345,FALSE
2024-06-25T22:00:00Z,24751,-255,FALSE
2024-06-25T22:30:00Z,23623,-1128,FALSE
2024-06-25T23:00:00Z,22131,-1492,TRUE
2024-06-25T23:30:00Z,20994,-1137,FALSE
2024-06-26T00:00:00Z,20294,-700,FALSE
2024-06-26T00:30:00Z,19797,-497,FALSE
2024-06-26T01:00:00Z,19375,-422,FALSE
2024-06-26T01:30:00Z,19154,-221,FALSE
2024-06-26T02:00:00Z,18934,-220,FALSE
2024-06-26T02:30:00Z,18729,-205,FALSE
2024-06-26T03:00:00Z,18544,-185,FALSE
2024-06-26T03:30:00Z,18297,-247,FALSE
2024-06-26T04:00:00Z,18001,-296,FALSE
2024-06-26T04:30:00Z,17795,-206,FALSE
2024-06-26T05:00:00Z,17596,-199,FALSE
2024-06-26T05:30:00Z,17929,333,FALSE
2024-06-26T06:00:00Z,19648,1719,TRUE
2024-06-26T06:30:00Z,20848,1200,FALSE
2024-06-26T07:00:00Z,22527,1679,TRUE
2024-06-26T07:30:00Z,23038,511,FALSE
2024-06-26T08:00:00Z,23419,381,FALSE
2024-06-26T08:30:00Z,22829,-590,FALSE
2024-06-26T09:00:00Z,22674,-155,FALSE
2024-06-26T09:30:00Z,22247,-427,FALSE
2024-06-26T10:00:00Z,21580,-667,FALSE
2024-06-26T10:30:00Z,21039,-541,FALSE
2024-06-26T11:00:00Z,20524,-515,FALSE
2024-06-26T11:30:00Z,20230,-294,FALSE
2024-06-26T12:00:00Z,20325,95,FALSE
2024-06-26T12:30:00Z,20248,-77,FALSE
2024-06-26T13:00:00Z,20334,86,FALSE
2024-06-26T13:30:00Z,20346,12,FALSE
2024-06-26T14:00:00Z,20447,101,FALSE
2024-06-26T14:30:00Z,20542,95,FALSE
2024-06-26T15:00:00Z,20821,279,FALSE
2024-06-26T15:30:00Z,21425,604,FALSE
2024-06-26T16:00:00Z,22271,846,FALSE
2024-06-26T16:30:00Z,23443,1172,FALSE
2024-06-26T17:00:00Z,24088,645,FALSE
2024-06-26T17:30:00Z,25008,920,FALSE
2024-06-26T18:00:00Z,25805,797,FALSE
2024-06-26T18:30:00Z,26391,586,FALSE
2024-06-26T19:00:00Z,26783,392,FALSE
2024-06-26T19:30:00Z,26801,18,FALSE
2024-06-26T20:00:00Z,26223,-578,FALSE
2024-06-26T20:30:00Z,26180,-43,FALSE
2024-06-26T21:00:00Z,25793,-387,FALSE
2024-06-26T21:30:00Z,25382,-411,FALSE
2024-06-26T22:00:00Z,25388,6,FALSE
2024-06-26T22:30:00Z,23977,-1411,TRUE
2024-06-26T23:00:00Z,22396,-1581,TRUE
2024-06-26T23:30:00Z,21238,-1158,FALSE
2024-06-27T00:00:00Z,20508,-730,FALSE
2024-06-27T00:30:00Z,19758,-750,FALSE
2024-06-27T01:00:00Z,19381,-377,FALSE
2024-06-27T01:30:00Z,19106,-275,FALSE
2024-06-27T02:00:00Z,18592,-514,FALSE
2024-06-27T02:30:00Z,18182,-410,FALSE
2024-06-27T03:00:00Z,17855,-327,FALSE
2024-06-27T03:30:00Z,17634,-221,FALSE
2024-06-27T04:00:00Z,17357,-277,FALSE
2024-06-27T04:30:00Z,17214,-143,FALSE
2024-06-27T05:00:00Z,16928,-286,FALSE
2024-06-27T05:30:00Z,17803,875,FALSE
2024-06-27T06:00:00Z,19355,1552,TRUE
2024-06-27T06:30:00Z,20406,1051,FALSE
2024-06-27T07:00:00Z,22141,1735,TRUE
2024-06-27T07:30:00Z,22621,480,FALSE
2024-06-27T08:00:00Z,23476,855,FALSE
2024-06-27T08:30:00Z,23028,-448,FALSE
2024-06-27T09:00:00Z,22820,-208,FALSE
2024-06-27T09:30:00Z,22078,-742,FALSE
2024-06-27T10:00:00Z,21357,-721,FALSE
2024-06-27T10:30:00Z,20425,-932,FALSE
2024-06-27T11:00:00Z,19602,-823,FALSE
2024-06-27T11:30:00Z,19170,-432,FALSE
2024-06-27T12:00:00Z,18819,-351,FALSE
2024-06-27T12:30:00Z,18526,-293,FALSE
2024-06-27T13:00:00Z,18329,-197,FALSE
2024-06-27T13:30:00Z,18114,-215,FALSE
2024-06-27T14:00:00Z,17815,-299,FALSE
2024-06-27T14:30:00Z,17626,-189,FALSE
2024-06-27T15:00:00Z,17490,-136,FALSE
2024-06-27T15:30:00Z,18031,541,FALSE
2024-06-27T16:00:00Z,19244,1213,FALSE
2024-06-27T16:30:00Z,19892,648,FALSE
2024-06-27T17:00:00Z,20922,1030,FALSE
2024-06-27T17:30:00Z,21357,435,FALSE
2024-06-27T18:00:00Z,21558,201,FALSE
2024-06-27T18:30:00Z,22385,827,FALSE
2024-06-27T19:00:00Z,22645,260,FALSE
2024-06-27T19:30:00Z,23055,410,FALSE
2024-06-27T20:00:00Z,23109,54,FALSE
2024-06-27T20:30:00Z,23075,-34,FALSE
2024-06-27T21:00:00Z,22881,-194,FALSE
2024-06-27T21:30:00Z,22473,-408,FALSE
2024-06-27T22:00:00Z,21697,-776,FALSE
2024-06-27T22:30:00Z,20478,-1219,FALSE
2024-06-27T23:00:00Z,19103,-1375,FALSE
2024-06-27T23:30:00Z,18143,-960,FALSE
2024-06-28T00:00:00Z,17146,-997,FALSE
2024-06-28T00:30:00Z,16849,-297,FALSE
2024-06-28T01:00:00Z,16527,-322,FALSE
2024-06-28T01:30:00Z,16343,-184,FALSE
2024-06-28T02:00:00Z,15979,-364,FALSE
2024-06-28T02:30:00Z,15654,-325,FALSE
2024-06-28T03:00:00Z,15516,-138,FALSE
2024-06-28T03:30:00Z,15372,-144,FALSE
2024-06-28T04:00:00Z,15180,-192,FALSE
2024-06-28T04:30:00Z,14894,-286,FALSE
2024-06-28T05:00:00Z,15255,361,FALSE
2024-06-28T05:30:00Z,15556,301,FALSE
2024-06-28T06:00:00Z,17013,1457,TRUE
2024-06-28T06:30:00Z,18080,1067,FALSE
2024-06-28T07:00:00Z,19414,1334,FALSE
2024-06-28T07:30:00Z,19882,468,FALSE
2024-06-28T08:00:00Z,20543,661,FALSE
2024-06-28T08:30:00Z,20504,-39,FALSE
2024-06-28T09:00:00Z,20975,471,FALSE
2024-06-28T09:30:00Z,21018,43,FALSE
2024-06-28T10:00:00Z,21092,74,FALSE
2024-06-28T10:30:00Z,20860,-232,FALSE
2024-06-28T11:00:00Z,21095,235,FALSE
2024-06-28T11:30:00Z,21160,65,FALSE
2024-06-28T12:00:00Z,21259,99,FALSE
2024-06-28T12:30:00Z,21082,-177,FALSE
2024-06-28T13:00:00Z,20605,-477,FALSE
2024-06-28T13:30:00Z,20158,-447,FALSE
2024-06-28T14:00:00Z,19445,-713,FALSE
2024-06-28T14:30:00Z,19053,-392,FALSE
2024-06-28T15:00:00Z,18543,-510,FALSE
2024-06-28T15:30:00Z,18695,152,FALSE
2024-06-28T16:00:00Z,19630,935,FALSE
2024-06-28T16:30:00Z,20247,617,FALSE
2024-06-28T17:00:00Z,20705,458,FALSE
2024-06-28T17:30:00Z,21048,343,FALSE
2024-06-28T18:00:00Z,21895,847,FALSE
2024-06-28T18:30:00Z,22280,385,FALSE
2024-06-28T19:00:00Z,22990,710,FALSE
2024-06-28T19:30:00Z,23250,260,FALSE
2024-06-28T20:00:00Z,23205,-45,FALSE
2024-06-28T20:30:00Z,22915,-290,FALSE
2024-06-28T21:00:00Z,22660,-255,FALSE
2024-06-28T21:30:00Z,22383,-277,FALSE
2024-06-28T22:00:00Z,22261,-122,FALSE
2024-06-28T22:30:00Z,21562,-699,FALSE
2024-06-28T23:00:00Z,20708,-854,FALSE
2024-06-28T23:30:00Z,19941,-767,FALSE
2024-06-29T00:00:00Z,19232,-709,FALSE
2024-06-29T00:30:00Z,18662,-570,FALSE
2024-06-29T01:00:00Z,18040,-622,FALSE
2024-06-29T01:30:00Z,17869,-171,FALSE
2024-06-29T02:00:00Z,17573,-296,FALSE
2024-06-29T02:30:00Z,17331,-242,FALSE
2024-06-29T03:00:00Z,16926,-405,FALSE
2024-06-29T03:30:00Z,16681,-245,FALSE
2024-06-29T04:00:00Z,16592,-89,FALSE
2024-06-29T04:30:00Z,16265,-327,FALSE
2024-06-29T05:00:00Z,16217,-48,FALSE
2024-06-29T05:30:00Z,16326,109,FALSE
2024-06-29T06:00:00Z,16946,620,FALSE
2024-06-29T06:30:00Z,17204,258,FALSE
2024-06-29T07:00:00Z,17914,710,FALSE
2024-06-29T07:30:00Z,18052,138,FALSE
2024-06-29T08:00:00Z,18408,356,FALSE
2024-06-29T08:30:00Z,18741,333,FALSE
2024-06-29T09:00:00Z,18901,160,FALSE
2024-06-29T09:30:00Z,18862,-39,FALSE
2024-06-29T10:00:00Z,18547,-315,FALSE
2024-06-29T10:30:00Z,18049,-498,FALSE
2024-06-29T11:00:00Z,17445,-604,FALSE
2024-06-29T11:30:00Z,17034,-411,FALSE
2024-06-29T12:00:00Z,16646,-388,FALSE
2024-06-29T12:30:00Z,16257,-389,FALSE
2024-06-29T13:00:00Z,15808,-449,FALSE
2024-06-29T13:30:00Z,15498,-310,FALSE
2024-06-29T14:00:00Z,15303,-195,FALSE
2024-06-29T14:30:00Z,15407,104,FALSE
2024-06-29T15:00:00Z,15537,130,FALSE
2024-06-29T15:30:00Z,16415,878,FALSE
2024-06-29T16:00:00Z,17156,741,FALSE
2024-06-29T16:30:00Z,18454,1298,FALSE
2024-06-29T17:00:00Z,20204,1750,TRUE
2024-06-29T17:30:00Z,21182,978,FALSE
2024-06-29T18:00:00Z,21233,51,FALSE
2024-06-29T18:30:00Z,21731,498,FALSE
2024-06-29T19:00:00Z,22480,749,FALSE
2024-06-29T19:30:00Z,22566,86,FALSE
2024-06-29T20:00:00Z,22790,224,FALSE
2024-06-29T20:30:00Z,22587,-203,FALSE
2024-06-29T21:00:00Z,22848,261,FALSE
2024-06-29T21:30:00Z,22534,-314,FALSE
2024-06-29T22:00:00Z,22146,-388,FALSE
2024-06-29T22:30:00Z,21416,-730,FALSE
2024-06-29T23:00:00Z,20327,-1089,FALSE
2024-06-29T23:30:00Z,19543,-784,FALSE
2024-06-30T00:00:00Z,18702,-841,FALSE
2024-06-30T00:30:00Z,18267,-435,FALSE
2024-06-30T01:00:00Z,17709,-558,FALSE
2024-06-30T01:30:00Z,17470,-239,FALSE
2024-06-30T02:00:00Z,17037,-433,FALSE
2024-06-30T02:30:00Z,16688,-349,FALSE
2024-06-30T03:00:00Z,16345,-343,FALSE
2024-06-30T03:30:00Z,16023,-322,FALSE
2024-06-30T04:00:00Z,15778,-245,FALSE
2024-06-30T04:30:00Z,15335,-443,FALSE
2024-06-30T05:00:00Z,15188,-147,FALSE
2024-06-30T05:30:00Z,15033,-155,FALSE
2024-06-30T06:00:00Z,15220,187,FALSE
2024-06-30T06:30:00Z,15409,189,FALSE
2024-06-30T07:00:00Z,15738,329,FALSE
2024-06-30T07:30:00Z,16202,464,FALSE
2024-06-30T08:00:00Z,16961,759,FALSE
2024-06-30T08:30:00Z,17749,788,FALSE
2024-06-30T09:00:00Z,18537,788,FALSE
2024-06-30T09:30:00Z,18933,396,FALSE
2024-06-30T10:00:00Z,19438,505,FALSE
2024-06-30T10:30:00Z,19440,2,FALSE
2024-06-30T11:00:00Z,19568,128,FALSE
2024-06-30T11:30:00Z,19902,334,FALSE
2024-06-30T12:00:00Z,19994,92,FALSE
2024-06-30T12:30:00Z,19705,-289,FALSE
2024-06-30T13:00:00Z,19311,-394,FALSE
2024-06-30T13:30:00Z,19169,-142,FALSE
2024-06-30T14:00:00Z,19064,-105,FALSE
2024-06-30T14:30:00Z,18928,-136,FALSE
2024-06-30T15:00:00Z,18963,35,FALSE
2024-06-30T15:30:00Z,19332,369,FALSE
2024-06-30T16:00:00Z,20158,826,FALSE
2024-06-30T16:30:00Z,21227,1069,FALSE
2024-06-30T17:00:00Z,21762,535,FALSE
2024-06-30T17:30:00Z,22432,670,FALSE
2024-06-30T18:00:00Z,22739,307,FALSE
2024-06-30T18:30:00Z,22447,-292,FALSE
2024-06-30T19:00:00Z,23176,729,FALSE
2024-06-30T19:30:00Z,23323,147,FALSE
2024-06-30T20:00:00Z,23510,187,FALSE
2024-06-30T20:30:00Z,23063,-447,FALSE
2024-06-30T21:00:00Z,22658,-405,FALSE
2024-06-30T21:30:00Z,22237,-421,FALSE
2024-06-30T22:00:00Z,21769,-468,FALSE
2024-06-30T22:30:00Z,20764,-1005,FALSE
2024-06-30T23:00:00Z,19665,-1099,FALSE
2024-06-30T23:30:00Z,18911,-754,FALSE
2024-07-01T00:00:00Z,18177,-734,FALSE
2024-07-01T00:30:00Z,17790,-387,FALSE
2024-07-01T01:00:00Z,17390,-400,FALSE
2024-07-01T01:30:00Z,17301,-89,FALSE
2024-07-01T02:00:00Z,16968,-333,FALSE
2024-07-01T02:30:00Z,16720,-248,FALSE
2024-07-01T03:00:00Z,16609,-111,FALSE
2024-07-01T03:30:00Z,16546,-63,FALSE
2024-07-01T04:00:00Z,16526,-20,FALSE
2024-07-01T04:30:00Z,16346,-180,FALSE
2024-07-01T05:00:00Z,16597,251,FALSE
2024-07-01T05:30:00Z,17180,583,FALSE
2024-07-01T06:00:00Z,18692,1512,TRUE
2024-07-01T06:30:00Z,19960,1268,FALSE
2024-07-01T07:00:00Z,21375,1415,TRUE
2024-07-01T07:30:00Z,21891,516,FALSE
2024-07-01T08:00:00Z,22457,566,FALSE
2024-07-01T08:30:00Z,22553,96,FALSE
2024-07-01T09:00:00Z,22956,403,FALSE
2024-07-01T09:30:00Z,23189,233,FALSE
2024-07-01T10:00:00Z,23194,5,FALSE
2024-07-01T10:30:00Z,23341,147,FALSE
2024-07-01T11:00:00Z,23770,429,FALSE
2024-07-01T11:30:00Z,23639,-131,FALSE
2024-07-01T12:00:00Z,23476,-163,FALSE
2024-07-01T12:30:00Z,23473,-3,FALSE
2024-07-01T13:00:00Z,23249,-224,FALSE
2024-07-01T13:30:00Z,22894,-355,FALSE
2024-07-01T14:00:00Z,23092,198,FALSE
2024-07-01T14:30:00Z,23006,-86,FALSE
2024-07-01T15:00:00Z,23007,1,FALSE
2024-07-01T15:30:00Z,23537,530,FALSE
2024-07-01T16:00:00Z,24002,465,FALSE
2024-07-01T16:30:00Z,24788,786,FALSE
2024-07-01T17:00:00Z,25693,905,FALSE
2024-07-01T17:30:00Z,26213,520,FALSE
2024-07-01T18:00:00Z,26298,85,FALSE
2024-07-01T18:30:00Z,26326,28,FALSE
2024-07-01T19:00:00Z,26022,-304,FALSE
2024-07-01T19:30:00Z,25422,-600,FALSE
2024-07-01T20:00:00Z,25232,-190,FALSE
2024-07-01T20:30:00Z,25037,-195,FALSE
2024-07-01T21:00:00Z,24919,-118,FALSE
2024-07-01T21:30:00Z,23839,-1080,FALSE
2024-07-01T22:00:00Z,22842,-997,FALSE
2024-07-01T22:30:00Z,21870,-972,FALSE
2024-07-01T23:00:00Z,20520,-1350,FALSE
2024-07-01T23:30:00Z,19510,-1010,FALSE
2024-07-02T00:00:00Z,18766,-744,FALSE
2024-07-02T00:30:00Z,18308,-458,FALSE
2024-07-02T01:00:00Z,18171,-137,FALSE
2024-07-02T01:30:00Z,17790,-381,FALSE
2024-07-02T02:00:00Z,17438,-352,FALSE
2024-07-02T02:30:00Z,16990,-448,FALSE
2024-07-02T03:00:00Z,17015,25,FALSE
2024-07-02T03:30:00Z,16866,-149,FALSE
2024-07-02T04:00:00Z,16661,-205,FALSE
2024-07-02T04:30:00Z,16498,-163,FALSE
2024-07-02T05:00:00Z,16879,381,FALSE
2024-07-02T05:30:00Z,17467,588,FALSE
2024-07-02T06:00:00Z,19072,1605,TRUE
2024-07-02T06:30:00Z,20360,1288,FALSE
2024-07-02T07:00:00Z,21868,1508,TRUE
2024-07-02T07:30:00Z,22558,690,FALSE
2024-07-02T08:00:00Z,23392,834,FALSE
2024-07-02T08:30:00Z,24028,636,FALSE
2024-07-02T09:00:00Z,24125,97,FALSE
2024-07-02T09:30:00Z,24263,138,FALSE
2024-07-02T10:00:00Z,23976,-287,FALSE
2024-07-02T10:30:00Z,23703,-273,FALSE
2024-07-02T11:00:00Z,23441,-262,FALSE
2024-07-02T11:30:00Z,23469,28,FALSE
2024-07-02T12:00:00Z,23414,-55,FALSE
2024-07-02T12:30:00Z,23239,-175,FALSE
2024-07-02T13:00:00Z,22875,-364,FALSE
2024-07-02T13:30:00Z,22388,-487,FALSE
2024-07-02T14:00:00Z,21957,-431,FALSE
2024-07-02T14:30:00Z,22135,178,FALSE
2024-07-02T15:00:00Z,22075,-60,FALSE
2024-07-02T15:30:00Z,22279,204,FALSE
2024-07-02T16:00:00Z,22642,363,FALSE
2024-07-02T16:30:00Z,23271,629,FALSE
2024-07-02T17:00:00Z,23730,459,FALSE
2024-07-02T17:30:00Z,24126,396,FALSE
2024-07-02T18:00:00Z,24558,432,FALSE
2024-07-02T18:30:00Z,24620,62,FALSE
2024-07-02T19:00:00Z,25081,461,FALSE
2024-07-02T19:30:00Z,25323,242,FALSE
2024-07-02T20:00:00Z,25065,-258,FALSE
2024-07-02T20:30:00Z,25184,119,FALSE
2024-07-02T21:00:00Z,24978,-206,FALSE
2024-07-02T21:30:00Z,24439,-539,FALSE
2024-07-02T22:00:00Z,23527,-912,FALSE
2024-07-02T22:30:00Z,22330,-1197,FALSE
2024-07-02T23:00:00Z,20892,-1438,TRUE
2024-07-02T23:30:00Z,19665,-1227,FALSE
2024-07-03T00:00:00Z,19115,-550,FALSE
2024-07-03T00:30:00Z,18785,-330,FALSE
2024-07-03T01:00:00Z,18423,-362,FALSE
2024-07-03T01:30:00Z,18357,-66,FALSE
2024-07-03T02:00:00Z,17971,-386,FALSE
2024-07-03T02:30:00Z,17814,-157,FALSE
2024-07-03T03:00:00Z,17642,-172,FALSE
2024-07-03T03:30:00Z,17601,-41,FALSE
2024-07-03T04:00:00Z,17431,-170,FALSE
2024-07-03T04:30:00Z,17183,-248,FALSE
2024-07-03T05:00:00Z,17308,125,FALSE
2024-07-03T05:30:00Z,17891,583,FALSE
2024-07-03T06:00:00Z,19424,1533,TRUE
2024-07-03T06:30:00Z,20770,1346,FALSE
2024-07-03T07:00:00Z,22509,1739,TRUE
2024-07-03T07:30:00Z,23243,734,FALSE
2024-07-03T08:00:00Z,24056,813,FALSE
2024-07-03T08:30:00Z,24126,70,FALSE
2024-07-03T09:00:00Z,24702,576,FALSE
2024-07-03T09:30:00Z,24458,-244,FALSE
2024-07-03T10:00:00Z,24012,-446,FALSE
2024-07-03T10:30:00Z,24237,225,FALSE
2024-07-03T11:00:00Z,24022,-215,FALSE
2024-07-03T11:30:00Z,23817,-205,FALSE
2024-07-03T12:00:00Z,23743,-74,FALSE
2024-07-03T12:30:00Z,23698,-45,FALSE
2024-07-03T13:00:00Z,23554,-144,FALSE
2024-07-03T13:30:00Z,23396,-158,FALSE
2024-07-03T14:00:00Z,23409,13,FALSE
2024-07-03T14:30:00Z,23348,-61,FALSE
2024-07-03T15:00:00Z,23452,104,FALSE
2024-07-03T15:30:00Z,24089,637,FALSE
2024-07-03T16:00:00Z,24041,-48,FALSE
2024-07-03T16:30:00Z,24648,607,FALSE
2024-07-03T17:00:00Z,24945,297,FALSE
2024-07-03T17:30:00Z,25224,279,FALSE
2024-07-03T18:00:00Z,25180,-44,FALSE
2024-07-03T18:30:00Z,25374,194,FALSE
2024-07-03T19:00:00Z,25209,-165,FALSE
2024-07-03T19:30:00Z,25228,19,FALSE
2024-07-03T20:00:00Z,25219,-9,FALSE
2024-07-03T20:30:00Z,24833,-386,FALSE
2024-07-03T21:00:00Z,24299,-534,FALSE
2024-07-03T21:30:00Z,23263,-1036,FALSE
2024-07-03T22:00:00Z,22242,-1021,FALSE
2024-07-03T22:30:00Z,21174,-1068,FALSE
2024-07-03T23:00:00Z,19676,-1498,TRUE
2024-07-03T23:30:00Z,18871,-805,FALSE
2024-07-04T00:00:00Z,17861,-1010,FALSE
2024-07-04T00:30:00Z,17408,-453,FALSE
2024-07-04T01:00:00Z,17101,-307,FALSE
2024-07-04T01:30:00Z,16864,-237,FALSE
2024-07-04T02:00:00Z,16608,-256,FALSE
2024-07-04T02:30:00Z,16222,-386,FALSE
2024-07-04T03:00:00Z,16081,-141,FALSE
2024-07-04T03:30:00Z,16196,115,FALSE
2024-07-04T04:00:00Z,15993,-203,FALSE
2024-07-04T04:30:00Z,15722,-271,FALSE
2024-07-04T05:00:00Z,16322,600,FALSE
2024-07-04T05:30:00Z,16815,493,FALSE
2024-07-04T06:00:00Z,18101,1286,FALSE
2024-07-04T06:30:00Z,19317,1216,FALSE
2024-07-04T07:00:00Z,20626,1309,FALSE
2024-07-04T07:30:00Z,20915,289,FALSE
2024-07-04T08:00:00Z,21037,122,FALSE
2024-07-04T08:30:00Z,20484,-553,FALSE
2024-07-04T09:00:00Z,20271,-213,FALSE
2024-07-04T09:30:00Z,19736,-535,FALSE
2024-07-04T10:00:00Z,19428,-308,FALSE
2024-07-04T10:30:00Z,19277,-151,FALSE
2024-07-04T11:00:00Z,18772,-505,FALSE
2024-07-04T11:30:00Z,18546,-226,FALSE
2024-07-04T12:00:00Z,18191,-355,FALSE
2024-07-04T12:30:00Z,18099,-92,FALSE
2024-07-04T13:00:00Z,17807,-292,FALSE
2024-07-04T13:30:00Z,17679,-128,FALSE
2024-07-04T14:00:00Z,17488,-191,FALSE
2024-07-04T14:30:00Z,17388,-100,FALSE
2024-07-04T15:00:00Z,17948,560,FALSE
2024-07-04T15:30:00Z,18384,436,FALSE
2024-07-04T16:00:00Z,19579,1195,FALSE
2024-07-04T16:30:00Z,20264,685,FALSE
2024-07-04T17:00:00Z,21706,1442,TRUE
2024-07-04T17:30:00Z,22352,646,FALSE
2024-07-04T18:00:00Z,23302,950,FALSE
2024-07-04T18:30:00Z,23971,669,FALSE
2024-07-04T19:00:00Z,24283,312,FALSE
2024-07-04T19:30:00Z,24341,58,FALSE
2024-07-04T20:00:00Z,24005,-336,FALSE
2024-07-04T20:30:00Z,24044,39,FALSE
2024-07-04T21:00:00Z,23509,-535,FALSE
2024-07-04T21:30:00Z,23378,-131,FALSE
2024-07-04T22:00:00Z,22409,-969,FALSE
2024-07-04T22:30:00Z,21674,-735,FALSE
2024-07-04T23:00:00Z,19929,-1745,TRUE
2024-07-04T23:30:00Z,19297,-632,FALSE
2024-07-05T00:00:00Z,18153,-1144,FALSE
2024-07-05T00:30:00Z,17938,-215,FALSE
2024-07-05T01:00:00Z,17638,-300,FALSE
2024-07-05T01:30:00Z,17529,-109,FALSE
2024-07-05T02:00:00Z,17270,-259,FALSE
2024-07-05T02:30:00Z,16876,-394,FALSE
2024-07-05T03:00:00Z,16836,-40,FALSE
2024-07-05T03:30:00Z,16729,-107,FALSE
2024-07-05T04:00:00Z,16421,-308,FALSE
2024-07-05T04:30:00Z,16316,-105,FALSE
2024-07-05T05:00:00Z,16687,371,FALSE
2024-07-05T05:30:00Z,17028,341,FALSE
2024-07-05T06:00:00Z,19038,2010,TRUE
2024-07-05T06:30:00Z,20000,962,FALSE
2024-07-05T07:00:00Z,22437,2437,TRUE
2024-07-05T07:30:00Z,23303,866,FALSE
2024-07-05T08:00:00Z,24136,833,FALSE
2024-07-05T08:30:00Z,24007,-129,FALSE
2024-07-05T09:00:00Z,23969,-38,FALSE
2024-07-05T09:30:00Z,23591,-378,FALSE
2024-07-05T10:00:00Z,23186,-405,FALSE
2024-07-05T10:30:00Z,22749,-437,FALSE
2024-07-05T11:00:00Z,22381,-368,FALSE
2024-07-05T11:30:00Z,22020,-361,FALSE
2024-07-05T12:00:00Z,21793,-227,FALSE
2024-07-05T12:30:00Z,21359,-434,FALSE
2024-07-05T13:00:00Z,20977,-382,FALSE
2024-07-05T13:30:00Z,20739,-238,FALSE
2024-07-05T14:00:00Z,20686,-53,FALSE
2024-07-05T14:30:00Z,20955,269,FALSE
2024-07-05T15:00:00Z,21199,244,FALSE
2024-07-05T15:30:00Z,21899,700,FALSE
2024-07-05T16:00:00Z,22877,978,FALSE
2024-07-05T16:30:00Z,23836,959,FALSE
2024-07-05T17:00:00Z,24828,992,FALSE
2024-07-05T17:30:00Z,25491,663,FALSE
2024-07-05T18:00:00Z,25762,271,FALSE
2024-07-05T18:30:00Z,26255,493,FALSE
2024-07-05T19:00:00Z,26007,-248,FALSE
2024-07-05T19:30:00Z,25575,-432,FALSE
2024-07-05T20:00:00Z,25452,-123,FALSE
2024-07-05T20:30:00Z,24732,-720,FALSE
2024-07-05T21:00:00Z,24141,-591,FALSE
2024-07-05T21:30:00Z,23334,-807,FALSE
2024-07-05T22:00:00Z,23009,-325,FALSE
2024-07-05T22:30:00Z,22216,-793,FALSE
2024-07-05T23:00:00Z,20804,-1412,TRUE
2024-07-05T23:30:00Z,19873,-931,FALSE
2024-07-06T00:00:00Z,19005,-868,FALSE
2024-07-06T00:30:00Z,18593,-412,FALSE
2024-07-06T01:00:00Z,18192,-401,FALSE
2024-07-06T01:30:00Z,17912,-280,FALSE
2024-07-06T02:00:00Z,17600,-312,FALSE
2024-07-06T02:30:00Z,17192,-408,FALSE
2024-07-06T03:00:00Z,16862,-330,FALSE
2024-07-06T03:30:00Z,16559,-303,FALSE
2024-07-06T04:00:00Z,16402,-157,FALSE
2024-07-06T04:30:00Z,16118,-284,FALSE
2024-07-06T05:00:00Z,15987,-131,FALSE
2024-07-06T05:30:00Z,16000,13,FALSE
2024-07-06T06:00:00Z,16489,489,FALSE
2024-07-06T06:30:00Z,16765,276,FALSE
2024-07-06T07:00:00Z,17599,834,FALSE
2024-07-06T07:30:00Z,18139,540,FALSE
2024-07-06T08:00:00Z,18955,816,FALSE
2024-07-06T08:30:00Z,19371,416,FALSE
2024-07-06T09:00:00Z,19813,442,FALSE
2024-07-06T09:30:00Z,19819,6,FALSE
2024-07-06T10:00:00Z,19745,-74,FALSE
2024-07-06T10:30:00Z,19667,-78,FALSE
2024-07-06T11:00:00Z,19280,-387,FALSE
2024-07-06T11:30:00Z,19014,-266,FALSE
2024-07-06T12:00:00Z,18965,-49,FALSE
2024-07-06T12:30:00Z,18366,-599,FALSE
2024-07-06T13:00:00Z,17747,-619,FALSE
2024-07-06T13:30:00Z,17332,-415,FALSE
2024-07-06T14:00:00Z,16337,-995,FALSE
2024-07-06T14:30:00Z,16059,-278,FALSE
2024-07-06T15:00:00Z,15894,-165,FALSE
2024-07-06T15:30:00Z,15833,-61,FALSE
2024-07-06T16:00:00Z,16450,617,FALSE
2024-07-06T16:30:00Z,17082,632,FALSE
2024-07-06T17:00:00Z,17970,888,FALSE
2024-07-06T17:30:00Z,18966,996,FALSE
2024-07-06T18:00:00Z,19405,439,FALSE
2024-07-06T18:30:00Z,19764,359,FALSE
2024-07-06T19:00:00Z,20603,839,FALSE
2024-07-06T19:30:00Z,20965,362,FALSE
2024-07-06T20:00:00Z,21671,706,FALSE
2024-07-06T20:30:00Z,21590,-81,FALSE
2024-07-06T21:00:00Z,21562,-28,FALSE
2024-07-06T21:30:00Z,21258,-304,FALSE
2024-07-06T22:00:00Z,20797,-461,FALSE
2024-07-06T22:30:00Z,20275,-522,FALSE
2024-07-06T23:00:00Z,19084,-1191,FALSE
2024-07-06T23:30:00Z,18525,-559,FALSE
2024-07-07T00:00:00Z,17993,-532,FALSE
2024-07-07T00:30:00Z,17482,-511,FALSE
2024-07-07T01:00:00Z,17135,-347,FALSE
2024-07-07T01:30:00Z,16789,-346,FALSE
2024-07-07T02:00:00Z,16486,-303,FALSE
2024-07-07T02:30:00Z,16045,-441,FALSE
2024-07-07T03:00:00Z,15861,-184,FALSE
2024-07-07T03:30:00Z,15721,-140,FALSE
2024-07-07T04:00:00Z,15593,-128,FALSE
2024-07-07T04:30:00Z,15276,-317,FALSE
2024-07-07T05:00:00Z,15235,-41,FALSE
2024-07-07T05:30:00Z,15140,-95,FALSE
2024-07-07T06:00:00Z,15281,141,FALSE
2024-07-07T06:30:00Z,15411,130,FALSE
2024-07-07T07:00:00Z,15727,316,FALSE
2024-07-07T07:30:00Z,16074,347,FALSE
2024-07-07T08:00:00Z,16813,739,FALSE
2024-07-07T08:30:00Z,17439,626,FALSE
2024-07-07T09:00:00Z,17963,524,FALSE
2024-07-07T09:30:00Z,18132,169,FALSE
2024-07-07T10:00:00Z,18399,267,FALSE
2024-07-07T10:30:00Z,18193,-206,FALSE
2024-07-07T11:00:00Z,18269,76,FALSE
2024-07-07T11:30:00Z,18472,203,FALSE
2024-07-07T12:00:00Z,18486,14,FALSE
2024-07-07T12:30:00Z,18602,116,FALSE
2024-07-07T13:00:00Z,18189,-413,FALSE
2024-07-07T13:30:00Z,18004,-185,FALSE
2024-07-07T14:00:00Z,17762,-242,FALSE
2024-07-07T14:30:00Z,17767,5,FALSE
2024-07-07T15:00:00Z,17804,37,FALSE
2024-07-07T15:30:00Z,17914,110,FALSE
2024-07-07T16:00:00Z,18533,619,FALSE
2024-07-07T16:30:00Z,19457,924,FALSE
2024-07-07T17:00:00Z,20581,1124,FALSE
2024-07-07T17:30:00Z,21189,608,FALSE
2024-07-07T18:00:00Z,22293,1104,FALSE
2024-07-07T18:30:00Z,22763,470,FALSE
2024-07-07T19:00:00Z,22973,210,FALSE
2024-07-07T19:30:00Z,23380,407,FALSE
2024-07-07T20:00:00Z,23427,47,FALSE
2024-07-07T20:30:00Z,22894,-533,FALSE
2024-07-07T21:00:00Z,22622,-272,FALSE
2024-07-07T21:30:00Z,22494,-128,FALSE
2024-07-07T22:00:00Z,22096,-398,FALSE
2024-07-07T22:30:00Z,21229,-867,FALSE
2024-07-07T23:00:00Z,19947,-1282,FALSE
2024-07-07T23:30:00Z,19092,-855,FALSE
2024-07-08T00:00:00Z,18421,-671,FALSE
2024-07-08T00:30:00Z,17940,-481,FALSE
2024-07-08T01:00:00Z,17563,-377,FALSE
2024-07-08T01:30:00Z,17551,-12,FALSE
2024-07-08T02:00:00Z,17294,-257,FALSE
2024-07-08T02:30:00Z,17088,-206,FALSE
2024-07-08T03:00:00Z,16710,-378,FALSE
2024-07-08T03:30:00Z,16562,-148,FALSE
2024-07-08T04:00:00Z,16301,-261,FALSE
2024-07-08T04:30:00Z,16248,-53,FALSE
2024-07-08T05:00:00Z,16552,304,FALSE
2024-07-08T05:30:00Z,17252,700,FALSE
2024-07-08T06:00:00Z,18913,1661,TRUE
2024-07-08T06:30:00Z,20258,1345,FALSE
2024-07-08T07:00:00Z,21994,1736,TRUE
2024-07-08T07:30:00Z,22513,519,FALSE
2024-07-08T08:00:00Z,23113,600,FALSE
2024-07-08T08:30:00Z,22746,-367,FALSE
2024-07-08T09:00:00Z,22829,83,FALSE
2024-07-08T09:30:00Z,22551,-278,FALSE
2024-07-08T10:00:00Z,22366,-185,FALSE
2024-07-08T10:30:00Z,22605,239,FALSE
2024-07-08T11:00:00Z,22797,192,FALSE
2024-07-08T11:30:00Z,22885,88,FALSE
2024-07-08T12:00:00Z,23093,208,FALSE
2024-07-08T12:30:00Z,23205,112,FALSE
2024-07-08T13:00:00Z,22939,-266,FALSE
2024-07-08T13:30:00Z,22902,-37,FALSE
2024-07-08T14:00:00Z,22953,51,FALSE
2024-07-08T14:30:00Z,22935,-18,FALSE
2024-07-08T15:00:00Z,23003,68,FALSE
2024-07-08T15:30:00Z,23791,788,FALSE
2024-07-08T16:00:00Z,24531,740,FALSE
2024-07-08T16:30:00Z,25059,528,FALSE
2024-07-08T17:00:00Z,25550,491,FALSE
2024-07-08T17:30:00Z,26073,523,FALSE
2024-07-08T18:00:00Z,25993,-80,FALSE
2024-07-08T18:30:00Z,26207,214,FALSE
2024-07-08T19:00:00Z,26026,-181,FALSE
2024-07-08T19:30:00Z,25792,-234,FALSE
2024-07-08T20:00:00Z,25464,-328,FALSE
2024-07-08T20:30:00Z,24973,-491,FALSE
2024-07-08T21:00:00Z,24155,-818,FALSE
2024-07-08T21:30:00Z,23351,-804,FALSE
2024-07-08T22:00:00Z,22766,-585,FALSE
2024-07-08T22:30:00Z,21377,-1389,TRUE
2024-07-08T23:00:00Z,20178,-1199,FALSE
2024-07-08T23:30:00Z,19034,-1144,FALSE
2024-07-09T00:00:00Z,18519,-515,FALSE
2024-07-09T00:30:00Z,18203,-316,FALSE
2024-07-09T01:00:00Z,17764,-439,FALSE
2024-07-09T01:30:00Z,17443,-321,FALSE
2024-07-09T02:00:00Z,17110,-333,FALSE
2024-07-09T02:30:00Z,16748,-362,FALSE
2024-07-09T03:00:00Z,16621,-127,FALSE
2024-07-09T03:30:00Z,16273,-348,FALSE
2024-07-09T04:00:00Z,16210,-63,FALSE
2024-07-09T04:30:00Z,16286,76,FALSE
2024-07-09T05:00:00Z,16405,119,FALSE
2024-07-09T05:30:00Z,17189,784,FALSE
2024-07-09T06:00:00Z,18755,1566,TRUE
2024-07-09T06:30:00Z,20250,1495,TRUE
2024-07-09T07:00:00Z,22519,2269,TRUE
2024-07-09T07:30:00Z,23629,1110,FALSE
2024-07-09T08:00:00Z,24981,1352,FALSE
2024-07-09T08:30:00Z,25405,424,FALSE
2024-07-09T09:00:00Z,25683,278,FALSE
2024-07-09T09:30:00Z,25450,-233,FALSE
2024-07-09T10:00:00Z,25508,58,FALSE
2024-07-09T10:30:00Z,25930,422,FALSE
2024-07-09T11:00:00Z,26234,304,FALSE
2024-07-09T11:30:00Z,26241,7,FALSE
2024-07-09T12:00:00Z,26425,184,FALSE
2024-07-09T12:30:00Z,26259,-166,FALSE
2024-07-09T13:00:00Z,26059,-200,FALSE
2024-07-09T13:30:00Z,25857,-202,FALSE
2024-07-09T14:00:00Z,25722,-135,FALSE
2024-07-09T14:30:00Z,25479,-243,FALSE
2024-07-09T15:00:00Z,25437,-42,FALSE
2024-07-09T15:30:00Z,25816,379,FALSE
2024-07-09T16:00:00Z,26084,268,FALSE
2024-07-09T16:30:00Z,26425,341,FALSE
2024-07-09T17:00:00Z,26997,572,FALSE
2024-07-09T17:30:00Z,27378,381,FALSE
2024-07-09T18:00:00Z,27571,193,FALSE
2024-07-09T18:30:00Z,27423,-148,FALSE
2024-07-09T19:00:00Z,27167,-256,FALSE
2024-07-09T19:30:00Z,26985,-182,FALSE
2024-07-09T20:00:00Z,26339,-646,FALSE
2024-07-09T20:30:00Z,25777,-562,FALSE
2024-07-09T21:00:00Z,24945,-832,FALSE
2024-07-09T21:30:00Z,24520,-425,FALSE
2024-07-09T22:00:00Z,24010,-510,FALSE
2024-07-09T22:30:00Z,22632,-1378,FALSE
2024-07-09T23:00:00Z,21229,-1403,TRUE
2024-07-09T23:30:00Z,20070,-1159,FALSE
2024-07-10T00:00:00Z,19500,-570,FALSE
2024-07-10T00:30:00Z,19134,-366,FALSE
2024-07-10T01:00:00Z,18831,-303,FALSE
2024-07-10T01:30:00Z,18604,-227,FALSE
2024-07-10T02:00:00Z,18229,-375,FALSE
2024-07-10T02:30:00Z,17953,-276,FALSE
2024-07-10T03:00:00Z,17858,-95,FALSE
2024-07-10T03:30:00Z,17517,-341,FALSE
2024-07-10T04:00:00Z,17233,-284,FALSE
2024-07-10T04:30:00Z,17191,-42,FALSE
2024-07-10T05:00:00Z,17443,252,FALSE
2024-07-10T05:30:00Z,18033,590,FALSE
2024-07-10T06:00:00Z,19819,1786,TRUE
2024-07-10T06:30:00Z,21132,1313,FALSE
2024-07-10T07:00:00Z,23125,1993,TRUE
2024-07-10T07:30:00Z,23866,741,FALSE
2024-07-10T08:00:00Z,24491,625,FALSE
2024-07-10T08:30:00Z,24359,-132,FALSE
2024-07-10T09:00:00Z,24267,-92,FALSE
2024-07-10T09:30:00Z,24063,-204,FALSE
2024-07-10T10:00:00Z,23586,-477,FALSE
2024-07-10T10:30:00Z,23700,114,FALSE
2024-07-10T11:00:00Z,23474,-226,FALSE
2024-07-10T11:30:00Z,23182,-292,FALSE
2024-07-10T12:00:00Z,22991,-191,FALSE
2024-07-10T12:30:00Z,22806,-185,FALSE
2024-07-10T13:00:00Z,22443,-363,FALSE
2024-07-10T13:30:00Z,21674,-769,FALSE
2024-07-10T14:00:00Z,21349,-325,FALSE
2024-07-10T14:30:00Z,21224,-125,FALSE
2024-07-10T15:00:00Z,20922,-302,FALSE
2024-07-10T15:30:00Z,21461,539,FALSE
2024-07-10T16:00:00Z,22061,600,FALSE
2024-07-10T16:30:00Z,22914,853,FALSE
2024-07-10T17:00:00Z,23844,930,FALSE
2024-07-10T17:30:00Z,24509,665,FALSE
2024-07-10T18:00:00Z,24745,236,FALSE
2024-07-10T18:30:00Z,24989,244,FALSE
2024-07-10T19:00:00Z,25321,332,FALSE
2024-07-10T19:30:00Z,25299,-22,FALSE
2024-07-10T20:00:00Z,24401,-898,FALSE
2024-07-10T20:30:00Z,23900,-501,FALSE
2024-07-10T21:00:00Z,23310,-590,FALSE
2024-07-10T21:30:00Z,22680,-630,FALSE
2024-07-10T22:00:00Z,22697,17,FALSE
2024-07-10T22:30:00Z,21780,-917,FALSE
2024-07-10T23:00:00Z,20723,-1057,FALSE
2024-07-10T23:30:00Z,19376,-1347,FALSE
2024-07-11T00:00:00Z,19069,-307,FALSE
2024-07-11T00:30:00Z,18951,-118,FALSE
2024-07-11T01:00:00Z,18518,-433,FALSE
2024-07-11T01:30:00Z,18151,-367,FALSE
2024-07-11T02:00:00Z,17815,-336,FALSE
2024-07-11T02:30:00Z,17561,-254,FALSE
2024-07-11T03:00:00Z,17389,-172,FALSE
2024-07-11T03:30:00Z,17079,-310,FALSE
2024-07-11T04:00:00Z,17172,93,FALSE
2024-07-11T04:30:00Z,17026,-146,FALSE
2024-07-11T05:00:00Z,17282,256,FALSE
2024-07-11T05:30:00Z,17885,603,FALSE
2024-07-11T06:00:00Z,19258,1373,FALSE
2024-07-11T06:30:00Z,20446,1188,FALSE
2024-07-11T07:00:00Z,22119,1673,TRUE
2024-07-11T07:30:00Z,23046,927,FALSE
2024-07-11T08:00:00Z,23965,919,FALSE
2024-07-11T08:30:00Z,23895,-70,FALSE
2024-07-11T09:00:00Z,24069,174,FALSE
2024-07-11T09:30:00Z,23824,-245,FALSE
2024-07-11T10:00:00Z,23387,-437,FALSE
2024-07-11T10:30:00Z,23289,-98,FALSE
2024-07-11T11:00:00Z,23077,-212,FALSE
2024-07-11T11:30:00Z,23177,100,FALSE
2024-07-11T12:00:00Z,23342,165,FALSE
2024-07-11T12:30:00Z,23282,-60,FALSE
2024-07-11T13:00:00Z,23030,-252,FALSE
2024-07-11T13:30:00Z,22941,-89,FALSE
2024-07-11T14:00:00Z,22959,18,FALSE
2024-07-11T14:30:00Z,22748,-211,FALSE
2024-07-11T15:00:00Z,22706,-42,FALSE
2024-07-11T15:30:00Z,23114,408,FALSE
2024-07-11T16:00:00Z,23516,402,FALSE
2024-07-11T16:30:00Z,24168,652,FALSE
2024-07-11T17:00:00Z,24657,489,FALSE
2024-07-11T17:30:00Z,25131,474,FALSE
2024-07-11T18:00:00Z,25261,130,FALSE
2024-07-11T18:30:00Z,25681,420,FALSE
2024-07-11T19:00:00Z,25614,-67,FALSE
2024-07-11T19:30:00Z,25515,-99,FALSE
2024-07-11T20:00:00Z,25121,-394,FALSE
2024-07-11T20:30:00Z,24863,-258,FALSE
2024-07-11T21:00:00Z,24471,-392,FALSE
2024-07-11T21:30:00Z,23837,-634,FALSE
2024-07-11T22:00:00Z,23351,-486,FALSE
2024-07-11T22:30:00Z,22300,-1051,FALSE
2024-07-11T23:00:00Z,20913,-1387,TRUE
2024-07-11T23:30:00Z,19736,-1177,FALSE
2024-07-12T00:00:00Z,19121,-615,FALSE
2024-07-12T00:30:00Z,18743,-378,FALSE
2024-07-12T01:00:00Z,18516,-227,FALSE
2024-07-12T01:30:00Z,18485,-31,FALSE
2024-07-12T02:00:00Z,18082,-403,FALSE
2024-07-12T02:30:00Z,17747,-335,FALSE
2024-07-12T03:00:00Z,17453,-294,FALSE
2024-07-12T03:30:00Z,17315,-138,FALSE
2024-07-12T04:00:00Z,17225,-90,FALSE
2024-07-12T04:30:00Z,17170,-55,FALSE
2024-07-12T05:00:00Z,17353,183,FALSE
2024-07-12T05:30:00Z,17809,456,FALSE
2024-07-12T06:00:00Z,19289,1480,TRUE
2024-07-12T06:30:00Z,20672,1383,TRUE
2024-07-12T07:00:00Z,22449,1777,TRUE
2024-07-12T07:30:00Z,23339,890,FALSE
2024-07-12T08:00:00Z,23726,387,FALSE
2024-07-12T08:30:00Z,23886,160,FALSE
2024-07-12T09:00:00Z,24392,506,FALSE
2024-07-12T09:30:00Z,24148,-244,FALSE
2024-07-12T10:00:00Z,23705,-443,FALSE
2024-07-12T10:30:00Z,23326,-379,FALSE
2024-07-12T11:00:00Z,23084,-242,FALSE
2024-07-12T11:30:00Z,22899,-185,FALSE
2024-07-12T12:00:00Z,22762,-137,FALSE
2024-07-12T12:30:00Z,22590,-172,FALSE
2024-07-12T13:00:00Z,22439,-151,FALSE
2024-07-12T13:30:00Z,22268,-171,FALSE
2024-07-12T14:00:00Z,22287,19,FALSE
2024-07-12T14:30:00Z,22363,76,FALSE
2024-07-12T15:00:00Z,22631,268,FALSE
2024-07-12T15:30:00Z,23313,682,FALSE
2024-07-12T16:00:00Z,23593,280,FALSE
2024-07-12T16:30:00Z,24186,593,FALSE
2024-07-12T17:00:00Z,24743,557,FALSE
2024-07-12T17:30:00Z,25121,378,FALSE
2024-07-12T18:00:00Z,25222,101,FALSE
2024-07-12T18:30:00Z,25174,-48,FALSE
2024-07-12T19:00:00Z,25335,161,FALSE
2024-07-12T19:30:00Z,25619,284,FALSE
2024-07-12T20:00:00Z,25245,-374,FALSE
2024-07-12T20:30:00Z,24806,-439,FALSE
2024-07-12T21:00:00Z,24269,-537,FALSE
2024-07-12T21:30:00Z,23899,-370,FALSE
2024-07-12T22:00:00Z,23038,-861,FALSE
2024-07-12T22:30:00Z,21669,-1369,FALSE
2024-07-12T23:00:00Z,20745,-924,FALSE
2024-07-12T23:30:00Z,19750,-995,FALSE
2024-07-13T00:00:00Z,19107,-643,FALSE
2024-07-13T00:30:00Z,18505,-602,FALSE
2024-07-13T01:00:00Z,18105,-400,FALSE
2024-07-13T01:30:00Z,17919,-186,FALSE
2024-07-13T02:00:00Z,17451,-468,FALSE
2024-07-13T02:30:00Z,17113,-338,FALSE
2024-07-13T03:00:00Z,16881,-232,FALSE
2024-07-13T03:30:00Z,16668,-213,FALSE
2024-07-13T04:00:00Z,16492,-176,FALSE
2024-07-13T04:30:00Z,16345,-147,FALSE
2024-07-13T05:00:00Z,16095,-250,FALSE
2024-07-13T05:30:00Z,16017,-78,FALSE
2024-07-13T06:00:00Z,16693,676,FALSE
2024-07-13T06:30:00Z,16859,166,FALSE
2024-07-13T07:00:00Z,17736,877,FALSE
2024-07-13T07:30:00Z,18255,519,FALSE
2024-07-13T08:00:00Z,18802,547,FALSE
2024-07-13T08:30:00Z,19439,637,FALSE
2024-07-13T09:00:00Z,19874,435,FALSE
2024-07-13T09:30:00Z,20020,146,FALSE
2024-07-13T10:00:00Z,20074,54,FALSE
2024-07-13T10:30:00Z,19827,-247,FALSE
2024-07-13T11:00:00Z,19818,-9,FALSE
2024-07-13T11:30:00Z,19913,95,FALSE
2024-07-13T12:00:00Z,19831,-82,FALSE
2024-07-13T12:30:00Z,19602,-229,FALSE
2024-07-13T13:00:00Z,19224,-378,FALSE
2024-07-13T13:30:00Z,18728,-496,FALSE
2024-07-13T14:00:00Z,18478,-250,FALSE
2024-07-13T14:30:00Z,18252,-226,FALSE
2024-07-13T15:00:00Z,18476,224,FALSE
2024-07-13T15:30:00Z,18952,476,FALSE
2024-07-13T16:00:00Z,19734,782,FALSE
2024-07-13T16:30:00Z,20657,923,FALSE
2024-07-13T17:00:00Z,21530,873,FALSE
2024-07-13T17:30:00Z,22301,771,FALSE
2024-07-13T18:00:00Z,23177,876,FALSE
2024-07-13T18:30:00Z,23428,251,FALSE
2024-07-13T19:00:00Z,23280,-148,FALSE
2024-07-13T19:30:00Z,23401,121,FALSE
2024-07-13T20:00:00Z,23532,131,FALSE
2024-07-13T20:30:00Z,23300,-232,FALSE
2024-07-13T21:00:00Z,22565,-735,FALSE
2024-07-13T21:30:00Z,22588,23,FALSE
2024-07-13T22:00:00Z,21814,-774,FALSE
2024-07-13T22:30:00Z,20755,-1059,FALSE
2024-07-13T23:00:00Z,19722,-1033,FALSE
2024-07-13T23:30:00Z,18927,-795,FALSE
2024-07-14T00:00:00Z,18195,-732,FALSE
2024-07-14T00:30:00Z,17894,-301,FALSE
2024-07-14T01:00:00Z,17363,-531,FALSE
2024-07-14T01:30:00Z,17040,-323,FALSE
2024-07-14T02:00:00Z,16609,-431,FALSE
2024-07-14T02:30:00Z,16114,-495,FALSE
2024-07-14T03:00:00Z,15710,-404,FALSE
2024-07-14T03:30:00Z,15651,-59,FALSE
2024-07-14T04:00:00Z,15493,-158,FALSE
2024-07-14T04:30:00Z,15347,-146,FALSE
2024-07-14T05:00:00Z,15055,-292,FALSE
2024-07-14T05:30:00Z,14874,-181,FALSE
2024-07-14T06:00:00Z,15588,714,FALSE
2024-07-14T06:30:00Z,15612,24,FALSE
2024-07-14T07:00:00Z,15819,207,FALSE
2024-07-14T07:30:00Z,15934,115,FALSE
2024-07-14T08:00:00Z,16271,337,FALSE
2024-07-14T08:30:00Z,16618,347,FALSE
2024-07-14T09:00:00Z,17323,705,FALSE
2024-07-14T09:30:00Z,17692,369,FALSE
2024-07-14T10:00:00Z,18089,397,FALSE
2024-07-14T10:30:00Z,18354,265,FALSE
2024-07-14T11:00:00Z,18915,561,FALSE
2024-07-14T11:30:00Z,19043,128,FALSE
2024-07-14T12:00:00Z,19474,431,FALSE
2024-07-14T12:30:00Z,19766,292,FALSE
2024-07-14T13:00:00Z,20004,238,FALSE
2024-07-14T13:30:00Z,19904,-100,FALSE
2024-07-14T14:00:00Z,19692,-212,FALSE
2024-07-14T14:30:00Z,19458,-234,FALSE
2024-07-14T15:00:00Z,19643,185,FALSE
2024-07-14T15:30:00Z,20049,406,FALSE
2024-07-14T16:00:00Z,20543,494,FALSE
2024-07-14T16:30:00Z,21340,797,FALSE
2024-07-14T17:00:00Z,22434,1094,FALSE
2024-07-14T17:30:00Z,23117,683,FALSE
2024-07-14T18:00:00Z,23593,476,FALSE
2024-07-14T18:30:00Z,23830,237,FALSE
2024-07-14T19:00:00Z,23951,121,FALSE
2024-07-14T19:30:00Z,23716,-235,FALSE
2024-07-14T20:00:00Z,22801,-915,FALSE
2024-07-14T20:30:00Z,22539,-262,FALSE
2024-07-14T21:00:00Z,22245,-294,FALSE
2024-07-14T21:30:00Z,21701,-544,FALSE
2024-07-14T22:00:00Z,21968,267,FALSE
2024-07-14T22:30:00Z,21422,-546,FALSE
2024-07-14T23:00:00Z,20122,-1300,FALSE
2024-07-14T23:30:00Z,19113,-1009,FALSE
2024-07-15T00:00:00Z,18715,-398,FALSE
2024-07-15T00:30:00Z,18127,-588,FALSE
2024-07-15T01:00:00Z,17542,-585,FALSE
2024-07-15T01:30:00Z,17645,103,FALSE
2024-07-15T02:00:00Z,17502,-143,FALSE
2024-07-15T02:30:00Z,17098,-404,FALSE
2024-07-15T03:00:00Z,16930,-168,FALSE
2024-07-15T03:30:00Z,16983,53,FALSE
2024-07-15T04:00:00Z,16872,-111,FALSE
2024-07-15T04:30:00Z,16674,-198,FALSE
2024-07-15T05:00:00Z,16821,147,FALSE
2024-07-15T05:30:00Z,17186,365,FALSE
2024-07-15T06:00:00Z,18793,1607,TRUE
2024-07-15T06:30:00Z,20074,1281,FALSE
2024-07-15T07:00:00Z,21912,1838,TRUE
2024-07-15T07:30:00Z,22730,818,FALSE
2024-07-15T08:00:00Z,23510,780,FALSE
2024-07-15T08:30:00Z,23771,261,FALSE
2024-07-15T09:00:00Z,23844,73,FALSE
2024-07-15T09:30:00Z,23973,129,FALSE
2024-07-15T10:00:00Z,23931,-42,FALSE
2024-07-15T10:30:00Z,23861,-70,FALSE
2024-07-15T11:00:00Z,24017,156,FALSE
2024-07-15T11:30:00Z,24188,171,FALSE
2024-07-15T12:00:00Z,24490,302,FALSE
2024-07-15T12:30:00Z,24827,337,FALSE
2024-07-15T13:00:00Z,24916,89,FALSE
2024-07-15T13:30:00Z,24870,-46,FALSE
2024-07-15T14:00:00Z,25337,467,FALSE
2024-07-15T14:30:00Z,25190,-147,FALSE
2024-07-15T15:00:00Z,25376,186,FALSE
2024-07-15T15:30:00Z,25967,591,FALSE
2024-07-15T16:00:00Z,26219,252,FALSE
2024-07-15T16:30:00Z,27106,887,FALSE
2024-07-15T17:00:00Z,27330,224,FALSE
2024-07-15T17:30:00Z,27468,138,FALSE
2024-07-15T18:00:00Z,27587,119,FALSE
2024-07-15T18:30:00Z,27274,-313,FALSE
2024-07-15T19:00:00Z,26902,-372,FALSE
2024-07-15T19:30:00Z,26237,-665,FALSE
2024-07-15T20:00:00Z,25586,-651,FALSE
2024-07-15T20:30:00Z,25380,-206,FALSE
2024-07-15T21:00:00Z,25409,29,FALSE
2024-07-15T21:30:00Z,24804,-605,FALSE
2024-07-15T22:00:00Z,23749,-1055,FALSE
2024-07-15T22:30:00Z,22473,-1276,FALSE
2024-07-15T23:00:00Z,20985,-1488,TRUE
2024-07-15T23:30:00Z,20031,-954,FALSE
2024-07-16T00:00:00Z,19521,-510,FALSE
2024-07-16T00:30:00Z,19074,-447,FALSE
2024-07-16T01:00:00Z,18592,-482,FALSE
2024-07-16T01:30:00Z,18394,-198,FALSE
2024-07-16T02:00:00Z,18218,-176,FALSE
2024-07-16T02:30:00Z,17949,-269,FALSE
2024-07-16T03:00:00Z,17941,-8,FALSE
2024-07-16T03:30:00Z,17617,-324,FALSE
2024-07-16T04:00:00Z,17680,63,FALSE
2024-07-16T04:30:00Z,17709,29,FALSE
2024-07-16T05:00:00Z,17535,-174,FALSE
2024-07-16T05:30:00Z,17956,421,FALSE
2024-07-16T06:00:00Z,19420,1464,TRUE
2024-07-16T06:30:00Z,20561,1141,FALSE
2024-07-16T07:00:00Z,22205,1644,TRUE
2024-07-16T07:30:00Z,23214,1009,FALSE
2024-07-16T08:00:00Z,23957,743,FALSE
2024-07-16T08:30:00Z,24344,387,FALSE
2024-07-16T09:00:00Z,24650,306,FALSE
2024-07-16T09:30:00Z,24583,-67,FALSE
2024-07-16T10:00:00Z,24452,-131,FALSE
2024-07-16T10:30:00Z,24390,-62,FALSE
2024-07-16T11:00:00Z,24258,-132,FALSE
2024-07-16T11:30:00Z,24223,-35,FALSE
2024-07-16T12:00:00Z,24201,-22,FALSE
2024-07-16T12:30:00Z,23909,-292,FALSE
2024-07-16T13:00:00Z,23208,-701,FALSE
2024-07-16T13:30:00Z,23123,-85,FALSE
2024-07-16T14:00:00Z,22611,-512,FALSE
2024-07-16T14:30:00Z,22602,-9,FALSE
2024-07-16T15:00:00Z,22873,271,FALSE
2024-07-16T15:30:00Z,23474,601,FALSE
2024-07-16T16:00:00Z,23864,390,FALSE
2024-07-16T16:30:00Z,24602,738,FALSE
2024-07-16T17:00:00Z,25163,561,FALSE
2024-07-16T17:30:00Z,25579,416,FALSE
2024-07-16T18:00:00Z,26018,439,FALSE
2024-07-16T18:30:00Z,26107,89,FALSE
2024-07-16T19:00:00Z,25643,-464,FALSE
2024-07-16T19:30:00Z,25407,-236,FALSE
2024-07-16T20:00:00Z,25337,-70,FALSE
2024-07-16T20:30:00Z,24962,-375,FALSE
2024-07-16T21:00:00Z,24572,-390,FALSE
2024-07-16T21:30:00Z,24089,-483,FALSE
2024-07-16T22:00:00Z,23283,-806,FALSE
2024-07-16T22:30:00Z,22429,-854,FALSE
2024-07-16T23:00:00Z,21247,-1182,FALSE
2024-07-16T23:30:00Z,20320,-927,FALSE
2024-07-17T00:00:00Z,19482,-838,FALSE
2024-07-17T00:30:00Z,19145,-337,FALSE
2024-07-17T01:00:00Z,18806,-339,FALSE
2024-07-17T01:30:00Z,18612,-194,FALSE
2024-07-17T02:00:00Z,18238,-374,FALSE
2024-07-17T02:30:00Z,17988,-250,FALSE
2024-07-17T03:00:00Z,17613,-375,FALSE
2024-07-17T03:30:00Z,17461,-152,FALSE
2024-07-17T04:00:00Z,17238,-223,FALSE
2024-07-17T04:30:00Z,17341,103,FALSE
2024-07-17T05:00:00Z,17376,35,FALSE
2024-07-17T05:30:00Z,18033,657,FALSE
2024-07-17T06:00:00Z,19428,1395,TRUE
2024-07-17T06:30:00Z,20677,1249,FALSE
2024-07-17T07:00:00Z,22037,1360,FALSE
2024-07-17T07:30:00Z,22480,443,FALSE
2024-07-17T08:00:00Z,22803,323,FALSE
2024-07-17T08:30:00Z,22668,-135,FALSE
2024-07-17T09:00:00Z,22423,-245,FALSE
2024-07-17T09:30:00Z,21920,-503,FALSE
2024-07-17T10:00:00Z,21543,-377,FALSE
2024-07-17T10:30:00Z,21233,-310,FALSE
2024-07-17T11:00:00Z,20994,-239,FALSE
2024-07-17T11:30:00Z,20859,-135,FALSE
2024-07-17T12:00:00Z,21001,142,FALSE
2024-07-17T12:30:00Z,21049,48,FALSE
2024-07-17T13:00:00Z,21028,-21,FALSE
2024-07-17T13:30:00Z,20879,-149,FALSE
2024-07-17T14:00:00Z,20891,12,FALSE
2024-07-17T14:30:00Z,21073,182,FALSE
2024-07-17T15:00:00Z,20996,-77,FALSE
2024-07-17T15:30:00Z,21569,573,FALSE
2024-07-17T16:00:00Z,22220,651,FALSE
2024-07-17T16:30:00Z,22958,738,FALSE
2024-07-17T17:00:00Z,24028,1070,FALSE
2024-07-17T17:30:00Z,24904,876,FALSE
2024-07-17T18:00:00Z,25442,538,FALSE
2024-07-17T18:30:00Z,25865,423,FALSE
2024-07-17T19:00:00Z,25875,10,FALSE
2024-07-17T19:30:00Z,25892,17,FALSE
2024-07-17T20:00:00Z,25530,-362,FALSE
2024-07-17T20:30:00Z,25395,-135,FALSE
2024-07-17T21:00:00Z,25106,-289,FALSE
2024-07-17T21:30:00Z,24725,-381,FALSE
2024-07-17T22:00:00Z,23835,-890,FALSE
2024-07-17T22:30:00Z,22882,-953,FALSE
2024-07-17T23:00:00Z,21442,-1440,TRUE
2024-07-17T23:30:00Z,20228,-1214,FALSE
2024-07-18T00:00:00Z,19839,-389,FALSE
2024-07-18T00:30:00Z,19295,-544,FALSE
2024-07-18T01:00:00Z,18922,-373,FALSE
2024-07-18T01:30:00Z,18716,-206,FALSE
2024-07-18T02:00:00Z,18561,-155,FALSE
2024-07-18T02:30:00Z,18303,-258,FALSE
2024-07-18T03:00:00Z,18140,-163,FALSE
2024-07-18T03:30:00Z,17988,-152,FALSE
2024-07-18T04:00:00Z,17466,-522,FALSE
2024-07-18T04:30:00Z,17572,106,FALSE
2024-07-18T05:00:00Z,17607,35,FALSE
2024-07-18T05:30:00Z,18302,695,FALSE
2024-07-18T06:00:00Z,19830,1528,TRUE
2024-07-18T06:30:00Z,21106,1276,FALSE
2024-07-18T07:00:00Z,22783,1677,TRUE
2024-07-18T07:30:00Z,23308,525,FALSE
2024-07-18T08:00:00Z,23315,7,FALSE
2024-07-18T08:30:00Z,22873,-442,FALSE
2024-07-18T09:00:00Z,22727,-146,FALSE
2024-07-18T09:30:00Z,21711,-1016,FALSE
2024-07-18T10:00:00Z,21071,-640,FALSE
2024-07-18T10:30:00Z,20143,-928,FALSE
2024-07-18T11:00:00Z,19802,-341,FALSE
2024-07-18T11:30:00Z,19477,-325,FALSE
2024-07-18T12:00:00Z,19375,-102,FALSE
2024-07-18T12:30:00Z,19424,49,FALSE
2024-07-18T13:00:00Z,19696,272,FALSE
2024-07-18T13:30:00Z,19696,0,FALSE
2024-07-18T14:00:00Z,19714,18,FALSE
2024-07-18T14:30:00Z,19918,204,FALSE
2024-07-18T15:00:00Z,19778,-140,FALSE
2024-07-18T15:30:00Z,20314,536,FALSE
2024-07-18T16:00:00Z,21688,1374,FALSE
2024-07-18T16:30:00Z,22756,1068,FALSE
2024-07-18T17:00:00Z,23353,597,FALSE
2024-07-18T17:30:00Z,24567,1214,FALSE
2024-07-18T18:00:00Z,24952,385,FALSE
2024-07-18T18:30:00Z,25856,904,FALSE
2024-07-18T19:00:00Z,25696,-160,FALSE
2024-07-18T19:30:00Z,25932,236,FALSE
2024-07-18T20:00:00Z,25410,-522,FALSE
2024-07-18T20:30:00Z,25137,-273,FALSE
2024-07-18T21:00:00Z,25214,77,FALSE
2024-07-18T21:30:00Z,25071,-143,FALSE
2024-07-18T22:00:00Z,24221,-850,FALSE
2024-07-18T22:30:00Z,23314,-907,FALSE
2024-07-18T23:00:00Z,22151,-1163,FALSE
2024-07-18T23:30:00Z,21113,-1038,FALSE
2024-07-19T00:00:00Z,20256,-857,FALSE
2024-07-19T00:30:00Z,19772,-484,FALSE
2024-07-19T01:00:00Z,19387,-385,FALSE
2024-07-19T01:30:00Z,18891,-496,FALSE
2024-07-19T02:00:00Z,18481,-410,FALSE
2024-07-19T02:30:00Z,18074,-407,FALSE
2024-07-19T03:00:00Z,18148,74,FALSE
2024-07-19T03:30:00Z,17850,-298,FALSE
2024-07-19T04:00:00Z,17731,-119,FALSE
2024-07-19T04:30:00Z,17621,-110,FALSE
2024-07-19T05:00:00Z,17813,192,FALSE
2024-07-19T05:30:00Z,18278,465,FALSE
2024-07-19T06:00:00Z,19723,1445,TRUE
2024-07-19T06:30:00Z,20741,1018,FALSE
2024-07-19T07:00:00Z,22270,1529,TRUE
2024-07-19T07:30:00Z,22562,292,FALSE
2024-07-19T08:00:00Z,23421,859,FALSE
2024-07-19T08:30:00Z,22796,-625,FALSE
2024-07-19T09:00:00Z,22529,-267,FALSE
2024-07-19T09:30:00Z,22092,-437,FALSE
2024-07-19T10:00:00Z,21294,-798,FALSE
2024-07-19T10:30:00Z,20786,-508,FALSE
2024-07-19T11:00:00Z,20406,-380,FALSE
2024-07-19T11:30:00Z,20024,-382,FALSE
2024-07-19T12:00:00Z,19997,-27,FALSE
2024-07-19T12:30:00Z,19755,-242,FALSE
2024-07-19T13:00:00Z,19361,-394,FALSE
2024-07-19T13:30:00Z,19416,55,FALSE
2024-07-19T14:00:00Z,19607,191,FALSE
2024-07-19T14:30:00Z,19727,120,FALSE
2024-07-19T15:00:00Z,19788,61,FALSE
2024-07-19T15:30:00Z,20456,668,FALSE
2024-07-19T16:00:00Z,20467,11,FALSE
2024-07-19T16:30:00Z,21797,1330,FALSE
2024-07-19T17:00:00Z,22776,979,FALSE
2024-07-19T17:30:00Z,23863,1087,FALSE
2024-07-19T18:00:00Z,24375,512,FALSE
2024-07-19T18:30:00Z,24978,603,FALSE
2024-07-19T19:00:00Z,24977,-1,FALSE
2024-07-19T19:30:00Z,25053,76,FALSE
2024-07-19T20:00:00Z,24804,-249,FALSE
2024-07-19T20:30:00Z,25058,254,FALSE
2024-07-19T21:00:00Z,25041,-17,FALSE
2024-07-19T21:30:00Z,24811,-230,FALSE
2024-07-19T22:00:00Z,24513,-298,FALSE
2024-07-19T22:30:00Z,23332,-1181,FALSE
2024-07-19T23:00:00Z,22350,-982,FALSE
2024-07-19T23:30:00Z,21091,-1259,FALSE
2024-07-20T00:00:00Z,20364,-727,FALSE
2024-07-20T00:30:00Z,20008,-356,FALSE
2024-07-20T01:00:00Z,19554,-454,FALSE
2024-07-20T01:30:00Z,19231,-323,FALSE
2024-07-20T02:00:00Z,18597,-634,FALSE
2024-07-20T02:30:00Z,18180,-417,FALSE
2024-07-20T03:00:00Z,17834,-346,FALSE
2024-07-20T03:30:00Z,17709,-125,FALSE
2024-07-20T04:00:00Z,17513,-196,FALSE
2024-07-20T04:30:00Z,17340,-173,FALSE
2024-07-20T05:00:00Z,17323,-17,FALSE
2024-07-20T05:30:00Z,17343,20,FALSE
2024-07-20T06:00:00Z,17875,532,FALSE
2024-07-20T06:30:00Z,18409,534,FALSE
2024-07-20T07:00:00Z,19069,660,FALSE
2024-07-20T07:30:00Z,19559,490,FALSE
2024-07-20T08:00:00Z,20287,728,FALSE
2024-07-20T08:30:00Z,20885,598,FALSE
2024-07-20T09:00:00Z,21293,408,FALSE
2024-07-20T09:30:00Z,21334,41,FALSE
2024-07-20T10:00:00Z,21272,-62,FALSE
2024-07-20T10:30:00Z,21092,-180,FALSE
2024-07-20T11:00:00Z,21041,-51,FALSE
2024-07-20T11:30:00Z,20874,-167,FALSE
2024-07-20T12:00:00Z,20829,-45,FALSE
2024-07-20T12:30:00Z,20744,-85,FALSE
2024-07-20T13:00:00Z,20558,-186,FALSE
2024-07-20T13:30:00Z,20472,-86,FALSE
2024-07-20T14:00:00Z,20782,310,FALSE
2024-07-20T14:30:00Z,20696,-86,FALSE
2024-07-20T15:00:00Z,20595,-101,FALSE
2024-07-20T15:30:00Z,20901,306,FALSE
2024-07-20T16:00:00Z,21601,700,FALSE
2024-07-20T16:30:00Z,22253,652,FALSE
2024-07-20T17:00:00Z,22874,621,FALSE
2024-07-20T17:30:00Z,23372,498,FALSE
2024-07-20T18:00:00Z,23862,490,FALSE
2024-07-20T18:30:00Z,24113,251,FALSE
2024-07-20T19:00:00Z,23592,-521,FALSE
2024-07-20T19:30:00Z,23762,170,FALSE
2024-07-20T20:00:00Z,23889,127,FALSE
2024-07-20T20:30:00Z,23577,-312,FALSE
2024-07-20T21:00:00Z,23203,-374,FALSE
2024-07-20T21:30:00Z,23182,-21,FALSE
2024-07-20T22:00:00Z,22311,-871,FALSE
2024-07-20T22:30:00Z,21314,-997,FALSE
2024-07-20T23:00:00Z,20528,-786,FALSE
2024-07-20T23:30:00Z,19699,-829,FALSE
2024-07-21T00:00:00Z,18960,-739,FALSE
2024-07-21T00:30:00Z,18434,-526,FALSE
2024-07-21T01:00:00Z,18192,-242,FALSE
2024-07-21T01:30:00Z,17827,-365,FALSE
2024-07-21T02:00:00Z,17334,-493,FALSE
2024-07-21T02:30:00Z,16897,-437,FALSE
2024-07-21T03:00:00Z,16246,-651,FALSE
2024-07-21T03:30:00Z,16177,-69,FALSE
2024-07-21T04:00:00Z,15840,-337,FALSE
2024-07-21T04:30:00Z,15640,-200,FALSE
2024-07-21T05:00:00Z,15350,-290,FALSE
2024-07-21T05:30:00Z,15179,-171,FALSE
2024-07-21T06:00:00Z,15632,453,FALSE
2024-07-21T06:30:00Z,15893,261,FALSE
2024-07-21T07:00:00Z,16241,348,FALSE
2024-07-21T07:30:00Z,16539,298,FALSE
2024-07-21T08:00:00Z,17238,699,FALSE
2024-07-21T08:30:00Z,17315,77,FALSE
2024-07-21T09:00:00Z,17652,337,FALSE
2024-07-21T09:30:00Z,17710,58,FALSE
2024-07-21T10:00:00Z,17789,79,FALSE
2024-07-21T10:30:00Z,17674,-115,FALSE
2024-07-21T11:00:00Z,17955,281,FALSE
2024-07-21T11:30:00Z,17872,-83,FALSE
2024-07-21T12:00:00Z,17913,41,FALSE
2024-07-21T12:30:00Z,17923,10,FALSE
2024-07-21T13:00:00Z,17844,-79,FALSE
2024-07-21T13:30:00Z,17559,-285,FALSE
2024-07-21T14:00:00Z,17184,-375,FALSE
2024-07-21T14:30:00Z,17001,-183,FALSE
2024-07-21T15:00:00Z,17034,33,FALSE
2024-07-21T15:30:00Z,17254,220,FALSE
2024-07-21T16:00:00Z,18468,1214,FALSE
2024-07-21T16:30:00Z,19305,837,FALSE
2024-07-21T17:00:00Z,20044,739,FALSE
2024-07-21T17:30:00Z,20956,912,FALSE
2024-07-21T18:00:00Z,21914,958,FALSE
2024-07-21T18:30:00Z,22664,750,FALSE
2024-07-21T19:00:00Z,22764,100,FALSE
2024-07-21T19:30:00Z,22779,15,FALSE
2024-07-21T20:00:00Z,22948,169,FALSE
2024-07-21T20:30:00Z,22845,-103,FALSE
2024-07-21T21:00:00Z,22617,-228,FALSE
2024-07-21T21:30:00Z,22494,-123,FALSE
2024-07-21T22:00:00Z,21951,-543,FALSE
2024-07-21T22:30:00Z,20883,-1068,FALSE
2024-07-21T23:00:00Z,19787,-1096,FALSE
2024-07-21T23:30:00Z,18833,-954,FALSE
2024-07-22T00:00:00Z,18241,-592,FALSE
2024-07-22T00:30:00Z,17757,-484,FALSE
2024-07-22T01:00:00Z,17396,-361,FALSE
2024-07-22T01:30:00Z,17203,-193,FALSE
2024-07-22T02:00:00Z,16895,-308,FALSE
2024-07-22T02:30:00Z,16886,-9,FALSE
2024-07-22T03:00:00Z,16519,-367,FALSE
2024-07-22T03:30:00Z,16266,-253,FALSE
2024-07-22T04:00:00Z,16264,-2,FALSE
2024-07-22T04:30:00Z,16291,27,FALSE
2024-07-22T05:00:00Z,16451,160,FALSE
2024-07-22T05:30:00Z,16961,510,FALSE
2024-07-22T06:00:00Z,18390,1429,TRUE
2024-07-22T06:30:00Z,19411,1021,FALSE
2024-07-22T07:00:00Z,21240,1829,TRUE
2024-07-22T07:30:00Z,21922,682,FALSE
2024-07-22T08:00:00Z,22950,1028,FALSE
2024-07-22T08:30:00Z,23130,180,FALSE
2024-07-22T09:00:00Z,23595,465,FALSE
2024-07-22T09:30:00Z,23481,-114,FALSE
2024-07-22T10:00:00Z,23196,-285,FALSE
2024-07-22T10:30:00Z,23339,143,FALSE
2024-07-22T11:00:00Z,23280,-59,FALSE
2024-07-22T11:30:00Z,23271,-9,FALSE
2024-07-22T12:00:00Z,23339,68,FALSE
2024-07-22T12:30:00Z,23168,-171,FALSE
2024-07-22T13:00:00Z,22622,-546,FALSE
2024-07-22T13:30:00Z,21874,-748,FALSE
2024-07-22T14:00:00Z,21584,-290,FALSE
2024-07-22T14:30:00Z,21377,-207,FALSE
2024-07-22T15:00:00Z,21252,-125,FALSE
2024-07-22T15:30:00Z,21580,328,FALSE
2024-07-22T16:00:00Z,21619,39,FALSE
2024-07-22T16:30:00Z,22407,788,FALSE
2024-07-22T17:00:00Z,23355,948,FALSE
2024-07-22T17:30:00Z,24164,809,FALSE
2024-07-22T18:00:00Z,25040,876,FALSE
2024-07-22T18:30:00Z,25369,329,FALSE
2024-07-22T19:00:00Z,25027,-342,FALSE
2024-07-22T19:30:00Z,25071,44,FALSE
2024-07-22T20:00:00Z,24643,-428,FALSE
2024-07-22T20:30:00Z,24206,-437,FALSE
2024-07-22T21:00:00Z,24395,189,FALSE
2024-07-22T21:30:00Z,23803,-592,FALSE
2024-07-22T22:00:00Z,22802,-1001,FALSE
2024-07-22T22:30:00Z,21834,-968,FALSE
2024-07-22T23:00:00Z,20915,-919,FALSE
2024-07-22T23:30:00Z,20042,-873,FALSE
2024-07-23T00:00:00Z,19336,-706,FALSE
2024-07-23T00:30:00Z,18925,-411,FALSE
2024-07-23T01:00:00Z,18639,-286,FALSE
2024-07-23T01:30:00Z,18319,-320,FALSE
2024-07-23T02:00:00Z,18066,-253,FALSE
2024-07-23T02:30:00Z,17862,-204,FALSE
2024-07-23T03:00:00Z,17517,-345,FALSE
2024-07-23T03:30:00Z,17312,-205,FALSE
2024-07-23T04:00:00Z,17214,-98,FALSE
2024-07-23T04:30:00Z,17279,65,FALSE
2024-07-23T05:00:00Z,17401,122,FALSE
2024-07-23T05:30:00Z,18055,654,FALSE
2024-07-23T06:00:00Z,19437,1382,FALSE
2024-07-23T06:30:00Z,20138,701,FALSE
2024-07-23T07:00:00Z,21700,1562,TRUE
2024-07-23T07:30:00Z,22386,686,FALSE
2024-07-23T08:00:00Z,23140,754,FALSE
2024-07-23T08:30:00Z,23389,249,FALSE
2024-07-23T09:00:00Z,23530,141,FALSE
2024-07-23T09:30:00Z,23201,-329,FALSE
2024-07-23T10:00:00Z,22881,-320,FALSE
2024-07-23T10:30:00Z,22717,-164,FALSE
2024-07-23T11:00:00Z,22574,-143,FALSE
2024-07-23T11:30:00Z,22453,-121,FALSE
2024-07-23T12:00:00Z,22367,-86,FALSE
2024-07-23T12:30:00Z,22211,-156,FALSE
2024-07-23T13:00:00Z,22066,-145,FALSE
2024-07-23T13:30:00Z,21742,-324,FALSE
2024-07-23T14:00:00Z,21757,15,FALSE
2024-07-23T14:30:00Z,21618,-139,FALSE
2024-07-23T15:00:00Z,21436,-182,FALSE
2024-07-23T15:30:00Z,21669,233,FALSE
2024-07-23T16:00:00Z,22170,501,FALSE
2024-07-23T16:30:00Z,22945,775,FALSE
2024-07-23T17:00:00Z,23818,873,FALSE
2024-07-23T17:30:00Z,24475,657,FALSE
2024-07-23T18:00:00Z,25188,713,FALSE
2024-07-23T18:30:00Z,25599,411,FALSE
2024-07-23T19:00:00Z,25554,-45,FALSE
2024-07-23T19:30:00Z,25394,-160,FALSE
2024-07-23T20:00:00Z,25548,154,FALSE
2024-07-23T20:30:00Z,25235,-313,FALSE
2024-07-23T21:00:00Z,24861,-374,FALSE
2024-07-23T21:30:00Z,24288,-573,FALSE
2024-07-23T22:00:00Z,23252,-1036,FALSE
2024-07-23T22:30:00Z,22619,-633,FALSE
2024-07-23T23:00:00Z,21400,-1219,FALSE
2024-07-23T23:30:00Z,20726,-674,FALSE
2024-07-24T00:00:00Z,20013,-713,FALSE
2024-07-24T00:30:00Z,19646,-367,FALSE
2024-07-24T01:00:00Z,19210,-436,FALSE
2024-07-24T01:30:00Z,18954,-256,FALSE
2024-07-24T02:00:00Z,18190,-764,FALSE
2024-07-24T02:30:00Z,18088,-102,FALSE
2024-07-24T03:00:00Z,18110,22,FALSE
2024-07-24T03:30:00Z,18082,-28,FALSE
2024-07-24T04:00:00Z,17934,-148,FALSE
2024-07-24T04:30:00Z,17934,0,FALSE
2024-07-24T05:00:00Z,17808,-126,FALSE
2024-07-24T05:30:00Z,18309,501,FALSE
2024-07-24T06:00:00Z,19622,1313,FALSE
2024-07-24T06:30:00Z,20621,999,FALSE
2024-07-24T07:00:00Z,21488,867,FALSE
2024-07-24T07:30:00Z,22400,912,FALSE
2024-07-24T08:00:00Z,23091,691,FALSE
2024-07-24T08:30:00Z,23092,1,FALSE
2024-07-24T09:00:00Z,23221,129,FALSE
2024-07-24T09:30:00Z,23031,-190,FALSE
2024-07-24T10:00:00Z,22593,-438,FALSE
2024-07-24T10:30:00Z,22839,246,FALSE
2024-07-24T11:00:00Z,22553,-286,FALSE
2024-07-24T11:30:00Z,22431,-122,FALSE
2024-07-24T12:00:00Z,22735,304,FALSE
2024-07-24T12:30:00Z,22875,140,FALSE
2024-07-24T13:00:00Z,23077,202,FALSE
2024-07-24T13:30:00Z,23054,-23,FALSE
2024-07-24T14:00:00Z,23281,227,FALSE
2024-07-24T14:30:00Z,23576,295,FALSE
2024-07-24T15:00:00Z,23798,222,FALSE
2024-07-24T15:30:00Z,24381,583,FALSE
2024-07-24T16:00:00Z,24777,396,FALSE
2024-07-24T16:30:00Z,25550,773,FALSE
2024-07-24T17:00:00Z,26298,748,FALSE
2024-07-24T17:30:00Z,26680,382,FALSE
2024-07-24T18:00:00Z,26689,9,FALSE
2024-07-24T18:30:00Z,26519,-170,FALSE
2024-07-24T19:00:00Z,25954,-565,FALSE
2024-07-24T19:30:00Z,25550,-404,FALSE
2024-07-24T20:00:00Z,24517,-1033,FALSE
2024-07-24T20:30:00Z,24667,150,FALSE
2024-07-24T21:00:00Z,24443,-224,FALSE
2024-07-24T21:30:00Z,23764,-679,FALSE
2024-07-24T22:00:00Z,22491,-1273,FALSE
2024-07-24T22:30:00Z,21600,-891,FALSE
2024-07-24T23:00:00Z,21068,-532,FALSE
2024-07-24T23:30:00Z,19679,-1389,TRUE
2024-07-25T00:00:00Z,19026,-653,FALSE
2024-07-25T00:30:00Z,18496,-530,FALSE
2024-07-25T01:00:00Z,18548,52,FALSE
2024-07-25T01:30:00Z,18544,-4,FALSE
2024-07-25T02:00:00Z,18027,-517,FALSE
2024-07-25T02:30:00Z,17682,-345,FALSE
2024-07-25T03:00:00Z,17204,-478,FALSE
2024-07-25T03:30:00Z,17008,-196,FALSE
2024-07-25T04:00:00Z,16859,-149,FALSE
2024-07-25T04:30:00Z,16791,-68,FALSE
2024-07-25T05:00:00Z,17139,348,FALSE
2024-07-25T05:30:00Z,17507,368,FALSE
2024-07-25T06:00:00Z,18943,1436,TRUE
2024-07-25T06:30:00Z,20011,1068,FALSE
2024-07-25T07:00:00Z,22063,2052,TRUE
2024-07-25T07:30:00Z,23196,1133,FALSE
2024-07-25T08:00:00Z,24384,1188,FALSE
2024-07-25T08:30:00Z,25014,630,FALSE
2024-07-25T09:00:00Z,25258,244,FALSE
2024-07-25T09:30:00Z,25347,89,FALSE
2024-07-25T10:00:00Z,25094,-253,FALSE
2024-07-25T10:30:00Z,25065,-29,FALSE
2024-07-25T11:00:00Z,25166,101,FALSE
2024-07-25T11:30:00Z,24994,-172,FALSE
2024-07-25T12:00:00Z,24789,-205,FALSE
2024-07-25T12:30:00Z,24623,-166,FALSE
2024-07-25T13:00:00Z,24582,-41,FALSE
2024-07-25T13:30:00Z,24531,-51,FALSE
2024-07-25T14:00:00Z,24639,108,FALSE
2024-07-25T14:30:00Z,24582,-57,FALSE
2024-07-25T15:00:00Z,24684,102,FALSE
2024-07-25T15:30:00Z,24875,191,FALSE
2024-07-25T16:00:00Z,24835,-40,FALSE
2024-07-25T16:30:00Z,25622,787,FALSE
2024-07-25T17:00:00Z,26114,492,FALSE
2024-07-25T17:30:00Z,26704,590,FALSE
2024-07-25T18:00:00Z,26015,-689,FALSE
2024-07-25T18:30:00Z,25827,-188,FALSE
2024-07-25T19:00:00Z,25943,116,FALSE
2024-07-25T19:30:00Z,25741,-202,FALSE
2024-07-25T20:00:00Z,25679,-62,FALSE
2024-07-25T20:30:00Z,25108,-571,FALSE
2024-07-25T21:00:00Z,24824,-284,FALSE
2024-07-25T21:30:00Z,24417,-407,FALSE
2024-07-25T22:00:00Z,23379,-1038,FALSE
2024-07-25T22:30:00Z,22080,-1299,FALSE
2024-07-25T23:00:00Z,20704,-1376,FALSE
2024-07-25T23:30:00Z,19864,-840,FALSE
2024-07-26T00:00:00Z,19171,-693,FALSE
2024-07-26T00:30:00Z,18714,-457,FALSE
2024-07-26T01:00:00Z,18486,-228,FALSE
2024-07-26T01:30:00Z,18379,-107,FALSE
2024-07-26T02:00:00Z,17995,-384,FALSE
2024-07-26T02:30:00Z,17727,-268,FALSE
2024-07-26T03:00:00Z,17537,-190,FALSE
2024-07-26T03:30:00Z,17473,-64,FALSE
2024-07-26T04:00:00Z,17184,-289,FALSE
2024-07-26T04:30:00Z,17139,-45,FALSE
2024-07-26T05:00:00Z,17168,29,FALSE
2024-07-26T05:30:00Z,17677,509,FALSE
2024-07-26T06:00:00Z,18791,1114,FALSE
2024-07-26T06:30:00Z,19591,800,FALSE
2024-07-26T07:00:00Z,20688,1097,FALSE
2024-07-26T07:30:00Z,20777,89,FALSE
2024-07-26T08:00:00Z,21387,610,FALSE
2024-07-26T08:30:00Z,21420,33,FALSE
2024-07-26T09:00:00Z,21213,-207,FALSE
2024-07-26T09:30:00Z,20667,-546,FALSE
2024-07-26T10:00:00Z,20263,-404,FALSE
2024-07-26T10:30:00Z,20151,-112,FALSE
2024-07-26T11:00:00Z,20218,67,FALSE
2024-07-26T11:30:00Z,20368,150,FALSE
2024-07-26T12:00:00Z,20252,-116,FALSE
2024-07-26T12:30:00Z,19989,-263,FALSE
2024-07-26T13:00:00Z,19668,-321,FALSE
2024-07-26T13:30:00Z,19178,-490,FALSE
2024-07-26T14:00:00Z,18920,-258,FALSE
2024-07-26T14:30:00Z,19067,147,FALSE
2024-07-26T15:00:00Z,19333,266,FALSE
2024-07-26T15:30:00Z,19464,131,FALSE
2024-07-26T16:00:00Z,19479,15,FALSE
2024-07-26T16:30:00Z,20165,686,FALSE
2024-07-26T17:00:00Z,21252,1087,FALSE
2024-07-26T17:30:00Z,22017,765,FALSE
2024-07-26T18:00:00Z,22640,623,FALSE
2024-07-26T18:30:00Z,23259,619,FALSE
2024-07-26T19:00:00Z,23852,593,FALSE
2024-07-26T19:30:00Z,24076,224,FALSE
2024-07-26T20:00:00Z,24004,-72,FALSE
2024-07-26T20:30:00Z,23701,-303,FALSE
2024-07-26T21:00:00Z,23232,-469,FALSE
2024-07-26T21:30:00Z,23037,-195,FALSE
2024-07-26T22:00:00Z,22150,-887,FALSE
2024-07-26T22:30:00Z,21789,-361,FALSE
2024-07-26T23:00:00Z,20919,-870,FALSE
2024-07-26T23:30:00Z,19766,-1153,FALSE
2024-07-27T00:00:00Z,19043,-723,FALSE
2024-07-27T00:30:00Z,18467,-576,FALSE
2024-07-27T01:00:00Z,18132,-335,FALSE
2024-07-27T01:30:00Z,17869,-263,FALSE
2024-07-27T02:00:00Z,17503,-366,FALSE
2024-07-27T02:30:00Z,17143,-360,FALSE
2024-07-27T03:00:00Z,16692,-451,FALSE
2024-07-27T03:30:00Z,16332,-360,FALSE
2024-07-27T04:00:00Z,16194,-138,FALSE
2024-07-27T04:30:00Z,16073,-121,FALSE
2024-07-27T05:00:00Z,15966,-107,FALSE
2024-07-27T05:30:00Z,15900,-66,FALSE
2024-07-27T06:00:00Z,16510,610,FALSE
2024-07-27T06:30:00Z,16773,263,FALSE
2024-07-27T07:00:00Z,17501,728,FALSE
2024-07-27T07:30:00Z,17639,138,FALSE
2024-07-27T08:00:00Z,18110,471,FALSE
2024-07-27T08:30:00Z,17950,-160,FALSE
2024-07-27T09:00:00Z,17856,-94,FALSE
2024-07-27T09:30:00Z,17567,-289,FALSE
2024-07-27T10:00:00Z,17359,-208,FALSE
2024-07-27T10:30:00Z,17142,-217,FALSE
2024-07-27T11:00:00Z,16941,-201,FALSE
2024-07-27T11:30:00Z,17084,143,FALSE
2024-07-27T12:00:00Z,17302,218,FALSE
2024-07-27T12:30:00Z,17302,0,FALSE
2024-07-27T13:00:00Z,17188,-114,FALSE
2024-07-27T13:30:00Z,17146,-42,FALSE
2024-07-27T14:00:00Z,16967,-179,FALSE
2024-07-27T14:30:00Z,17040,73,FALSE
2024-07-27T15:00:00Z,17215,175,FALSE
2024-07-27T15:30:00Z,17641,426,FALSE
2024-07-27T16:00:00Z,18211,570,FALSE
2024-07-27T16:30:00Z,18981,770,FALSE
2024-07-27T17:00:00Z,20080,1099,FALSE
2024-07-27T17:30:00Z,20858,778,FALSE
2024-07-27T18:00:00Z,21395,537,FALSE
2024-07-27T18:30:00Z,21814,419,FALSE
2024-07-27T19:00:00Z,22191,377,FALSE
2024-07-27T19:30:00Z,22373,182,FALSE
2024-07-27T20:00:00Z,22288,-85,FALSE
2024-07-27T20:30:00Z,22155,-133,FALSE
2024-07-27T21:00:00Z,22521,366,FALSE
2024-07-27T21:30:00Z,22311,-210,FALSE
2024-07-27T22:00:00Z,21644,-667,FALSE
2024-07-27T22:30:00Z,20919,-725,FALSE
2024-07-27T23:00:00Z,19633,-1286,FALSE
2024-07-27T23:30:00Z,18722,-911,FALSE
2024-07-28T00:00:00Z,18182,-540,FALSE
2024-07-28T00:30:00Z,17649,-533,FALSE
2024-07-28T01:00:00Z,17355,-294,FALSE
2024-07-28T01:30:00Z,17120,-235,FALSE
2024-07-28T02:00:00Z,16779,-341,FALSE
2024-07-28T02:30:00Z,16329,-450,FALSE
2024-07-28T03:00:00Z,15912,-417,FALSE
2024-07-28T03:30:00Z,15770,-142,FALSE
2024-07-28T04:00:00Z,15595,-175,FALSE
2024-07-28T04:30:00Z,15600,5,FALSE
2024-07-28T05:00:00Z,15412,-188,FALSE
2024-07-28T05:30:00Z,15290,-122,FALSE
2024-07-28T06:00:00Z,15468,178,FALSE
2024-07-28T06:30:00Z,15635,167,FALSE
2024-07-28T07:00:00Z,15831,196,FALSE
2024-07-28T07:30:00Z,15494,-337,FALSE
2024-07-28T08:00:00Z,15224,-270,FALSE
2024-07-28T08:30:00Z,15033,-191,FALSE
2024-07-28T09:00:00Z,15083,50,FALSE
2024-07-28T09:30:00Z,14867,-216,FALSE
2024-07-28T10:00:00Z,14869,2,FALSE
2024-07-28T10:30:00Z,14824,-45,FALSE
2024-07-28T11:00:00Z,14823,-1,FALSE
2024-07-28T11:30:00Z,14930,107,FALSE
2024-07-28T12:00:00Z,15003,73,FALSE
2024-07-28T12:30:00Z,15070,67,FALSE
2024-07-28T13:00:00Z,15087,17,FALSE
2024-07-28T13:30:00Z,15123,36,FALSE
2024-07-28T14:00:00Z,15251,128,FALSE
2024-07-28T14:30:00Z,15092,-159,FALSE
2024-07-28T15:00:00Z,15404,312,FALSE
2024-07-28T15:30:00Z,15965,561,FALSE
2024-07-28T16:00:00Z,16839,874,FALSE
2024-07-28T16:30:00Z,17785,946,FALSE
2024-07-28T17:00:00Z,19152,1367,FALSE
2024-07-28T17:30:00Z,20322,1170,FALSE
2024-07-28T18:00:00Z,21288,966,FALSE
2024-07-28T18:30:00Z,22059,771,FALSE
2024-07-28T19:00:00Z,22726,667,FALSE
2024-07-28T19:30:00Z,22977,251,FALSE
2024-07-28T20:00:00Z,22912,-65,FALSE
2024-07-28T20:30:00Z,22889,-23,FALSE
2024-07-28T21:00:00Z,23089,200,FALSE
2024-07-28T21:30:00Z,23013,-76,FALSE
2024-07-28T22:00:00Z,22143,-870,FALSE
2024-07-28T22:30:00Z,21015,-1128,FALSE
2024-07-28T23:00:00Z,19683,-1332,FALSE
2024-07-28T23:30:00Z,18847,-836,FALSE
2024-07-29T00:00:00Z,18080,-767,FALSE
2024-07-29T00:30:00Z,17704,-376,FALSE
2024-07-29T01:00:00Z,17464,-240,FALSE
2024-07-29T01:30:00Z,17372,-92,FALSE
2024-07-29T02:00:00Z,17136,-236,FALSE
2024-07-29T02:30:00Z,16864,-272,FALSE
2024-07-29T03:00:00Z,16667,-197,FALSE
2024-07-29T03:30:00Z,16498,-169,FALSE
2024-07-29T04:00:00Z,16445,-53,FALSE
2024-07-29T04:30:00Z,16518,73,FALSE
2024-07-29T05:00:00Z,16757,239,FALSE
2024-07-29T05:30:00Z,17439,682,FALSE
2024-07-29T06:00:00Z,18636,1197,FALSE
2024-07-29T06:30:00Z,19635,999,FALSE
2024-07-29T07:00:00Z,20949,1314,FALSE
2024-07-29T07:30:00Z,21392,443,FALSE
2024-07-29T08:00:00Z,21854,462,FALSE
2024-07-29T08:30:00Z,21702,-152,FALSE
2024-07-29T09:00:00Z,21411,-291,FALSE
2024-07-29T09:30:00Z,20746,-665,FALSE
2024-07-29T10:00:00Z,19936,-810,FALSE
2024-07-29T10:30:00Z,19230,-706,FALSE
2024-07-29T11:00:00Z,18574,-656,FALSE
2024-07-29T11:30:00Z,18545,-29,FALSE
2024-07-29T12:00:00Z,18494,-51,FALSE
2024-07-29T12:30:00Z,18251,-243,FALSE
2024-07-29T13:00:00Z,18137,-114,FALSE
2024-07-29T13:30:00Z,18054,-83,FALSE
2024-07-29T14:00:00Z,18187,133,FALSE
2024-07-29T14:30:00Z,18389,202,FALSE
2024-07-29T15:00:00Z,18904,515,FALSE
2024-07-29T15:30:00Z,19655,751,FALSE
2024-07-29T16:00:00Z,20380,725,FALSE
2024-07-29T16:30:00Z,21662,1282,FALSE
2024-07-29T17:00:00Z,22448,786,FALSE
2024-07-29T17:30:00Z,23841,1393,TRUE
2024-07-29T18:00:00Z,24752,911,FALSE
2024-07-29T18:30:00Z,25368,616,FALSE
2024-07-29T19:00:00Z,25645,277,FALSE
2024-07-29T19:30:00Z,25310,-335,FALSE
2024-07-29T20:00:00Z,25169,-141,FALSE
2024-07-29T20:30:00Z,25040,-129,FALSE
2024-07-29T21:00:00Z,25071,31,FALSE
2024-07-29T21:30:00Z,24607,-464,FALSE
2024-07-29T22:00:00Z,23897,-710,FALSE
2024-07-29T22:30:00Z,22655,-1242,FALSE
2024-07-29T23:00:00Z,21453,-1202,FALSE
2024-07-29T23:30:00Z,20678,-775,FALSE
2024-07-30T00:00:00Z,20013,-665,FALSE
2024-07-30T00:30:00Z,19439,-574,FALSE
2024-07-30T01:00:00Z,19045,-394,FALSE
2024-07-30T01:30:00Z,18575,-470,FALSE
2024-07-30T02:00:00Z,18271,-304,FALSE
2024-07-30T02:30:00Z,17968,-303,FALSE
2024-07-30T03:00:00Z,17666,-302,FALSE
2024-07-30T03:30:00Z,17363,-303,FALSE
2024-07-30T04:00:00Z,17317,-46,FALSE
2024-07-30T04:30:00Z,17268,-49,FALSE
2024-07-30T05:00:00Z,17413,145,FALSE
2024-07-30T05:30:00Z,17826,413,FALSE
2024-07-30T06:00:00Z,19086,1260,FALSE
2024-07-30T06:30:00Z,19870,784,FALSE
2024-07-30T07:00:00Z,21165,1295,FALSE
2024-07-30T07:30:00Z,21455,290,FALSE
2024-07-30T08:00:00Z,22026,571,FALSE
2024-07-30T08:30:00Z,22158,132,FALSE
2024-07-30T09:00:00Z,21862,-296,FALSE
2024-07-30T09:30:00Z,21561,-301,FALSE
2024-07-30T10:00:00Z,21133,-428,FALSE
2024-07-30T10:30:00Z,20658,-475,FALSE
2024-07-30T11:00:00Z,20329,-329,FALSE
2024-07-30T11:30:00Z,19966,-363,FALSE
2024-07-30T12:00:00Z,19936,-30,FALSE
2024-07-30T12:30:00Z,19602,-334,FALSE
2024-07-30T13:00:00Z,19299,-303,FALSE
2024-07-30T13:30:00Z,19214,-85,FALSE
2024-07-30T14:00:00Z,19310,96,FALSE
2024-07-30T14:30:00Z,19498,188,FALSE
2024-07-30T15:00:00Z,20048,550,FALSE
2024-07-30T15:30:00Z,20728,680,FALSE
2024-07-30T16:00:00Z,21379,651,FALSE
2024-07-30T16:30:00Z,22568,1189,FALSE
2024-07-30T17:00:00Z,23142,574,FALSE
2024-07-30T17:30:00Z,24491,1349,FALSE
2024-07-30T18:00:00Z,25318,827,FALSE
2024-07-30T18:30:00Z,25710,392,FALSE
2024-07-30T19:00:00Z,25541,-169,FALSE
2024-07-30T19:30:00Z,25493,-48,FALSE
2024-07-30T20:00:00Z,25702,209,FALSE
2024-07-30T20:30:00Z,25646,-56,FALSE
2024-07-30T21:00:00Z,25173,-473,FALSE
2024-07-30T21:30:00Z,24576,-597,FALSE
2024-07-30T22:00:00Z,24122,-454,FALSE
2024-07-30T22:30:00Z,22834,-1288,FALSE
2024-07-30T23:00:00Z,21825,-1009,FALSE
2024-07-30T23:30:00Z,20745,-1080,FALSE
2024-07-31T00:00:00Z,19960,-785,FALSE
2024-07-31T00:30:00Z,19498,-462,FALSE
2024-07-31T01:00:00Z,18952,-546,FALSE
2024-07-31T01:30:00Z,18827,-125,FALSE
2024-07-31T02:00:00Z,18457,-370,FALSE
2024-07-31T02:30:00Z,18290,-167,FALSE
2024-07-31T03:00:00Z,17850,-440,FALSE
2024-07-31T03:30:00Z,17705,-145,FALSE
2024-07-31T04:00:00Z,17640,-65,FALSE
2024-07-31T04:30:00Z,17559,-81,FALSE
2024-07-31T05:00:00Z,17760,201,FALSE
2024-07-31T05:30:00Z,18116,356,FALSE
2024-07-31T06:00:00Z,19464,1348,FALSE
2024-07-31T06:30:00Z,20427,963,FALSE
2024-07-31T07:00:00Z,21744,1317,FALSE
2024-07-31T07:30:00Z,22625,881,FALSE
2024-07-31T08:00:00Z,23227,602,FALSE
2024-07-31T08:30:00Z,23080,-147,FALSE
2024-07-31T09:00:00Z,22726,-354,FALSE
2024-07-31T09:30:00Z,22071,-655,FALSE
2024-07-31T10:00:00Z,21250,-821,FALSE
2024-07-31T10:30:00Z,20701,-549,FALSE
2024-07-31T11:00:00Z,20453,-248,FALSE
2024-07-31T11:30:00Z,20233,-220,FALSE
2024-07-31T12:00:00Z,20108,-125,FALSE
2024-07-31T12:30:00Z,20028,-80,FALSE
2024-07-31T13:00:00Z,20049,21,FALSE
2024-07-31T13:30:00Z,19974,-75,FALSE
2024-07-31T14:00:00Z,20055,81,FALSE
2024-07-31T14:30:00Z,20210,155,FALSE
2024-07-31T15:00:00Z,20584,374,FALSE
2024-07-31T15:30:00Z,21146,562,FALSE
2024-07-31T16:00:00Z,21567,421,FALSE
2024-07-31T16:30:00Z,22404,837,FALSE
2024-07-31T17:00:00Z,23491,1087,FALSE
2024-07-31T17:30:00Z,24530,1039,FALSE
2024-07-31T18:00:00Z,25115,585,FALSE
2024-07-31T18:30:00Z,25653,538,FALSE
2024-07-31T19:00:00Z,25547,-106,FALSE
2024-07-31T19:30:00Z,25717,170,FALSE
2024-07-31T20:00:00Z,26076,359,FALSE
2024-07-31T20:30:00Z,25986,-90,FALSE
2024-07-31T21:00:00Z,25933,-53,FALSE
2024-07-31T21:30:00Z,25363,-570,FALSE
2024-07-31T22:00:00Z,24217,-1146,FALSE
2024-07-31T22:30:00Z,23354,-863,FALSE
2024-07-31T23:00:00Z,22064,-1290,FALSE
2024-07-31T23:30:00Z,20984,-1080,FALSE
2024-08-01T00:00:00Z,20187,-797,FALSE
2024-08-01T00:30:00Z,19887,-300,FALSE
2024-08-01T01:00:00Z,19484,-403,FALSE
2024-08-01T01:30:00Z,19241,-243,FALSE
2024-08-01T02:00:00Z,18856,-385,FALSE
2024-08-01T02:30:00Z,18575,-281,FALSE
2024-08-01T03:00:00Z,18315,-260,FALSE
2024-08-01T03:30:00Z,18194,-121,FALSE
2024-08-01T04:00:00Z,17929,-265,FALSE
2024-08-01T04:30:00Z,17826,-103,FALSE
2024-08-01T05:00:00Z,18128,302,FALSE
2024-08-01T05:30:00Z,18416,288,FALSE
2024-08-01T06:00:00Z,19940,1524,TRUE
2024-08-01T06:30:00Z,21004,1064,FALSE
2024-08-01T07:00:00Z,22096,1092,FALSE
2024-08-01T07:30:00Z,22893,797,FALSE
2024-08-01T08:00:00Z,24078,1185,FALSE
2024-08-01T08:30:00Z,23934,-144,FALSE
2024-08-01T09:00:00Z,23462,-472,FALSE
2024-08-01T09:30:00Z,22889,-573,FALSE
2024-08-01T10:00:00Z,22187,-702,FALSE
2024-08-01T10:30:00Z,21570,-617,FALSE
2024-08-01T11:00:00Z,21474,-96,FALSE
2024-08-01T11:30:00Z,21204,-270,FALSE
2024-08-01T12:00:00Z,20467,-737,FALSE
2024-08-01T12:30:00Z,20247,-220,FALSE
2024-08-01T13:00:00Z,20516,269,FALSE
2024-08-01T13:30:00Z,20476,-40,FALSE
2024-08-01T14:00:00Z,20649,173,FALSE
2024-08-01T14:30:00Z,21101,452,FALSE
2024-08-01T15:00:00Z,21495,394,FALSE
2024-08-01T15:30:00Z,22033,538,FALSE
2024-08-01T16:00:00Z,22408,375,FALSE
2024-08-01T16:30:00Z,23307,899,FALSE
2024-08-01T17:00:00Z,24180,873,FALSE
2024-08-01T17:30:00Z,24839,659,FALSE
2024-08-01T18:00:00Z,25476,637,FALSE
2024-08-01T18:30:00Z,25750,274,FALSE
2024-08-01T19:00:00Z,25756,6,FALSE
2024-08-01T19:30:00Z,25829,73,FALSE
2024-08-01T20:00:00Z,25921,92,FALSE
2024-08-01T20:30:00Z,25769,-152,FALSE
2024-08-01T21:00:00Z,25379,-390,FALSE
2024-08-01T21:30:00Z,25074,-305,FALSE
2024-08-01T22:00:00Z,24223,-851,FALSE
2024-08-01T22:30:00Z,23268,-955,FALSE
2024-08-01T23:00:00Z,21870,-1398,TRUE
2024-08-01T23:30:00Z,20924,-946,FALSE
2024-08-02T00:00:00Z,20265,-659,FALSE
2024-08-02T00:30:00Z,19827,-438,FALSE
2024-08-02T01:00:00Z,19362,-465,FALSE
2024-08-02T01:30:00Z,19139,-223,FALSE
2024-08-02T02:00:00Z,18805,-334,FALSE
2024-08-02T02:30:00Z,18518,-287,FALSE
2024-08-02T03:00:00Z,18168,-350,FALSE
2024-08-02T03:30:00Z,18139,-29,FALSE
2024-08-02T04:00:00Z,17978,-161,FALSE
2024-08-02T04:30:00Z,18053,75,FALSE
2024-08-02T05:00:00Z,17767,-286,FALSE
2024-08-02T05:30:00Z,18199,432,FALSE
2024-08-02T06:00:00Z,19721,1522,TRUE
2024-08-02T06:30:00Z,20735,1014,FALSE
2024-08-02T07:00:00Z,21819,1084,FALSE
2024-08-02T07:30:00Z,22514,695,FALSE
2024-08-02T08:00:00Z,23528,1014,FALSE
2024-08-02T08:30:00Z,23359,-169,FALSE
2024-08-02T09:00:00Z,23329,-30,FALSE
2024-08-02T09:30:00Z,22764,-565,FALSE
2024-08-02T10:00:00Z,22257,-507,FALSE
2024-08-02T10:30:00Z,21754,-503,FALSE
2024-08-02T11:00:00Z,21295,-459,FALSE
2024-08-02T11:30:00Z,20770,-525,FALSE
2024-08-02T12:00:00Z,20718,-52,FALSE
2024-08-02T12:30:00Z,20318,-400,FALSE
2024-08-02T13:00:00Z,20123,-195,FALSE
2024-08-02T13:30:00Z,19693,-430,FALSE
2024-08-02T14:00:00Z,19613,-80,FALSE
2024-08-02T14:30:00Z,19601,-12,FALSE
2024-08-02T15:00:00Z,19811,210,FALSE
2024-08-02T15:30:00Z,20565,754,FALSE
2024-08-02T16:00:00Z,20962,397,FALSE
2024-08-02T16:30:00Z,21809,847,FALSE
2024-08-02T17:00:00Z,22971,1162,FALSE
2024-08-02T17:30:00Z,23874,903,FALSE
2024-08-02T18:00:00Z,24231,357,FALSE
2024-08-02T18:30:00Z,24480,249,FALSE
2024-08-02T19:00:00Z,24206,-274,FALSE
2024-08-02T19:30:00Z,24580,374,FALSE
2024-08-02T20:00:00Z,24224,-356,FALSE
2024-08-02T20:30:00Z,23922,-302,FALSE
2024-08-02T21:00:00Z,23866,-56,FALSE
2024-08-02T21:30:00Z,23422,-444,FALSE
2024-08-02T22:00:00Z,22447,-975,FALSE
2024-08-02T22:30:00Z,21681,-766,FALSE
2024-08-02T23:00:00Z,20614,-1067,FALSE
2024-08-02T23:30:00Z,19823,-791,FALSE
2024-08-03T00:00:00Z,19184,-639,FALSE
2024-08-03T00:30:00Z,18651,-533,FALSE
2024-08-03T01:00:00Z,18278,-373,FALSE
2024-08-03T01:30:00Z,18058,-220,FALSE
2024-08-03T02:00:00Z,17713,-345,FALSE
2024-08-03T02:30:00Z,17475,-238,FALSE
2024-08-03T03:00:00Z,17005,-470,FALSE
2024-08-03T03:30:00Z,16992,-13,FALSE
2024-08-03T04:00:00Z,16708,-284,FALSE
2024-08-03T04:30:00Z,16636,-72,FALSE
2024-08-03T05:00:00Z,16620,-16,FALSE
2024-08-03T05:30:00Z,16647,27,FALSE
2024-08-03T06:00:00Z,17125,478,FALSE
2024-08-03T06:30:00Z,17618,493,FALSE
2024-08-03T07:00:00Z,18422,804,FALSE
2024-08-03T07:30:00Z,18930,508,FALSE
2024-08-03T08:00:00Z,19423,493,FALSE
2024-08-03T08:30:00Z,19384,-39,FALSE
2024-08-03T09:00:00Z,19627,243,FALSE
2024-08-03T09:30:00Z,19548,-79,FALSE
2024-08-03T10:00:00Z,19412,-136,FALSE
2024-08-03T10:30:00Z,19091,-321,FALSE
2024-08-03T11:00:00Z,18570,-521,FALSE
2024-08-03T11:30:00Z,18038,-532,FALSE
2024-08-03T12:00:00Z,17715,-323,FALSE
2024-08-03T12:30:00Z,17471,-244,FALSE
2024-08-03T13:00:00Z,17175,-296,FALSE
2024-08-03T13:30:00Z,16948,-227,FALSE
2024-08-03T14:00:00Z,16713,-235,FALSE
2024-08-03T14:30:00Z,16440,-273,FALSE
2024-08-03T15:00:00Z,16250,-190,FALSE
2024-08-03T15:30:00Z,16522,272,FALSE
2024-08-03T16:00:00Z,16879,357,FALSE
2024-08-03T16:30:00Z,17642,763,FALSE
2024-08-03T17:00:00Z,18756,1114,FALSE
2024-08-03T17:30:00Z,19752,996,FALSE
2024-08-03T18:00:00Z,20492,740,FALSE
2024-08-03T18:30:00Z,21368,876,FALSE
2024-08-03T19:00:00Z,21698,330,FALSE
2024-08-03T19:30:00Z,21992,294,FALSE
2024-08-03T20:00:00Z,22160,168,FALSE
2024-08-03T20:30:00Z,21980,-180,FALSE
2024-08-03T21:00:00Z,22148,168,FALSE
2024-08-03T21:30:00Z,21941,-207,FALSE
2024-08-03T22:00:00Z,21195,-746,FALSE
2024-08-03T22:30:00Z,20563,-632,FALSE
2024-08-03T23:00:00Z,19636,-927,FALSE
2024-08-03T23:30:00Z,18864,-772,FALSE
2024-08-04T00:00:00Z,18350,-514,FALSE
2024-08-04T00:30:00Z,17924,-426,FALSE
2024-08-04T01:00:00Z,17469,-455,FALSE
2024-08-04T01:30:00Z,17154,-315,FALSE
2024-08-04T02:00:00Z,16775,-379,FALSE
2024-08-04T02:30:00Z,16423,-352,FALSE
2024-08-04T03:00:00Z,15996,-427,FALSE
2024-08-04T03:30:00Z,15753,-243,FALSE
2024-08-04T04:00:00Z,15688,-65,FALSE
2024-08-04T04:30:00Z,15588,-100,FALSE
2024-08-04T05:00:00Z,15617,29,FALSE
2024-08-04T05:30:00Z,15519,-98,FALSE
2024-08-04T06:00:00Z,15719,200,FALSE
2024-08-04T06:30:00Z,15819,100,FALSE
2024-08-04T07:00:00Z,16195,376,FALSE
2024-08-04T07:30:00Z,16683,488,FALSE
2024-08-04T08:00:00Z,17306,623,FALSE
2024-08-04T08:30:00Z,17845,539,FALSE
2024-08-04T09:00:00Z,18056,211,FALSE
2024-08-04T09:30:00Z,18252,196,FALSE
2024-08-04T10:00:00Z,18278,26,FALSE
2024-08-04T10:30:00Z,18062,-216,FALSE
2024-08-04T11:00:00Z,18258,196,FALSE
2024-08-04T11:30:00Z,18504,246,FALSE
2024-08-04T12:00:00Z,18462,-42,FALSE
2024-08-04T12:30:00Z,18188,-274,FALSE
2024-08-04T13:00:00Z,17753,-435,FALSE
2024-08-04T13:30:00Z,17392,-361,FALSE
2024-08-04T14:00:00Z,17433,41,FALSE
2024-08-04T14:30:00Z,17348,-85,FALSE
2024-08-04T15:00:00Z,17361,13,FALSE
2024-08-04T15:30:00Z,17724,363,FALSE
2024-08-04T16:00:00Z,18380,656,FALSE
2024-08-04T16:30:00Z,19368,988,FALSE
2024-08-04T17:00:00Z,20438,1070,FALSE
2024-08-04T17:30:00Z,21443,1005,FALSE
2024-08-04T18:00:00Z,21967,524,FALSE
2024-08-04T18:30:00Z,22454,487,FALSE
2024-08-04T19:00:00Z,22318,-136,FALSE
2024-08-04T19:30:00Z,22443,125,FALSE
2024-08-04T20:00:00Z,22261,-182,FALSE
2024-08-04T20:30:00Z,22092,-169,FALSE
2024-08-04T21:00:00Z,21915,-177,FALSE
2024-08-04T21:30:00Z,21586,-329,FALSE
2024-08-04T22:00:00Z,20501,-1085,FALSE
2024-08-04T22:30:00Z,19660,-841,FALSE
2024-08-04T23:00:00Z,18484,-1176,FALSE
2024-08-04T23:30:00Z,17893,-591,FALSE
2024-08-05T00:00:00Z,17033,-860,FALSE
2024-08-05T00:30:00Z,16849,-184,FALSE
2024-08-05T01:00:00Z,16533,-316,FALSE
2024-08-05T01:30:00Z,16310,-223,FALSE
2024-08-05T02:00:00Z,16086,-224,FALSE
2024-08-05T02:30:00Z,15924,-162,FALSE
2024-08-05T03:00:00Z,15308,-616,FALSE
2024-08-05T03:30:00Z,15265,-43,FALSE
2024-08-05T04:00:00Z,15153,-112,FALSE
2024-08-05T04:30:00Z,15252,99,FALSE
2024-08-05T05:00:00Z,15590,338,FALSE
2024-08-05T05:30:00Z,16111,521,FALSE
2024-08-05T06:00:00Z,17698,1587,TRUE
2024-08-05T06:30:00Z,18838,1140,FALSE
2024-08-05T07:00:00Z,20433,1595,TRUE
2024-08-05T07:30:00Z,21160,727,FALSE
2024-08-05T08:00:00Z,22407,1247,FALSE
2024-08-05T08:30:00Z,22863,456,FALSE
2024-08-05T09:00:00Z,23149,286,FALSE
2024-08-05T09:30:00Z,22995,-154,FALSE
2024-08-05T10:00:00Z,22846,-149,FALSE
2024-08-05T10:30:00Z,22542,-304,FALSE
2024-08-05T11:00:00Z,22357,-185,FALSE
2024-08-05T11:30:00Z,22211,-146,FALSE
2024-08-05T12:00:00Z,22305,94,FALSE
2024-08-05T12:30:00Z,22286,-19,FALSE
2024-08-05T13:00:00Z,22103,-183,FALSE
2024-08-05T13:30:00Z,21848,-255,FALSE
2024-08-05T14:00:00Z,21835,-13,FALSE
2024-08-05T14:30:00Z,21821,-14,FALSE
2024-08-05T15:00:00Z,21888,67,FALSE
2024-08-05T15:30:00Z,22270,382,FALSE
2024-08-05T16:00:00Z,22584,314,FALSE
2024-08-05T16:30:00Z,23461,877,FALSE
2024-08-05T17:00:00Z,24319,858,FALSE
2024-08-05T17:30:00Z,24952,633,FALSE
2024-08-05T18:00:00Z,25381,429,FALSE
2024-08-05T18:30:00Z,25676,295,FALSE
2024-08-05T19:00:00Z,25886,210,FALSE
2024-08-05T19:30:00Z,26017,131,FALSE
2024-08-05T20:00:00Z,25694,-323,FALSE
2024-08-05T20:30:00Z,25102,-592,FALSE
2024-08-05T21:00:00Z,24671,-431,FALSE
2024-08-05T21:30:00Z,23830,-841,FALSE
2024-08-05T22:00:00Z,22736,-1094,FALSE
2024-08-05T22:30:00Z,21447,-1289,FALSE
2024-08-05T23:00:00Z,20182,-1265,FALSE
2024-08-05T23:30:00Z,19329,-853,FALSE
2024-08-06T00:00:00Z,18607,-722,FALSE
2024-08-06T00:30:00Z,18199,-408,FALSE
2024-08-06T01:00:00Z,17890,-309,FALSE
2024-08-06T01:30:00Z,17618,-272,FALSE
2024-08-06T02:00:00Z,17488,-130,FALSE
2024-08-06T02:30:00Z,17225,-263,FALSE
2024-08-06T03:00:00Z,17124,-101,FALSE
2024-08-06T03:30:00Z,17052,-72,FALSE
2024-08-06T04:00:00Z,16665,-387,FALSE
2024-08-06T04:30:00Z,16703,38,FALSE
2024-08-06T05:00:00Z,16722,19,FALSE
2024-08-06T05:30:00Z,17565,843,FALSE
2024-08-06T06:00:00Z,18816,1251,FALSE
2024-08-06T06:30:00Z,20197,1381,FALSE
2024-08-06T07:00:00Z,21598,1401,TRUE
2024-08-06T07:30:00Z,22143,545,FALSE
2024-08-06T08:00:00Z,23050,907,FALSE
2024-08-06T08:30:00Z,23197,147,FALSE
2024-08-06T09:00:00Z,23305,108,FALSE
2024-08-06T09:30:00Z,23160,-145,FALSE
2024-08-06T10:00:00Z,23087,-73,FALSE
2024-08-06T10:30:00Z,23102,15,FALSE
2024-08-06T11:00:00Z,22843,-259,FALSE
2024-08-06T11:30:00Z,22753,-90,FALSE
2024-08-06T12:00:00Z,22635,-118,FALSE
2024-08-06T12:30:00Z,22469,-166,FALSE
2024-08-06T13:00:00Z,21968,-501,FALSE
2024-08-06T13:30:00Z,21511,-457,FALSE
2024-08-06T14:00:00Z,21303,-208,FALSE
2024-08-06T14:30:00Z,21219,-84,FALSE
2024-08-06T15:00:00Z,20763,-456,FALSE
2024-08-06T15:30:00Z,20939,176,FALSE
2024-08-06T16:00:00Z,21103,164,FALSE
2024-08-06T16:30:00Z,21781,678,FALSE
2024-08-06T17:00:00Z,22533,752,FALSE
2024-08-06T17:30:00Z,23166,633,FALSE
2024-08-06T18:00:00Z,23718,552,FALSE
2024-08-06T18:30:00Z,24348,630,FALSE
2024-08-06T19:00:00Z,24489,141,FALSE
2024-08-06T19:30:00Z,24867,378,FALSE
2024-08-06T20:00:00Z,25202,335,FALSE
2024-08-06T20:30:00Z,24738,-464,FALSE
2024-08-06T21:00:00Z,24818,80,FALSE
2024-08-06T21:30:00Z,24166,-652,FALSE
2024-08-06T22:00:00Z,22942,-1224,FALSE
2024-08-06T22:30:00Z,21616,-1326,FALSE
2024-08-06T23:00:00Z,20422,-1194,FALSE
2024-08-06T23:30:00Z,19355,-1067,FALSE
2024-08-07T00:00:00Z,18431,-924,FALSE
2024-08-07T00:30:00Z,18153,-278,FALSE
2024-08-07T01:00:00Z,17676,-477,FALSE
2024-08-07T01:30:00Z,17454,-222,FALSE
2024-08-07T02:00:00Z,17506,52,FALSE
2024-08-07T02:30:00Z,17002,-504,FALSE
2024-08-07T03:00:00Z,16461,-541,FALSE
2024-08-07T03:30:00Z,16381,-80,FALSE
2024-08-07T04:00:00Z,16331,-50,FALSE
2024-08-07T04:30:00Z,16265,-66,FALSE
2024-08-07T05:00:00Z,16697,432,FALSE
2024-08-07T05:30:00Z,17020,323,FALSE
2024-08-07T06:00:00Z,18454,1434,TRUE
2024-08-07T06:30:00Z,19513,1059,FALSE
2024-08-07T07:00:00Z,20667,1154,FALSE
2024-08-07T07:30:00Z,21272,605,FALSE
2024-08-07T08:00:00Z,21952,680,FALSE
2024-08-07T08:30:00Z,22098,146,FALSE
2024-08-07T09:00:00Z,22110,12,FALSE
2024-08-07T09:30:00Z,21942,-168,FALSE
2024-08-07T10:00:00Z,21645,-297,FALSE
2024-08-07T10:30:00Z,21333,-312,FALSE
2024-08-07T11:00:00Z,21686,353,FALSE
2024-08-07T11:30:00Z,21795,109,FALSE
2024-08-07T12:00:00Z,21874,79,FALSE
2024-08-07T12:30:00Z,21821,-53,FALSE
2024-08-07T13:00:00Z,21757,-64,FALSE
2024-08-07T13:30:00Z,21424,-333,FALSE
2024-08-07T14:00:00Z,21327,-97,FALSE
2024-08-07T14:30:00Z,21481,154,FALSE
2024-08-07T15:00:00Z,21749,268,FALSE
2024-08-07T15:30:00Z,21855,106,FALSE
2024-08-07T16:00:00Z,22220,365,FALSE
2024-08-07T16:30:00Z,23015,795,FALSE
2024-08-07T17:00:00Z,23902,887,FALSE
2024-08-07T17:30:00Z,24299,397,FALSE
2024-08-07T18:00:00Z,24914,615,FALSE
2024-08-07T18:30:00Z,25165,251,FALSE
2024-08-07T19:00:00Z,24999,-166,FALSE
2024-08-07T19:30:00Z,24960,-39,FALSE
2024-08-07T20:00:00Z,24739,-221,FALSE
2024-08-07T20:30:00Z,24279,-460,FALSE
2024-08-07T21:00:00Z,24062,-217,FALSE
2024-08-07T21:30:00Z,23273,-789,FALSE
2024-08-07T22:00:00Z,22140,-1133,FALSE
2024-08-07T22:30:00Z,21055,-1085,FALSE
2024-08-07T23:00:00Z,19864,-1191,FALSE
2024-08-07T23:30:00Z,19297,-567,FALSE
2024-08-08T00:00:00Z,18320,-977,FALSE
2024-08-08T00:30:00Z,17868,-452,FALSE
2024-08-08T01:00:00Z,17697,-171,FALSE
2024-08-08T01:30:00Z,17194,-503,FALSE
2024-08-08T02:00:00Z,16947,-247,FALSE
2024-08-08T02:30:00Z,16792,-155,FALSE
2024-08-08T03:00:00Z,16509,-283,FALSE
2024-08-08T03:30:00Z,16463,-46,FALSE
2024-08-08T04:00:00Z,16292,-171,FALSE
2024-08-08T04:30:00Z,16365,73,FALSE
2024-08-08T05:00:00Z,16916,551,FALSE
2024-08-08T05:30:00Z,17029,113,FALSE
2024-08-08T06:00:00Z,18417,1388,TRUE
2024-08-08T06:30:00Z,19384,967,FALSE
2024-08-08T07:00:00Z,20958,1574,TRUE
2024-08-08T07:30:00Z,21728,770,FALSE
2024-08-08T08:00:00Z,22422,694,FALSE
2024-08-08T08:30:00Z,22683,261,FALSE
2024-08-08T09:00:00Z,22560,-123,FALSE
2024-08-08T09:30:00Z,22366,-194,FALSE
2024-08-08T10:00:00Z,22272,-94,FALSE
2024-08-08T10:30:00Z,22523,251,FALSE
2024-08-08T11:00:00Z,22836,313,FALSE
2024-08-08T11:30:00Z,23184,348,FALSE
2024-08-08T12:00:00Z,23644,460,FALSE
2024-08-08T12:30:00Z,23760,116,FALSE
2024-08-08T13:00:00Z,23687,-73,FALSE
2024-08-08T13:30:00Z,23635,-52,FALSE
2024-08-08T14:00:00Z,23745,110,FALSE
2024-08-08T14:30:00Z,23905,160,FALSE
2024-08-08T15:00:00Z,23951,46,FALSE
2024-08-08T15:30:00Z,24085,134,FALSE
2024-08-08T16:00:00Z,24203,118,FALSE
2024-08-08T16:30:00Z,24653,450,FALSE
2024-08-08T17:00:00Z,25267,614,FALSE
2024-08-08T17:30:00Z,25639,372,FALSE
2024-08-08T18:00:00Z,25482,-157,FALSE
2024-08-08T18:30:00Z,25318,-164,FALSE
2024-08-08T19:00:00Z,25135,-183,FALSE
2024-08-08T19:30:00Z,25094,-41,FALSE
2024-08-08T20:00:00Z,24637,-457,FALSE
2024-08-08T20:30:00Z,24241,-396,FALSE
2024-08-08T21:00:00Z,23648,-593,FALSE
2024-08-08T21:30:00Z,22747,-901,FALSE
2024-08-08T22:00:00Z,21560,-1187,FALSE
2024-08-08T22:30:00Z,20307,-1253,FALSE
2024-08-08T23:00:00Z,18867,-1440,TRUE
2024-08-08T23:30:00Z,18171,-696,FALSE
2024-08-09T00:00:00Z,17477,-694,FALSE
2024-08-09T00:30:00Z,17079,-398,FALSE
2024-08-09T01:00:00Z,16683,-396,FALSE
2024-08-09T01:30:00Z,16386,-297,FALSE
2024-08-09T02:00:00Z,16127,-259,FALSE
2024-08-09T02:30:00Z,15806,-321,FALSE
2024-08-09T03:00:00Z,15407,-399,FALSE
2024-08-09T03:30:00Z,15516,109,FALSE
2024-08-09T04:00:00Z,15617,101,FALSE
2024-08-09T04:30:00Z,15648,31,FALSE
2024-08-09T05:00:00Z,15973,325,FALSE
2024-08-09T05:30:00Z,16246,273,FALSE
2024-08-09T06:00:00Z,17692,1446,TRUE
2024-08-09T06:30:00Z,18671,979,FALSE
2024-08-09T07:00:00Z,20325,1654,TRUE
2024-08-09T07:30:00Z,21031,706,FALSE
2024-08-09T08:00:00Z,21882,851,FALSE
2024-08-09T08:30:00Z,22047,165,FALSE
2024-08-09T09:00:00Z,21933,-114,FALSE
2024-08-09T09:30:00Z,21120,-813,FALSE
2024-08-09T10:00:00Z,20298,-822,FALSE
2024-08-09T10:30:00Z,19588,-710,FALSE
2024-08-09T11:00:00Z,18889,-699,FALSE
2024-08-09T11:30:00Z,18472,-417,FALSE
2024-08-09T12:00:00Z,17920,-552,FALSE
2024-08-09T12:30:00Z,17538,-382,FALSE
2024-08-09T13:00:00Z,16834,-704,FALSE
2024-08-09T13:30:00Z,16635,-199,FALSE
2024-08-09T14:00:00Z,16451,-184,FALSE
2024-08-09T14:30:00Z,16329,-122,FALSE
2024-08-09T15:00:00Z,16625,296,FALSE
2024-08-09T15:30:00Z,16829,204,FALSE
2024-08-09T16:00:00Z,17533,704,FALSE
2024-08-09T16:30:00Z,18593,1060,FALSE
2024-08-09T17:00:00Z,20087,1494,TRUE
2024-08-09T17:30:00Z,20970,883,FALSE
2024-08-09T18:00:00Z,22021,1051,FALSE
2024-08-09T18:30:00Z,22769,748,FALSE
2024-08-09T19:00:00Z,23389,620,FALSE
2024-08-09T19:30:00Z,23514,125,FALSE
2024-08-09T20:00:00Z,23327,-187,FALSE
2024-08-09T20:30:00Z,23200,-127,FALSE
2024-08-09T21:00:00Z,22945,-255,FALSE
2024-08-09T21:30:00Z,22661,-284,FALSE
2024-08-09T22:00:00Z,21952,-709,FALSE
2024-08-09T22:30:00Z,21036,-916,FALSE
2024-08-09T23:00:00Z,19486,-1550,TRUE
2024-08-09T23:30:00Z,18627,-859,FALSE
2024-08-10T00:00:00Z,18059,-568,FALSE
2024-08-10T00:30:00Z,17696,-363,FALSE
2024-08-10T01:00:00Z,17163,-533,FALSE
2024-08-10T01:30:00Z,17064,-99,FALSE
2024-08-10T02:00:00Z,16526,-538,FALSE
2024-08-10T02:30:00Z,16306,-220,FALSE
2024-08-10T03:00:00Z,16001,-305,FALSE
2024-08-10T03:30:00Z,15682,-319,FALSE
2024-08-10T04:00:00Z,15692,10,FALSE
2024-08-10T04:30:00Z,15618,-74,FALSE
2024-08-10T05:00:00Z,15705,87,FALSE
2024-08-10T05:30:00Z,15767,62,FALSE
2024-08-10T06:00:00Z,16321,554,FALSE
2024-08-10T06:30:00Z,16748,427,FALSE
2024-08-10T07:00:00Z,17715,967,FALSE
2024-08-10T07:30:00Z,18064,349,FALSE
2024-08-10T08:00:00Z,19027,963,FALSE
2024-08-10T08:30:00Z,19454,427,FALSE
2024-08-10T09:00:00Z,20078,624,FALSE
2024-08-10T09:30:00Z,20122,44,FALSE
2024-08-10T10:00:00Z,20222,100,FALSE
2024-08-10T10:30:00Z,19961,-261,FALSE
2024-08-10T11:00:00Z,20364,403,FALSE
2024-08-10T11:30:00Z,20139,-225,FALSE
2024-08-10T12:00:00Z,19877,-262,FALSE
2024-08-10T12:30:00Z,19819,-58,FALSE
2024-08-10T13:00:00Z,19273,-546,FALSE
2024-08-10T13:30:00Z,18907,-366,FALSE
2024-08-10T14:00:00Z,18360,-547,FALSE
2024-08-10T14:30:00Z,17895,-465,FALSE
2024-08-10T15:00:00Z,17323,-572,FALSE
2024-08-10T15:30:00Z,17521,198,FALSE
2024-08-10T16:00:00Z,18087,566,FALSE
2024-08-10T16:30:00Z,18669,582,FALSE
2024-08-10T17:00:00Z,19946,1277,FALSE
2024-08-10T17:30:00Z,20823,877,FALSE
2024-08-10T18:00:00Z,21928,1105,FALSE
2024-08-10T18:30:00Z,22571,643,FALSE
2024-08-10T19:00:00Z,22682,111,FALSE
2024-08-10T19:30:00Z,22914,232,FALSE
2024-08-10T20:00:00Z,23192,278,FALSE
2024-08-10T20:30:00Z,23438,246,FALSE
2024-08-10T21:00:00Z,23442,4,FALSE
2024-08-10T21:30:00Z,22653,-789,FALSE
2024-08-10T22:00:00Z,21418,-1235,FALSE
2024-08-10T22:30:00Z,20581,-837,FALSE
2024-08-10T23:00:00Z,19808,-773,FALSE
2024-08-10T23:30:00Z,19148,-660,FALSE
2024-08-11T00:00:00Z,18325,-823,FALSE
2024-08-11T00:30:00Z,17878,-447,FALSE
2024-08-11T01:00:00Z,17587,-291,FALSE
2024-08-11T01:30:00Z,17416,-171,FALSE
2024-08-11T02:00:00Z,16989,-427,FALSE
2024-08-11T02:30:00Z,16575,-414,FALSE
2024-08-11T03:00:00Z,16212,-363,FALSE
2024-08-11T03:30:00Z,16135,-77,FALSE
2024-08-11T04:00:00Z,15814,-321,FALSE
2024-08-11T04:30:00Z,15697,-117,FALSE
2024-08-11T05:00:00Z,15726,29,FALSE
2024-08-11T05:30:00Z,15516,-210,FALSE
2024-08-11T06:00:00Z,15688,172,FALSE
2024-08-11T06:30:00Z,15869,181,FALSE
2024-08-11T07:00:00Z,16289,420,FALSE
2024-08-11T07:30:00Z,16551,262,FALSE
2024-08-11T08:00:00Z,17083,532,FALSE
2024-08-11T08:30:00Z,17306,223,FALSE
2024-08-11T09:00:00Z,17265,-41,FALSE
2024-08-11T09:30:00Z,17063,-202,FALSE
2024-08-11T10:00:00Z,16936,-127,FALSE
2024-08-11T10:30:00Z,16510,-426,FALSE
2024-08-11T11:00:00Z,16268,-242,FALSE
2024-08-11T11:30:00Z,15915,-353,FALSE
2024-08-11T12:00:00Z,15732,-183,FALSE
2024-08-11T12:30:00Z,15389,-343,FALSE
2024-08-11T13:00:00Z,15265,-124,FALSE
2024-08-11T13:30:00Z,14905,-360,FALSE
2024-08-11T14:00:00Z,14860,-45,FALSE
2024-08-11T14:30:00Z,14729,-131,FALSE
2024-08-11T15:00:00Z,14860,131,FALSE
2024-08-11T15:30:00Z,15363,503,FALSE
2024-08-11T16:00:00Z,16166,803,FALSE
2024-08-11T16:30:00Z,17275,1109,FALSE
2024-08-11T17:00:00Z,18707,1432,TRUE
2024-08-11T17:30:00Z,20064,1357,FALSE
2024-08-11T18:00:00Z,21018,954,FALSE
2024-08-11T18:30:00Z,22075,1057,FALSE
2024-08-11T19:00:00Z,22409,334,FALSE
2024-08-11T19:30:00Z,22861,452,FALSE
2024-08-11T20:00:00Z,22749,-112,FALSE
2024-08-11T20:30:00Z,22769,20,FALSE
2024-08-11T21:00:00Z,22700,-69,FALSE
2024-08-11T21:30:00Z,22377,-323,FALSE
2024-08-11T22:00:00Z,21328,-1049,FALSE
2024-08-11T22:30:00Z,20602,-726,FALSE
2024-08-11T23:00:00Z,18966,-1636,TRUE
2024-08-11T23:30:00Z,18207,-759,FALSE
2024-08-12T00:00:00Z,17562,-645,FALSE
2024-08-12T00:30:00Z,17265,-297,FALSE
2024-08-12T01:00:00Z,17122,-143,FALSE
2024-08-12T01:30:00Z,16906,-216,FALSE
2024-08-12T02:00:00Z,16524,-382,FALSE
2024-08-12T02:30:00Z,16224,-300,FALSE
2024-08-12T03:00:00Z,16097,-127,FALSE
2024-08-12T03:30:00Z,16167,70,FALSE
2024-08-12T04:00:00Z,15778,-389,FALSE
2024-08-12T04:30:00Z,15965,187,FALSE
2024-08-12T05:00:00Z,16447,482,FALSE
2024-08-12T05:30:00Z,16899,452,FALSE
2024-08-12T06:00:00Z,18566,1667,TRUE
2024-08-12T06:30:00Z,19717,1151,FALSE
2024-08-12T07:00:00Z,21100,1383,TRUE
2024-08-12T07:30:00Z,22042,942,FALSE
2024-08-12T08:00:00Z,23142,1100,FALSE
2024-08-12T08:30:00Z,23488,346,FALSE
2024-08-12T09:00:00Z,23831,343,FALSE
2024-08-12T09:30:00Z,23131,-700,FALSE
2024-08-12T10:00:00Z,22586,-545,FALSE
2024-08-12T10:30:00Z,22333,-253,FALSE
2024-08-12T11:00:00Z,22866,533,FALSE
2024-08-12T11:30:00Z,22829,-37,FALSE
2024-08-12T12:00:00Z,22640,-189,FALSE
2024-08-12T12:30:00Z,22517,-123,FALSE
2024-08-12T13:00:00Z,22611,94,FALSE
2024-08-12T13:30:00Z,22669,58,FALSE
2024-08-12T14:00:00Z,22389,-280,FALSE
2024-08-12T14:30:00Z,22067,-322,FALSE
2024-08-12T15:00:00Z,22102,35,FALSE
2024-08-12T15:30:00Z,22515,413,FALSE
2024-08-12T16:00:00Z,22625,110,FALSE
2024-08-12T16:30:00Z,23467,842,FALSE
2024-08-12T17:00:00Z,23855,388,FALSE
2024-08-12T17:30:00Z,24904,1049,FALSE
2024-08-12T18:00:00Z,25417,513,FALSE
2024-08-12T18:30:00Z,25986,569,FALSE
2024-08-12T19:00:00Z,26364,378,FALSE
2024-08-12T19:30:00Z,26333,-31,FALSE
2024-08-12T20:00:00Z,26264,-69,FALSE
2024-08-12T20:30:00Z,25851,-413,FALSE
2024-08-12T21:00:00Z,25872,21,FALSE
2024-08-12T21:30:00Z,25124,-748,FALSE
2024-08-12T22:00:00Z,24106,-1018,FALSE
2024-08-12T22:30:00Z,23065,-1041,FALSE
2024-08-12T23:00:00Z,21411,-1654,TRUE
2024-08-12T23:30:00Z,20454,-957,FALSE
2024-08-13T00:00:00Z,19485,-969,FALSE
2024-08-13T00:30:00Z,19049,-436,FALSE
2024-08-13T01:00:00Z,18799,-250,FALSE
2024-08-13T01:30:00Z,18748,-51,FALSE
2024-08-13T02:00:00Z,18163,-585,FALSE
2024-08-13T02:30:00Z,17796,-367,FALSE
2024-08-13T03:00:00Z,17994,198,FALSE
2024-08-13T03:30:00Z,17693,-301,FALSE
2024-08-13T04:00:00Z,17572,-121,FALSE
2024-08-13T04:30:00Z,17559,-13,FALSE
2024-08-13T05:00:00Z,17906,347,FALSE
2024-08-13T05:30:00Z,18274,368,FALSE
2024-08-13T06:00:00Z,19459,1185,FALSE
2024-08-13T06:30:00Z,20187,728,FALSE
2024-08-13T07:00:00Z,21445,1258,FALSE
2024-08-13T07:30:00Z,22055,610,FALSE
2024-08-13T08:00:00Z,22722,667,FALSE
2024-08-13T08:30:00Z,22585,-137,FALSE
2024-08-13T09:00:00Z,22615,30,FALSE
2024-08-13T09:30:00Z,22235,-380,FALSE
2024-08-13T10:00:00Z,21560,-675,FALSE
2024-08-13T10:30:00Z,21074,-486,FALSE
2024-08-13T11:00:00Z,20650,-424,FALSE
2024-08-13T11:30:00Z,20449,-201,FALSE
2024-08-13T12:00:00Z,20150,-299,FALSE
2024-08-13T12:30:00Z,20118,-32,FALSE
2024-08-13T13:00:00Z,19867,-251,FALSE
2024-08-13T13:30:00Z,19669,-198,FALSE
2024-08-13T14:00:00Z,19471,-198,FALSE
2024-08-13T14:30:00Z,19936,465,FALSE
2024-08-13T15:00:00Z,20089,153,FALSE
2024-08-13T15:30:00Z,20748,659,FALSE
2024-08-13T16:00:00Z,21702,954,FALSE
2024-08-13T16:30:00Z,23468,1766,TRUE
2024-08-13T17:00:00Z,24691,1223,FALSE
2024-08-13T17:30:00Z,25450,759,FALSE
2024-08-13T18:00:00Z,26061,611,FALSE
2024-08-13T18:30:00Z,26294,233,FALSE
2024-08-13T19:00:00Z,26362,68,FALSE
2024-08-13T19:30:00Z,26291,-71,FALSE
2024-08-13T20:00:00Z,26352,61,FALSE
2024-08-13T20:30:00Z,26247,-105,FALSE
2024-08-13T21:00:00Z,25824,-423,FALSE
2024-08-13T21:30:00Z,24906,-918,FALSE
2024-08-13T22:00:00Z,23763,-1143,FALSE
2024-08-13T22:30:00Z,22562,-1201,FALSE
2024-08-13T23:00:00Z,21235,-1327,FALSE
2024-08-13T23:30:00Z,20675,-560,FALSE
2024-08-14T00:00:00Z,19841,-834,FALSE
2024-08-14T00:30:00Z,19312,-529,FALSE
2024-08-14T01:00:00Z,19005,-307,FALSE
2024-08-14T01:30:00Z,18615,-390,FALSE
2024-08-14T02:00:00Z,18356,-259,FALSE
2024-08-14T02:30:00Z,17918,-438,FALSE
2024-08-14T03:00:00Z,17565,-353,FALSE
2024-08-14T03:30:00Z,17301,-264,FALSE
2024-08-14T04:00:00Z,17261,-40,FALSE
2024-08-14T04:30:00Z,17109,-152,FALSE
2024-08-14T05:00:00Z,17506,397,FALSE
2024-08-14T05:30:00Z,18001,495,FALSE
2024-08-14T06:00:00Z,19329,1328,FALSE
2024-08-14T06:30:00Z,20741,1412,TRUE
2024-08-14T07:00:00Z,22147,1406,TRUE
2024-08-14T07:30:00Z,22867,720,FALSE
2024-08-14T08:00:00Z,24081,1214,FALSE
2024-08-14T08:30:00Z,24499,418,FALSE
2024-08-14T09:00:00Z,24408,-91,FALSE
2024-08-14T09:30:00Z,24159,-249,FALSE
2024-08-14T10:00:00Z,23656,-503,FALSE
2024-08-14T10:30:00Z,23159,-497,FALSE
2024-08-14T11:00:00Z,22423,-736,FALSE
2024-08-14T11:30:00Z,22207,-216,FALSE
2024-08-14T12:00:00Z,22490,283,FALSE
2024-08-14T12:30:00Z,22493,3,FALSE
2024-08-14T13:00:00Z,22367,-126,FALSE
2024-08-14T13:30:00Z,22120,-247,FALSE
2024-08-14T14:00:00Z,22355,235,FALSE
2024-08-14T14:30:00Z,22582,227,FALSE
2024-08-14T15:00:00Z,22380,-202,FALSE
2024-08-14T15:30:00Z,22390,10,FALSE
2024-08-14T16:00:00Z,22965,575,FALSE
2024-08-14T16:30:00Z,23642,677,FALSE
2024-08-14T17:00:00Z,24250,608,FALSE
2024-08-14T17:30:00Z,25088,838,FALSE
2024-08-14T18:00:00Z,25642,554,FALSE
2024-08-14T18:30:00Z,25853,211,FALSE
2024-08-14T19:00:00Z,26170,317,FALSE
2024-08-14T19:30:00Z,26293,123,FALSE
2024-08-14T20:00:00Z,26496,203,FALSE
2024-08-14T20:30:00Z,26311,-185,FALSE
2024-08-14T21:00:00Z,25954,-357,FALSE
2024-08-14T21:30:00Z,24794,-1160,FALSE
2024-08-14T22:00:00Z,23518,-1276,FALSE
2024-08-14T22:30:00Z,22035,-1483,TRUE
2024-08-14T23:00:00Z,20885,-1150,FALSE
2024-08-14T23:30:00Z,19871,-1014,FALSE
2024-08-15T00:00:00Z,19113,-758,FALSE
2024-08-15T00:30:00Z,18768,-345,FALSE
2024-08-15T01:00:00Z,18105,-663,FALSE
2024-08-15T01:30:00Z,17878,-227,FALSE
2024-08-15T02:00:00Z,17411,-467,FALSE
2024-08-15T02:30:00Z,16967,-444,FALSE
2024-08-15T03:00:00Z,16926,-41,FALSE
2024-08-15T03:30:00Z,16573,-353,FALSE
2024-08-15T04:00:00Z,16394,-179,FALSE
2024-08-15T04:30:00Z,16189,-205,FALSE
2024-08-15T05:00:00Z,16642,453,FALSE
2024-08-15T05:30:00Z,16873,231,FALSE
2024-08-15T06:00:00Z,18282,1409,TRUE
2024-08-15T06:30:00Z,19251,969,FALSE
2024-08-15T07:00:00Z,20837,1586,TRUE
2024-08-15T07:30:00Z,21494,657,FALSE
2024-08-15T08:00:00Z,22307,813,FALSE
2024-08-15T08:30:00Z,22332,25,FALSE
2024-08-15T09:00:00Z,22141,-191,FALSE
2024-08-15T09:30:00Z,21991,-150,FALSE
2024-08-15T10:00:00Z,21868,-123,FALSE
2024-08-15T10:30:00Z,21843,-25,FALSE
2024-08-15T11:00:00Z,21794,-49,FALSE
2024-08-15T11:30:00Z,21967,173,FALSE
2024-08-15T12:00:00Z,21910,-57,FALSE
2024-08-15T12:30:00Z,21663,-247,FALSE
2024-08-15T13:00:00Z,21654,-9,FALSE
2024-08-15T13:30:00Z,21373,-281,FALSE
2024-08-15T14:00:00Z,21260,-113,FALSE
2024-08-15T14:30:00Z,21254,-6,FALSE
2024-08-15T15:00:00Z,21590,336,FALSE
2024-08-15T15:30:00Z,22372,782,FALSE
2024-08-15T16:00:00Z,23436,1064,FALSE
2024-08-15T16:30:00Z,24025,589,FALSE
2024-08-15T17:00:00Z,24851,826,FALSE
2024-08-15T17:30:00Z,25754,903,FALSE
2024-08-15T18:00:00Z,26016,262,FALSE
2024-08-15T18:30:00Z,26283,267,FALSE
2024-08-15T19:00:00Z,26339,56,FALSE
2024-08-15T19:30:00Z,26006,-333,FALSE
2024-08-15T20:00:00Z,25751,-255,FALSE
2024-08-15T20:30:00Z,25502,-249,FALSE
2024-08-15T21:00:00Z,25157,-345,FALSE
2024-08-15T21:30:00Z,24201,-956,FALSE
2024-08-15T22:00:00Z,22737,-1464,TRUE
2024-08-15T22:30:00Z,21754,-983,FALSE
2024-08-15T23:00:00Z,20802,-952,FALSE
2024-08-15T23:30:00Z,19973,-829,FALSE
2024-08-16T00:00:00Z,19400,-573,FALSE
2024-08-16T00:30:00Z,19080,-320,FALSE
2024-08-16T01:00:00Z,18689,-391,FALSE
2024-08-16T01:30:00Z,18487,-202,FALSE
2024-08-16T02:00:00Z,17945,-542,FALSE
2024-08-16T02:30:00Z,17665,-280,FALSE
2024-08-16T03:00:00Z,17420,-245,FALSE
2024-08-16T03:30:00Z,17413,-7,FALSE
2024-08-16T04:00:00Z,17272,-141,FALSE
2024-08-16T04:30:00Z,17203,-69,FALSE
2024-08-16T05:00:00Z,17545,342,FALSE
2024-08-16T05:30:00Z,18064,519,FALSE
2024-08-16T06:00:00Z,19269,1205,FALSE
2024-08-16T06:30:00Z,20241,972,FALSE
2024-08-16T07:00:00Z,21359,1118,FALSE
2024-08-16T07:30:00Z,21988,629,FALSE
2024-08-16T08:00:00Z,22414,426,FALSE
2024-08-16T08:30:00Z,22406,-8,FALSE
2024-08-16T09:00:00Z,21994,-412,FALSE
2024-08-16T09:30:00Z,21041,-953,FALSE
2024-08-16T10:00:00Z,20253,-788,FALSE
2024-08-16T10:30:00Z,19858,-395,FALSE
2024-08-16T11:00:00Z,19786,-72,FALSE
2024-08-16T11:30:00Z,19407,-379,FALSE
2024-08-16T12:00:00Z,18988,-419,FALSE
2024-08-16T12:30:00Z,18845,-143,FALSE
2024-08-16T13:00:00Z,18370,-475,FALSE
2024-08-16T13:30:00Z,17986,-384,FALSE
2024-08-16T14:00:00Z,17845,-141,FALSE
2024-08-16T14:30:00Z,17787,-58,FALSE
2024-08-16T15:00:00Z,17782,-5,FALSE
2024-08-16T15:30:00Z,18375,593,FALSE
2024-08-16T16:00:00Z,19016,641,FALSE
2024-08-16T16:30:00Z,19850,834,FALSE
2024-08-16T17:00:00Z,20829,979,FALSE
2024-08-16T17:30:00Z,22115,1286,FALSE
2024-08-16T18:00:00Z,23145,1030,FALSE
2024-08-16T18:30:00Z,24201,1056,FALSE
2024-08-16T19:00:00Z,24506,305,FALSE
2024-08-16T19:30:00Z,24636,130,FALSE
2024-08-16T20:00:00Z,24689,53,FALSE
2024-08-16T20:30:00Z,24983,294,FALSE
2024-08-16T21:00:00Z,24400,-583,FALSE
2024-08-16T21:30:00Z,23778,-622,FALSE
2024-08-16T22:00:00Z,22987,-791,FALSE
2024-08-16T22:30:00Z,22093,-894,FALSE
2024-08-16T23:00:00Z,20661,-1432,TRUE
2024-08-16T23:30:00Z,19673,-988,FALSE
2024-08-17T00:00:00Z,18998,-675,FALSE
2024-08-17T00:30:00Z,18486,-512,FALSE
2024-08-17T01:00:00Z,18090,-396,FALSE
2024-08-17T01:30:00Z,17709,-381,FALSE
2024-08-17T02:00:00Z,17464,-245,FALSE
2024-08-17T02:30:00Z,16949,-515,FALSE
2024-08-17T03:00:00Z,16330,-619,FALSE
2024-08-17T03:30:00Z,16294,-36,FALSE
2024-08-17T04:00:00Z,16234,-60,FALSE
2024-08-17T04:30:00Z,16199,-35,FALSE
2024-08-17T05:00:00Z,16255,56,FALSE
2024-08-17T05:30:00Z,16240,-15,FALSE
2024-08-17T06:00:00Z,16723,483,FALSE
2024-08-17T06:30:00Z,17204,481,FALSE
2024-08-17T07:00:00Z,17821,617,FALSE
2024-08-17T07:30:00Z,17936,115,FALSE
2024-08-17T08:00:00Z,18675,739,FALSE
2024-08-17T08:30:00Z,18551,-124,FALSE
2024-08-17T09:00:00Z,18358,-193,FALSE
2024-08-17T09:30:00Z,17694,-664,FALSE
2024-08-17T10:00:00Z,17129,-565,FALSE
2024-08-17T10:30:00Z,16937,-192,FALSE
2024-08-17T11:00:00Z,16917,-20,FALSE
2024-08-17T11:30:00Z,16778,-139,FALSE
2024-08-17T12:00:00Z,16873,95,FALSE
2024-08-17T12:30:00Z,16879,6,FALSE
2024-08-17T13:00:00Z,16918,39,FALSE
2024-08-17T13:30:00Z,16699,-219,FALSE
2024-08-17T14:00:00Z,16612,-87,FALSE
2024-08-17T14:30:00Z,16622,10,FALSE
2024-08-17T15:00:00Z,16706,84,FALSE
2024-08-17T15:30:00Z,17239,533,FALSE
2024-08-17T16:00:00Z,18216,977,FALSE
2024-08-17T16:30:00Z,19119,903,FALSE
2024-08-17T17:00:00Z,20485,1366,FALSE
2024-08-17T17:30:00Z,21801,1316,FALSE
2024-08-17T18:00:00Z,22479,678,FALSE
2024-08-17T18:30:00Z,23336,857,FALSE
2024-08-17T19:00:00Z,23354,18,FALSE
2024-08-17T19:30:00Z,23282,-72,FALSE
2024-08-17T20:00:00Z,22884,-398,FALSE
2024-08-17T20:30:00Z,23041,157,FALSE
2024-08-17T21:00:00Z,22937,-104,FALSE
2024-08-17T21:30:00Z,22344,-593,FALSE
2024-08-17T22:00:00Z,21534,-810,FALSE
2024-08-17T22:30:00Z,20501,-1033,FALSE
2024-08-17T23:00:00Z,19567,-934,FALSE
2024-08-17T23:30:00Z,18398,-1169,FALSE
2024-08-18T00:00:00Z,17819,-579,FALSE
2024-08-18T00:30:00Z,17384,-435,FALSE
2024-08-18T01:00:00Z,16937,-447,FALSE
2024-08-18T01:30:00Z,16711,-226,FALSE
2024-08-18T02:00:00Z,16420,-291,FALSE
2024-08-18T02:30:00Z,16026,-394,FALSE
2024-08-18T03:00:00Z,15600,-426,FALSE
2024-08-18T03:30:00Z,15267,-333,FALSE
2024-08-18T04:00:00Z,15008,-259,FALSE
2024-08-18T04:30:00Z,14980,-28,FALSE
2024-08-18T05:00:00Z,15084,104,FALSE
2024-08-18T05:30:00Z,15016,-68,FALSE
2024-08-18T06:00:00Z,15258,242,FALSE
2024-08-18T06:30:00Z,15539,281,FALSE
2024-08-18T07:00:00Z,16100,561,FALSE
2024-08-18T07:30:00Z,16318,218,FALSE
2024-08-18T08:00:00Z,16814,496,FALSE
2024-08-18T08:30:00Z,16727,-87,FALSE
2024-08-18T09:00:00Z,16840,113,FALSE
2024-08-18T09:30:00Z,16565,-275,FALSE
2024-08-18T10:00:00Z,16629,64,FALSE
2024-08-18T10:30:00Z,16457,-172,FALSE
2024-08-18T11:00:00Z,16256,-201,FALSE
2024-08-18T11:30:00Z,16157,-99,FALSE
2024-08-18T12:00:00Z,15810,-347,FALSE
2024-08-18T12:30:00Z,15431,-379,FALSE
2024-08-18T13:00:00Z,15303,-128,FALSE
2024-08-18T13:30:00Z,14795,-508,FALSE
2024-08-18T14:00:00Z,14275,-520,FALSE
2024-08-18T14:30:00Z,14169,-106,FALSE
2024-08-18T15:00:00Z,14739,570,FALSE
2024-08-18T15:30:00Z,15322,583,FALSE
2024-08-18T16:00:00Z,16818,1496,TRUE
2024-08-18T16:30:00Z,17839,1021,FALSE
2024-08-18T17:00:00Z,19053,1214,FALSE
2024-08-18T17:30:00Z,20491,1438,TRUE
2024-08-18T18:00:00Z,21472,981,FALSE
2024-08-18T18:30:00Z,22566,1094,FALSE
2024-08-18T19:00:00Z,22996,430,FALSE
2024-08-18T19:30:00Z,22886,-110,FALSE
2024-08-18T20:00:00Z,23037,151,FALSE
2024-08-18T20:30:00Z,23063,26,FALSE
2024-08-18T21:00:00Z,23096,33,FALSE
2024-08-18T21:30:00Z,22466,-630,FALSE
2024-08-18T22:00:00Z,21229,-1237,FALSE
2024-08-18T22:30:00Z,20307,-922,FALSE
2024-08-18T23:00:00Z,18998,-1309,FALSE
2024-08-18T23:30:00Z,18559,-439,FALSE
2024-08-19T00:00:00Z,17848,-711,FALSE
2024-08-19T00:30:00Z,17566,-282,FALSE
2024-08-19T01:00:00Z,17321,-245,FALSE
2024-08-19T01:30:00Z,17323,2,FALSE
2024-08-19T02:00:00Z,16803,-520,FALSE
2024-08-19T02:30:00Z,16550,-253,FALSE
2024-08-19T03:00:00Z,16065,-485,FALSE
2024-08-19T03:30:00Z,16302,237,FALSE
2024-08-19T04:00:00Z,16202,-100,FALSE
2024-08-19T04:30:00Z,16346,144,FALSE
2024-08-19T05:00:00Z,16654,308,FALSE
2024-08-19T05:30:00Z,17241,587,FALSE
2024-08-19T06:00:00Z,18685,1444,TRUE
2024-08-19T06:30:00Z,19578,893,FALSE
2024-08-19T07:00:00Z,20879,1301,FALSE
2024-08-19T07:30:00Z,21661,782,FALSE
2024-08-19T08:00:00Z,23130,1469,TRUE
2024-08-19T08:30:00Z,23639,509,FALSE
2024-08-19T09:00:00Z,23874,235,FALSE
2024-08-19T09:30:00Z,23373,-501,FALSE
2024-08-19T10:00:00Z,23040,-333,FALSE
2024-08-19T10:30:00Z,22890,-150,FALSE
2024-08-19T11:00:00Z,23037,147,FALSE
2024-08-19T11:30:00Z,23142,105,FALSE
2024-08-19T12:00:00Z,23325,183,FALSE
2024-08-19T12:30:00Z,23390,65,FALSE
2024-08-19T13:00:00Z,22924,-466,FALSE
2024-08-19T13:30:00Z,22869,-55,FALSE
2024-08-19T14:00:00Z,22738,-131,FALSE
2024-08-19T14:30:00Z,22702,-36,FALSE
2024-08-19T15:00:00Z,22841,139,FALSE
2024-08-19T15:30:00Z,23166,325,FALSE
2024-08-19T16:00:00Z,23219,53,FALSE
2024-08-19T16:30:00Z,23985,766,FALSE
2024-08-19T17:00:00Z,24221,236,FALSE
2024-08-19T17:30:00Z,24795,574,FALSE
2024-08-19T18:00:00Z,24870,75,FALSE
2024-08-19T18:30:00Z,25110,240,FALSE
2024-08-19T19:00:00Z,24775,-335,FALSE
2024-08-19T19:30:00Z,24633,-142,FALSE
2024-08-19T20:00:00Z,24086,-547,FALSE
2024-08-19T20:30:00Z,23839,-247,FALSE
2024-08-19T21:00:00Z,22946,-893,FALSE
2024-08-19T21:30:00Z,22278,-668,FALSE
2024-08-19T22:00:00Z,21177,-1101,FALSE
2024-08-19T22:30:00Z,19985,-1192,FALSE
2024-08-19T23:00:00Z,18790,-1195,FALSE
2024-08-19T23:30:00Z,17695,-1095,FALSE
2024-08-20T00:00:00Z,17610,-85,FALSE
2024-08-20T00:30:00Z,17275,-335,FALSE
2024-08-20T01:00:00Z,17138,-137,FALSE
2024-08-20T01:30:00Z,17044,-94,FALSE
2024-08-20T02:00:00Z,16941,-103,FALSE
2024-08-20T02:30:00Z,16674,-267,FALSE
2024-08-20T03:00:00Z,16775,101,FALSE
2024-08-20T03:30:00Z,16692,-83,FALSE
2024-08-20T04:00:00Z,16353,-339,FALSE
2024-08-20T04:30:00Z,16294,-59,FALSE
2024-08-20T05:00:00Z,16722,428,FALSE
2024-08-20T05:30:00Z,17332,610,FALSE
2024-08-20T06:00:00Z,18810,1478,TRUE
2024-08-20T06:30:00Z,19665,855,FALSE
2024-08-20T07:00:00Z,21213,1548,TRUE
2024-08-20T07:30:00Z,21410,197,FALSE
2024-08-20T08:00:00Z,22780,1370,FALSE
2024-08-20T08:30:00Z,22821,41,FALSE
2024-08-20T09:00:00Z,23098,277,FALSE
2024-08-20T09:30:00Z,22822,-276,FALSE
2024-08-20T10:00:00Z,22036,-786,FALSE
2024-08-20T10:30:00Z,21640,-396,FALSE
2024-08-20T11:00:00Z,20971,-669,FALSE
2024-08-20T11:30:00Z,20553,-418,FALSE
2024-08-20T12:00:00Z,20523,-30,FALSE
2024-08-20T12:30:00Z,19869,-654,FALSE
2024-08-20T13:00:00Z,18832,-1037,FALSE
2024-08-20T13:30:00Z,18140,-692,FALSE
2024-08-20T14:00:00Z,17498,-642,FALSE
2024-08-20T14:30:00Z,17531,33,FALSE
2024-08-20T15:00:00Z,17462,-69,FALSE
2024-08-20T15:30:00Z,17642,180,FALSE
2024-08-20T16:00:00Z,18318,676,FALSE
2024-08-20T16:30:00Z,18988,670,FALSE
2024-08-20T17:00:00Z,20577,1589,TRUE
2024-08-20T17:30:00Z,21654,1077,FALSE
2024-08-20T18:00:00Z,22790,1136,FALSE
2024-08-20T18:30:00Z,23665,875,FALSE
2024-08-20T19:00:00Z,24084,419,FALSE
2024-08-20T19:30:00Z,24436,352,FALSE
2024-08-20T20:00:00Z,24314,-122,FALSE
2024-08-20T20:30:00Z,24432,118,FALSE
2024-08-20T21:00:00Z,23784,-648,FALSE
2024-08-20T21:30:00Z,23205,-579,FALSE
2024-08-20T22:00:00Z,22050,-1155,FALSE
2024-08-20T22:30:00Z,20977,-1073,FALSE
2024-08-20T23:00:00Z,19412,-1565,TRUE
2024-08-20T23:30:00Z,18666,-746,FALSE
2024-08-21T00:00:00Z,17999,-667,FALSE
2024-08-21T00:30:00Z,17465,-534,FALSE
2024-08-21T01:00:00Z,16956,-509,FALSE
2024-08-21T01:30:00Z,16929,-27,FALSE
2024-08-21T02:00:00Z,16596,-333,FALSE
2024-08-21T02:30:00Z,16320,-276,FALSE
2024-08-21T03:00:00Z,16170,-150,FALSE
2024-08-21T03:30:00Z,16141,-29,FALSE
2024-08-21T04:00:00Z,16036,-105,FALSE
2024-08-21T04:30:00Z,16054,18,FALSE
2024-08-21T05:00:00Z,16790,736,FALSE
2024-08-21T05:30:00Z,17108,318,FALSE
2024-08-21T06:00:00Z,18576,1468,TRUE
2024-08-21T06:30:00Z,19707,1131,FALSE
2024-08-21T07:00:00Z,21067,1360,FALSE
2024-08-21T07:30:00Z,21739,672,FALSE
2024-08-21T08:00:00Z,22640,901,FALSE
2024-08-21T08:30:00Z,22424,-216,FALSE
2024-08-21T09:00:00Z,21822,-602,FALSE
2024-08-21T09:30:00Z,20942,-880,FALSE
2024-08-21T10:00:00Z,20235,-707,FALSE
2024-08-21T10:30:00Z,20173,-62,FALSE
2024-08-21T11:00:00Z,20141,-32,FALSE
2024-08-21T11:30:00Z,20130,-11,FALSE
2024-08-21T12:00:00Z,20261,131,FALSE
2024-08-21T12:30:00Z,20621,360,FALSE
2024-08-21T13:00:00Z,20992,371,FALSE
2024-08-21T13:30:00Z,21218,226,FALSE
2024-08-21T14:00:00Z,21356,138,FALSE
2024-08-21T14:30:00Z,21382,26,FALSE
2024-08-21T15:00:00Z,22128,746,FALSE
2024-08-21T15:30:00Z,22634,506,FALSE
2024-08-21T16:00:00Z,23077,443,FALSE
2024-08-21T16:30:00Z,23934,857,FALSE
2024-08-21T17:00:00Z,24639,705,FALSE
2024-08-21T17:30:00Z,25268,629,FALSE
2024-08-21T18:00:00Z,25523,255,FALSE
2024-08-21T18:30:00Z,25739,216,FALSE
2024-08-21T19:00:00Z,25539,-200,FALSE
2024-08-21T19:30:00Z,25092,-447,FALSE
2024-08-21T20:00:00Z,24682,-410,FALSE
2024-08-21T20:30:00Z,24438,-244,FALSE
2024-08-21T21:00:00Z,23738,-700,FALSE
2024-08-21T21:30:00Z,22622,-1116,FALSE
2024-08-21T22:00:00Z,21191,-1431,TRUE
2024-08-21T22:30:00Z,20464,-727,FALSE
2024-08-21T23:00:00Z,19063,-1401,TRUE
2024-08-21T23:30:00Z,18406,-657,FALSE
2024-08-22T00:00:00Z,17523,-883,FALSE
2024-08-22T00:30:00Z,17001,-522,FALSE
2024-08-22T01:00:00Z,16475,-526,FALSE
2024-08-22T01:30:00Z,16070,-405,FALSE
2024-08-22T02:00:00Z,15733,-337,FALSE
2024-08-22T02:30:00Z,15547,-186,FALSE
2024-08-22T03:00:00Z,15189,-358,FALSE
2024-08-22T03:30:00Z,15043,-146,FALSE
2024-08-22T04:00:00Z,14703,-340,FALSE
2024-08-22T04:30:00Z,14668,-35,FALSE
2024-08-22T05:00:00Z,14973,305,FALSE
2024-08-22T05:30:00Z,15479,506,FALSE
2024-08-22T06:00:00Z,17015,1536,TRUE
2024-08-22T06:30:00Z,18162,1147,FALSE
2024-08-22T07:00:00Z,20109,1947,TRUE
2024-08-22T07:30:00Z,21007,898,FALSE
2024-08-22T08:00:00Z,22673,1666,TRUE
2024-08-22T08:30:00Z,23316,643,FALSE
2024-08-22T09:00:00Z,24032,716,FALSE
2024-08-22T09:30:00Z,23962,-70,FALSE
2024-08-22T10:00:00Z,23515,-447,FALSE
2024-08-22T10:30:00Z,23300,-215,FALSE
2024-08-22T11:00:00Z,23260,-40,FALSE
2024-08-22T11:30:00Z,23234,-26,FALSE
2024-08-22T12:00:00Z,23229,-5,FALSE
2024-08-22T12:30:00Z,23218,-11,FALSE
2024-08-22T13:00:00Z,22979,-239,FALSE
2024-08-22T13:30:00Z,22655,-324,FALSE
2024-08-22T14:00:00Z,22348,-307,FALSE
2024-08-22T14:30:00Z,22132,-216,FALSE
2024-08-22T15:00:00Z,22327,195,FALSE
2024-08-22T15:30:00Z,22513,186,FALSE
2024-08-22T16:00:00Z,22911,398,FALSE
2024-08-22T16:30:00Z,23489,578,FALSE
2024-08-22T17:00:00Z,24196,707,FALSE
2024-08-22T17:30:00Z,24775,579,FALSE
2024-08-22T18:00:00Z,24897,122,FALSE
2024-08-22T18:30:00Z,24847,-50,FALSE
2024-08-22T19:00:00Z,24917,70,FALSE
2024-08-22T19:30:00Z,24780,-137,FALSE
2024-08-22T20:00:00Z,25244,464,FALSE
2024-08-22T20:30:00Z,25049,-195,FALSE
2024-08-22T21:00:00Z,24765,-284,FALSE
2024-08-22T21:30:00Z,23883,-882,FALSE
2024-08-22T22:00:00Z,22421,-1462,TRUE
2024-08-22T22:30:00Z,20931,-1490,TRUE
2024-08-22T23:00:00Z,19805,-1126,FALSE
2024-08-22T23:30:00Z,18916,-889,FALSE
2024-08-23T00:00:00Z,18257,-659,FALSE
2024-08-23T00:30:00Z,17854,-403,FALSE
2024-08-23T01:00:00Z,17296,-558,FALSE
2024-08-23T01:30:00Z,17050,-246,FALSE
2024-08-23T02:00:00Z,16422,-628,FALSE
2024-08-23T02:30:00Z,15954,-468,FALSE
2024-08-23T03:00:00Z,15574,-380,FALSE
2024-08-23T03:30:00Z,15484,-90,FALSE
2024-08-23T04:00:00Z,15366,-118,FALSE
2024-08-23T04:30:00Z,15289,-77,FALSE
2024-08-23T05:00:00Z,15175,-114,FALSE
2024-08-23T05:30:00Z,15679,504,FALSE
2024-08-23T06:00:00Z,16881,1202,FALSE
2024-08-23T06:30:00Z,17964,1083,FALSE
2024-08-23T07:00:00Z,19541,1577,TRUE
2024-08-23T07:30:00Z,20246,705,FALSE
2024-08-23T08:00:00Z,21008,762,FALSE
2024-08-23T08:30:00Z,20983,-25,FALSE
2024-08-23T09:00:00Z,20152,-831,FALSE
2024-08-23T09:30:00Z,19264,-888,FALSE
2024-08-23T10:00:00Z,18426,-838,FALSE
2024-08-23T10:30:00Z,17801,-625,FALSE
2024-08-23T11:00:00Z,17155,-646,FALSE
2024-08-23T11:30:00Z,16644,-511,FALSE
2024-08-23T12:00:00Z,16356,-288,FALSE
2024-08-23T12:30:00Z,16283,-73,FALSE
2024-08-23T13:00:00Z,16248,-35,FALSE
2024-08-23T13:30:00Z,16047,-201,FALSE
2024-08-23T14:00:00Z,16151,104,FALSE
2024-08-23T14:30:00Z,16189,38,FALSE
2024-08-23T15:00:00Z,16669,480,FALSE
2024-08-23T15:30:00Z,17636,967,FALSE
2024-08-23T16:00:00Z,18501,865,FALSE
2024-08-23T16:30:00Z,19350,849,FALSE
2024-08-23T17:00:00Z,20877,1527,TRUE
2024-08-23T17:30:00Z,22102,1225,FALSE
2024-08-23T18:00:00Z,22719,617,FALSE
2024-08-23T18:30:00Z,23330,611,FALSE
2024-08-23T19:00:00Z,23615,285,FALSE
2024-08-23T19:30:00Z,23967,352,FALSE
2024-08-23T20:00:00Z,23916,-51,FALSE
2024-08-23T20:30:00Z,23903,-13,FALSE
2024-08-23T21:00:00Z,23177,-726,FALSE
2024-08-23T21:30:00Z,22475,-702,FALSE
2024-08-23T22:00:00Z,21623,-852,FALSE
2024-08-23T22:30:00Z,20835,-788,FALSE
2024-08-23T23:00:00Z,19325,-1510,TRUE
2024-08-23T23:30:00Z,18826,-499,FALSE
2024-08-24T00:00:00Z,18235,-591,FALSE
2024-08-24T00:30:00Z,17711,-524,FALSE
2024-08-24T01:00:00Z,17244,-467,FALSE
2024-08-24T01:30:00Z,17067,-177,FALSE
2024-08-24T02:00:00Z,16891,-176,FALSE
2024-08-24T02:30:00Z,16604,-287,FALSE
2024-08-24T03:00:00Z,16281,-323,FALSE
2024-08-24T03:30:00Z,15950,-331,FALSE
2024-08-24T04:00:00Z,15837,-113,FALSE
2024-08-24T04:30:00Z,15807,-30,FALSE
2024-08-24T05:00:00Z,15928,121,FALSE
2024-08-24T05:30:00Z,16077,149,FALSE
2024-08-24T06:00:00Z,16461,384,FALSE
2024-08-24T06:30:00Z,17070,609,FALSE
2024-08-24T07:00:00Z,18346,1276,FALSE
2024-08-24T07:30:00Z,19143,797,FALSE
2024-08-24T08:00:00Z,20660,1517,TRUE
2024-08-24T08:30:00Z,21305,645,FALSE
2024-08-24T09:00:00Z,21795,490,FALSE
2024-08-24T09:30:00Z,21722,-73,FALSE
2024-08-24T10:00:00Z,21704,-18,FALSE
2024-08-24T10:30:00Z,21774,70,FALSE
2024-08-24T11:00:00Z,21455,-319,FALSE
2024-08-24T11:30:00Z,21219,-236,FALSE
2024-08-24T12:00:00Z,20575,-644,FALSE
2024-08-24T12:30:00Z,19938,-637,FALSE
2024-08-24T13:00:00Z,19190,-748,FALSE
2024-08-24T13:30:00Z,18450,-740,FALSE
2024-08-24T14:00:00Z,18014,-436,FALSE
2024-08-24T14:30:00Z,17604,-410,FALSE
2024-08-24T15:00:00Z,17106,-498,FALSE
2024-08-24T15:30:00Z,16903,-203,FALSE
2024-08-24T16:00:00Z,17162,259,FALSE
2024-08-24T16:30:00Z,17984,822,FALSE
2024-08-24T17:00:00Z,19038,1054,FALSE
2024-08-24T17:30:00Z,20135,1097,FALSE
2024-08-24T18:00:00Z,21029,894,FALSE
2024-08-24T18:30:00Z,21531,502,FALSE
2024-08-24T19:00:00Z,22207,676,FALSE
2024-08-24T19:30:00Z,22196,-11,FALSE
2024-08-24T20:00:00Z,22550,354,FALSE
2024-08-24T20:30:00Z,22852,302,FALSE
2024-08-24T21:00:00Z,22230,-622,FALSE
2024-08-24T21:30:00Z,21430,-800,FALSE
2024-08-24T22:00:00Z,20349,-1081,FALSE
2024-08-24T22:30:00Z,19742,-607,FALSE
2024-08-24T23:00:00Z,18362,-1380,FALSE
2024-08-24T23:30:00Z,17822,-540,FALSE
2024-08-25T00:00:00Z,17151,-671,FALSE
2024-08-25T00:30:00Z,17073,-78,FALSE
2024-08-25T01:00:00Z,16665,-408,FALSE
2024-08-25T01:30:00Z,16227,-438,FALSE
2024-08-25T02:00:00Z,15884,-343,FALSE
2024-08-25T02:30:00Z,15500,-384,FALSE
2024-08-25T03:00:00Z,15296,-204,FALSE
2024-08-25T03:30:00Z,15212,-84,FALSE
2024-08-25T04:00:00Z,14795,-417,FALSE
2024-08-25T04:30:00Z,14518,-277,FALSE
2024-08-25T05:00:00Z,14693,175,FALSE
2024-08-25T05:30:00Z,14472,-221,FALSE
2024-08-25T06:00:00Z,14897,425,FALSE
2024-08-25T06:30:00Z,14819,-78,FALSE
2024-08-25T07:00:00Z,15481,662,FALSE
2024-08-25T07:30:00Z,15595,114,FALSE
2024-08-25T08:00:00Z,16136,541,FALSE
2024-08-25T08:30:00Z,15229,-907,FALSE
2024-08-25T09:00:00Z,15196,-33,FALSE
2024-08-25T09:30:00Z,15024,-172,FALSE
2024-08-25T10:00:00Z,14569,-455,FALSE
2024-08-25T10:30:00Z,14402,-167,FALSE
2024-08-25T11:00:00Z,14426,24,FALSE
2024-08-25T11:30:00Z,14732,306,FALSE
2024-08-25T12:00:00Z,15326,594,FALSE
2024-08-25T12:30:00Z,15765,439,FALSE
2024-08-25T13:00:00Z,15785,20,FALSE
2024-08-25T13:30:00Z,16015,230,FALSE
2024-08-25T14:00:00Z,15835,-180,FALSE
2024-08-25T14:30:00Z,15859,24,FALSE
2024-08-25T15:00:00Z,16015,156,FALSE
2024-08-25T15:30:00Z,17092,1077,FALSE
2024-08-25T16:00:00Z,18100,1008,FALSE
2024-08-25T16:30:00Z,19031,931,FALSE
2024-08-25T17:00:00Z,20394,1363,FALSE
2024-08-25T17:30:00Z,21136,742,FALSE
2024-08-25T18:00:00Z,21402,266,FALSE
2024-08-25T18:30:00Z,21256,-146,FALSE
2024-08-25T19:00:00Z,21295,39,FALSE
2024-08-25T19:30:00Z,21467,172,FALSE
2024-08-25T20:00:00Z,21175,-292,FALSE
2024-08-25T20:30:00Z,20917,-258,FALSE
2024-08-25T21:00:00Z,20623,-294,FALSE
2024-08-25T21:30:00Z,20075,-548,FALSE
2024-08-25T22:00:00Z,19160,-915,FALSE
2024-08-25T22:30:00Z,18643,-517,FALSE
2024-08-25T23:00:00Z,17815,-828,FALSE
2024-08-25T23:30:00Z,17058,-757,FALSE
2024-08-26T00:00:00Z,16398,-660,FALSE
2024-08-26T00:30:00Z,16028,-370,FALSE
2024-08-26T01:00:00Z,15716,-312,FALSE
2024-08-26T01:30:00Z,15682,-34,FALSE
2024-08-26T02:00:00Z,15576,-106,FALSE
2024-08-26T02:30:00Z,15412,-164,FALSE
2024-08-26T03:00:00Z,15382,-30,FALSE
2024-08-26T03:30:00Z,15078,-304,FALSE
2024-08-26T04:00:00Z,14918,-160,FALSE
2024-08-26T04:30:00Z,14717,-201,FALSE
2024-08-26T05:00:00Z,15029,312,FALSE
2024-08-26T05:30:00Z,15205,176,FALSE
2024-08-26T06:00:00Z,16337,1132,FALSE
2024-08-26T06:30:00Z,16737,400,FALSE
2024-08-26T07:00:00Z,17158,421,FALSE
2024-08-26T07:30:00Z,17113,-45,FALSE
2024-08-26T08:00:00Z,17693,580,FALSE
2024-08-26T08:30:00Z,17468,-225,FALSE
2024-08-26T09:00:00Z,17733,265,FALSE
2024-08-26T09:30:00Z,17589,-144,FALSE
2024-08-26T10:00:00Z,17410,-179,FALSE
2024-08-26T10:30:00Z,17380,-30,FALSE
2024-08-26T11:00:00Z,17138,-242,FALSE
2024-08-26T11:30:00Z,17073,-65,FALSE
2024-08-26T12:00:00Z,17707,634,FALSE
2024-08-26T12:30:00Z,17319,-388,FALSE
2024-08-26T13:00:00Z,17020,-299,FALSE
2024-08-26T13:30:00Z,16666,-354,FALSE
2024-08-26T14:00:00Z,16154,-512,FALSE
2024-08-26T14:30:00Z,16330,176,FALSE
2024-08-26T15:00:00Z,17072,742,FALSE
2024-08-26T15:30:00Z,17679,607,FALSE
2024-08-26T16:00:00Z,18069,390,FALSE
2024-08-26T16:30:00Z,19523,1454,TRUE
2024-08-26T17:00:00Z,20674,1151,FALSE
2024-08-26T17:30:00Z,22206,1532,TRUE
2024-08-26T18:00:00Z,22907,701,FALSE
2024-08-26T18:30:00Z,23633,726,FALSE
2024-08-26T19:00:00Z,23760,127,FALSE
2024-08-26T19:30:00Z,23808,48,FALSE
2024-08-26T20:00:00Z,24303,495,FALSE
2024-08-26T20:30:00Z,23846,-457,FALSE
2024-08-26T21:00:00Z,23078,-768,FALSE
2024-08-26T21:30:00Z,22068,-1010,FALSE
2024-08-26T22:00:00Z,21103,-965,FALSE
2024-08-26T22:30:00Z,20243,-860,FALSE
2024-08-26T23:00:00Z,19022,-1221,FALSE
2024-08-26T23:30:00Z,18199,-823,FALSE
2024-08-27T00:00:00Z,17626,-573,FALSE
2024-08-27T00:30:00Z,17275,-351,FALSE
2024-08-27T01:00:00Z,17015,-260,FALSE
2024-08-27T01:30:00Z,16981,-34,FALSE
2024-08-27T02:00:00Z,16336,-645,FALSE
2024-08-27T02:30:00Z,16052,-284,FALSE
2024-08-27T03:00:00Z,15667,-385,FALSE
2024-08-27T03:30:00Z,15530,-137,FALSE
2024-08-27T04:00:00Z,15551,21,FALSE
2024-08-27T04:30:00Z,15565,14,FALSE
2024-08-27T05:00:00Z,16021,456,FALSE
2024-08-27T05:30:00Z,16521,500,FALSE
2024-08-27T06:00:00Z,18149,1628,TRUE
2024-08-27T06:30:00Z,19219,1070,FALSE
2024-08-27T07:00:00Z,20476,1257,FALSE
2024-08-27T07:30:00Z,21216,740,FALSE
2024-08-27T08:00:00Z,22312,1096,FALSE
2024-08-27T08:30:00Z,22386,74,FALSE
2024-08-27T09:00:00Z,22613,227,FALSE
2024-08-27T09:30:00Z,22383,-230,FALSE
2024-08-27T10:00:00Z,22265,-118,FALSE
2024-08-27T10:30:00Z,21879,-386,FALSE
2024-08-27T11:00:00Z,22155,276,FALSE
2024-08-27T11:30:00Z,21760,-395,FALSE
2024-08-27T12:00:00Z,22026,266,FALSE
2024-08-27T12:30:00Z,21921,-105,FALSE
2024-08-27T13:00:00Z,21568,-353,FALSE
2024-08-27T13:30:00Z,21506,-62,FALSE
2024-08-27T14:00:00Z,21110,-396,FALSE
2024-08-27T14:30:00Z,21050,-60,FALSE
2024-08-27T15:00:00Z,21266,216,FALSE
2024-08-27T15:30:00Z,21487,221,FALSE
2024-08-27T16:00:00Z,21448,-39,FALSE
2024-08-27T16:30:00Z,22825,1377,FALSE
2024-08-27T17:00:00Z,24307,1482,TRUE
2024-08-27T17:30:00Z,25568,1261,FALSE
2024-08-27T18:00:00Z,25841,273,FALSE
2024-08-27T18:30:00Z,26455,614,FALSE
2024-08-27T19:00:00Z,26088,-367,FALSE
2024-08-27T19:30:00Z,25744,-344,FALSE
2024-08-27T20:00:00Z,25846,102,FALSE
2024-08-27T20:30:00Z,25612,-234,FALSE
2024-08-27T21:00:00Z,24962,-650,FALSE
2024-08-27T21:30:00Z,23893,-1069,FALSE
2024-08-27T22:00:00Z,22762,-1131,FALSE
2024-08-27T22:30:00Z,21661,-1101,FALSE
2024-08-27T23:00:00Z,20284,-1377,FALSE
2024-08-27T23:30:00Z,19421,-863,FALSE
2024-08-28T00:00:00Z,18937,-484,FALSE
2024-08-28T00:30:00Z,18599,-338,FALSE
2024-08-28T01:00:00Z,18157,-442,FALSE
2024-08-28T01:30:00Z,18036,-121,FALSE
2024-08-28T02:00:00Z,17540,-496,FALSE
2024-08-28T02:30:00Z,17157,-383,FALSE
2024-08-28T03:00:00Z,17156,-1,FALSE
2024-08-28T03:30:00Z,16951,-205,FALSE
2024-08-28T04:00:00Z,16747,-204,FALSE
2024-08-28T04:30:00Z,16831,84,FALSE
2024-08-28T05:00:00Z,17191,360,FALSE
2024-08-28T05:30:00Z,17870,679,FALSE
2024-08-28T06:00:00Z,19265,1395,TRUE
2024-08-28T06:30:00Z,20120,855,FALSE
2024-08-28T07:00:00Z,21776,1656,TRUE
2024-08-28T07:30:00Z,22165,389,FALSE
2024-08-28T08:00:00Z,23793,1628,TRUE
2024-08-28T08:30:00Z,24259,466,FALSE
2024-08-28T09:00:00Z,24340,81,FALSE
2024-08-28T09:30:00Z,24377,37,FALSE
2024-08-28T10:00:00Z,24369,-8,FALSE
2024-08-28T10:30:00Z,24227,-142,FALSE
2024-08-28T11:00:00Z,24044,-183,FALSE
2024-08-28T11:30:00Z,23947,-97,FALSE
2024-08-28T12:00:00Z,23669,-278,FALSE
2024-08-28T12:30:00Z,23525,-144,FALSE
2024-08-28T13:00:00Z,23122,-403,FALSE
2024-08-28T13:30:00Z,23027,-95,FALSE
2024-08-28T14:00:00Z,22945,-82,FALSE
2024-08-28T14:30:00Z,23173,228,FALSE
2024-08-28T15:00:00Z,23185,12,FALSE
2024-08-28T15:30:00Z,23577,392,FALSE
2024-08-28T16:00:00Z,23501,-76,FALSE
2024-08-28T16:30:00Z,24839,1338,FALSE
2024-08-28T17:00:00Z,25359,520,FALSE
2024-08-28T17:30:00Z,26262,903,FALSE
2024-08-28T18:00:00Z,26673,411,FALSE
2024-08-28T18:30:00Z,26587,-86,FALSE
2024-08-28T19:00:00Z,26884,297,FALSE
2024-08-28T19:30:00Z,26764,-120,FALSE
2024-08-28T20:00:00Z,26556,-208,FALSE
2024-08-28T20:30:00Z,26418,-138,FALSE
2024-08-28T21:00:00Z,25541,-877,FALSE
2024-08-28T21:30:00Z,24480,-1061,FALSE
2024-08-28T22:00:00Z,23403,-1077,FALSE
2024-08-28T22:30:00Z,22223,-1180,FALSE
2024-08-28T23:00:00Z,21135,-1088,FALSE
2024-08-28T23:30:00Z,19903,-1232,FALSE
2024-08-29T00:00:00Z,19147,-756,FALSE
2024-08-29T00:30:00Z,18534,-613,FALSE
2024-08-29T01:00:00Z,18338,-196,FALSE
2024-08-29T01:30:00Z,18232,-106,FALSE
2024-08-29T02:00:00Z,18201,-31,FALSE
2024-08-29T02:30:00Z,17588,-613,FALSE
2024-08-29T03:00:00Z,17340,-248,FALSE
2024-08-29T03:30:00Z,17042,-298,FALSE
2024-08-29T04:00:00Z,16880,-162,FALSE
2024-08-29T04:30:00Z,17105,225,FALSE
2024-08-29T05:00:00Z,17117,12,FALSE
2024-08-29T05:30:00Z,17766,649,FALSE
2024-08-29T06:00:00Z,18844,1078,FALSE
2024-08-29T06:30:00Z,19821,977,FALSE
2024-08-29T07:00:00Z,21360,1539,TRUE
2024-08-29T07:30:00Z,21989,629,FALSE
2024-08-29T08:00:00Z,23097,1108,FALSE
2024-08-29T08:30:00Z,22968,-129,FALSE
2024-08-29T09:00:00Z,22745,-223,FALSE
2024-08-29T09:30:00Z,21865,-880,FALSE
2024-08-29T10:00:00Z,21172,-693,FALSE
2024-08-29T10:30:00Z,20879,-293,FALSE
2024-08-29T11:00:00Z,20295,-584,FALSE
2024-08-29T11:30:00Z,19867,-428,FALSE
2024-08-29T12:00:00Z,19861,-6,FALSE
2024-08-29T12:30:00Z,19760,-101,FALSE
2024-08-29T13:00:00Z,19425,-335,FALSE
2024-08-29T13:30:00Z,19403,-22,FALSE
2024-08-29T14:00:00Z,19524,121,FALSE
2024-08-29T14:30:00Z,19702,178,FALSE
2024-08-29T15:00:00Z,19674,-28,FALSE
2024-08-29T15:30:00Z,20092,418,FALSE
2024-08-29T16:00:00Z,20251,159,FALSE
2024-08-29T16:30:00Z,21774,1523,TRUE
2024-08-29T17:00:00Z,22759,985,FALSE
2024-08-29T17:30:00Z,23967,1208,FALSE
2024-08-29T18:00:00Z,25369,1402,TRUE
2024-08-29T18:30:00Z,26021,652,FALSE
2024-08-29T19:00:00Z,26258,237,FALSE
2024-08-29T19:30:00Z,26274,16,FALSE
2024-08-29T20:00:00Z,26441,167,FALSE
2024-08-29T20:30:00Z,26690,249,FALSE
2024-08-29T21:00:00Z,25511,-1179,FALSE
2024-08-29T21:30:00Z,24616,-895,FALSE
2024-08-29T22:00:00Z,23606,-1010,FALSE
2024-08-29T22:30:00Z,22432,-1174,FALSE
2024-08-29T23:00:00Z,21103,-1329,FALSE
2024-08-29T23:30:00Z,19981,-1122,FALSE
2024-08-30T00:00:00Z,19405,-576,FALSE
2024-08-30T00:30:00Z,18998,-407,FALSE
2024-08-30T01:00:00Z,18677,-321,FALSE
2024-08-30T01:30:00Z,18590,-87,FALSE
2024-08-30T02:00:00Z,18443,-147,FALSE
2024-08-30T02:30:00Z,18096,-347,FALSE
2024-08-30T03:00:00Z,17761,-335,FALSE
2024-08-30T03:30:00Z,17810,49,FALSE
2024-08-30T04:00:00Z,17563,-247,FALSE
2024-08-30T04:30:00Z,17359,-204,FALSE
2024-08-30T05:00:00Z,17628,269,FALSE
2024-08-30T05:30:00Z,18314,686,FALSE
2024-08-30T06:00:00Z,19346,1032,FALSE
2024-08-30T06:30:00Z,20227,881,FALSE
2024-08-30T07:00:00Z,21910,1683,TRUE
2024-08-30T07:30:00Z,22158,248,FALSE
2024-08-30T08:00:00Z,22968,810,FALSE
2024-08-30T08:30:00Z,22701,-267,FALSE
2024-08-30T09:00:00Z,22077,-624,FALSE
2024-08-30T09:30:00Z,21202,-875,FALSE
2024-08-30T10:00:00Z,20359,-843,FALSE
2024-08-30T10:30:00Z,19650,-709,FALSE
2024-08-30T11:00:00Z,19341,-309,FALSE
2024-08-30T11:30:00Z,19103,-238,FALSE
2024-08-30T12:00:00Z,19541,438,FALSE
2024-08-30T12:30:00Z,19672,131,FALSE
2024-08-30T13:00:00Z,19632,-40,FALSE
2024-08-30T13:30:00Z,19701,69,FALSE
2024-08-30T14:00:00Z,19493,-208,FALSE
2024-08-30T14:30:00Z,19437,-56,FALSE
2024-08-30T15:00:00Z,19627,190,FALSE
2024-08-30T15:30:00Z,20016,389,FALSE
2024-08-30T16:00:00Z,20106,90,FALSE
2024-08-30T16:30:00Z,21161,1055,FALSE
2024-08-30T17:00:00Z,22305,1144,FALSE
2024-08-30T17:30:00Z,23155,850,FALSE
2024-08-30T18:00:00Z,23846,691,FALSE
2024-08-30T18:30:00Z,24526,680,FALSE
2024-08-30T19:00:00Z,25114,588,FALSE
2024-08-30T19:30:00Z,25173,59,FALSE
2024-08-30T20:00:00Z,25428,255,FALSE
2024-08-30T20:30:00Z,25270,-158,FALSE
2024-08-30T21:00:00Z,24465,-805,FALSE
2024-08-30T21:30:00Z,23380,-1085,FALSE
2024-08-30T22:00:00Z,22433,-947,FALSE
2024-08-30T22:30:00Z,21099,-1334,FALSE
2024-08-30T23:00:00Z,19966,-1133,FALSE
2024-08-30T23:30:00Z,19203,-763,FALSE
2024-08-31T00:00:00Z,18625,-578,FALSE
2024-08-31T00:30:00Z,18043,-582,FALSE
2024-08-31T01:00:00Z,17583,-460,FALSE
2024-08-31T01:30:00Z,17349,-234,FALSE
2024-08-31T02:00:00Z,16987,-362,FALSE
2024-08-31T02:30:00Z,16448,-539,FALSE
2024-08-31T03:00:00Z,16106,-342,FALSE
2024-08-31T03:30:00Z,15874,-232,FALSE
2024-08-31T04:00:00Z,15738,-136,FALSE
2024-08-31T04:30:00Z,15718,-20,FALSE
2024-08-31T05:00:00Z,15858,140,FALSE
2024-08-31T05:30:00Z,15939,81,FALSE
2024-08-31T06:00:00Z,16442,503,FALSE
2024-08-31T06:30:00Z,16787,345,FALSE
2024-08-31T07:00:00Z,17492,705,FALSE
2024-08-31T07:30:00Z,17905,413,FALSE
2024-08-31T08:00:00Z,18748,843,FALSE
2024-08-31T08:30:00Z,18523,-225,FALSE
2024-08-31T09:00:00Z,18455,-68,FALSE
2024-08-31T09:30:00Z,18470,15,FALSE
2024-08-31T10:00:00Z,18410,-60,FALSE
2024-08-31T10:30:00Z,18326,-84,FALSE
2024-08-31T11:00:00Z,17970,-356,FALSE
2024-08-31T11:30:00Z,17768,-202,FALSE
2024-08-31T12:00:00Z,17750,-18,FALSE
2024-08-31T12:30:00Z,17732,-18,FALSE
2024-08-31T13:00:00Z,17739,7,FALSE
2024-08-31T13:30:00Z,17729,-10,FALSE
2024-08-31T14:00:00Z,17619,-110,FALSE
2024-08-31T14:30:00Z,17807,188,FALSE
2024-08-31T15:00:00Z,18032,225,FALSE
2024-08-31T15:30:00Z,18596,564,FALSE
2024-08-31T16:00:00Z,19377,781,FALSE
2024-08-31T16:30:00Z,20639,1262,FALSE
2024-08-31T17:00:00Z,21581,942,FALSE
2024-08-31T17:30:00Z,22441,860,FALSE
2024-08-31T18:00:00Z,22667,226,FALSE
2024-08-31T18:30:00Z,22889,222,FALSE
2024-08-31T19:00:00Z,22956,67,FALSE
2024-08-31T19:30:00Z,23181,225,FALSE
2024-08-31T20:00:00Z,23785,604,FALSE
2024-08-31T20:30:00Z,23506,-279,FALSE
2024-08-31T21:00:00Z,22709,-797,FALSE
2024-08-31T21:30:00Z,21819,-890,FALSE
2024-08-31T22:00:00Z,20764,-1055,FALSE
2024-08-31T22:30:00Z,19853,-911,FALSE
2024-08-31T23:00:00Z,18770,-1083,FALSE
2024-08-31T23:30:00Z,18095,-675,FALSE
2024-09-01T00:00:00Z,17640,-455,FALSE
2024-09-01T00:30:00Z,17250,-390,FALSE
2024-09-01T01:00:00Z,16767,-483,FALSE
2024-09-01T01:30:00Z,16708,-59,FALSE
2024-09-01T02:00:00Z,16492,-216,FALSE
2024-09-01T02:30:00Z,16064,-428,FALSE
2024-09-01T03:00:00Z,15509,-555,FALSE
2024-09-01T03:30:00Z,15329,-180,FALSE
2024-09-01T04:00:00Z,15368,39,FALSE
2024-09-01T04:30:00Z,15169,-199,FALSE
2024-09-01T05:00:00Z,15358,189,FALSE
2024-09-01T05:30:00Z,15428,70,FALSE
2024-09-01T06:00:00Z,15779,351,FALSE
2024-09-01T06:30:00Z,16029,250,FALSE
2024-09-01T07:00:00Z,16795,766,FALSE
2024-09-01T07:30:00Z,17258,463,FALSE
2024-09-01T08:00:00Z,18470,1212,FALSE
2024-09-01T08:30:00Z,18747,277,FALSE
2024-09-01T09:00:00Z,19891,1144,FALSE
2024-09-01T09:30:00Z,20015,124,FALSE
2024-09-01T10:00:00Z,20004,-11,FALSE
2024-09-01T10:30:00Z,19492,-512,FALSE
2024-09-01T11:00:00Z,19295,-197,FALSE
2024-09-01T11:30:00Z,19224,-71,FALSE
2024-09-01T12:00:00Z,19138,-86,FALSE
2024-09-01T12:30:00Z,18972,-166,FALSE
2024-09-01T13:00:00Z,19118,146,FALSE
2024-09-01T13:30:00Z,19203,85,FALSE
2024-09-01T14:00:00Z,19158,-45,FALSE
2024-09-01T14:30:00Z,19490,332,FALSE
2024-09-01T15:00:00Z,20108,618,FALSE
2024-09-01T15:30:00Z,21102,994,FALSE
2024-09-01T16:00:00Z,22213,1111,FALSE
2024-09-01T16:30:00Z,23401,1188,FALSE
2024-09-01T17:00:00Z,24438,1037,FALSE
2024-09-01T17:30:00Z,24964,526,FALSE
2024-09-01T18:00:00Z,24982,18,FALSE
2024-09-01T18:30:00Z,25094,112,FALSE
2024-09-01T19:00:00Z,24915,-179,FALSE
2024-09-01T19:30:00Z,25341,426,FALSE
2024-09-01T20:00:00Z,25651,310,FALSE
2024-09-01T20:30:00Z,25280,-371,FALSE
2024-09-01T21:00:00Z,24013,-1267,FALSE
2024-09-01T21:30:00Z,23219,-794,FALSE
2024-09-01T22:00:00Z,22616,-603,FALSE
2024-09-01T22:30:00Z,21551,-1065,FALSE
2024-09-01T23:00:00Z,20232,-1319,FALSE
2024-09-01T23:30:00Z,19299,-933,FALSE
2024-09-02T00:00:00Z,18525,-774,FALSE
2024-09-02T00:30:00Z,18319,-206,FALSE
2024-09-02T01:00:00Z,18130,-189,FALSE
2024-09-02T01:30:00Z,18189,59,FALSE
2024-09-02T02:00:00Z,17974,-215,FALSE
2024-09-02T02:30:00Z,17838,-136,FALSE
2024-09-02T03:00:00Z,17497,-341,FALSE
2024-09-02T03:30:00Z,17408,-89,FALSE
2024-09-02T04:00:00Z,17150,-258,FALSE
2024-09-02T04:30:00Z,17077,-73,FALSE
2024-09-02T05:00:00Z,17435,358,FALSE
2024-09-02T05:30:00Z,18302,867,FALSE
2024-09-02T06:00:00Z,19924,1622,TRUE
2024-09-02T06:30:00Z,20935,1011,FALSE
2024-09-02T07:00:00Z,22451,1516,TRUE
2024-09-02T07:30:00Z,23703,1252,FALSE
2024-09-02T08:00:00Z,25973,2270,TRUE
2024-09-02T08:30:00Z,26834,861,FALSE
2024-09-02T09:00:00Z,27181,347,FALSE
2024-09-02T09:30:00Z,27278,97,FALSE
2024-09-02T10:00:00Z,27044,-234,FALSE
2024-09-02T10:30:00Z,27217,173,FALSE
2024-09-02T11:00:00Z,27316,99,FALSE
2024-09-02T11:30:00Z,27366,50,FALSE
2024-09-02T12:00:00Z,27535,169,FALSE
2024-09-02T12:30:00Z,27425,-110,FALSE
2024-09-02T13:00:00Z,27106,-319,FALSE
2024-09-02T13:30:00Z,26594,-512,FALSE
2024-09-02T14:00:00Z,26265,-329,FALSE
2024-09-02T14:30:00Z,26176,-89,FALSE
2024-09-02T15:00:00Z,26056,-120,FALSE
2024-09-02T15:30:00Z,26105,49,FALSE
2024-09-02T16:00:00Z,26317,212,FALSE
2024-09-02T16:30:00Z,26916,599,FALSE
2024-09-02T17:00:00Z,27469,553,FALSE
2024-09-02T17:30:00Z,28177,708,FALSE
2024-09-02T18:00:00Z,28108,-69,FALSE
2024-09-02T18:30:00Z,28221,113,FALSE
2024-09-02T19:00:00Z,27820,-401,FALSE
2024-09-02T19:30:00Z,27848,28,FALSE
2024-09-02T20:00:00Z,28129,281,FALSE
2024-09-02T20:30:00Z,27445,-684,FALSE
2024-09-02T21:00:00Z,26260,-1185,FALSE
2024-09-02T21:30:00Z,24856,-1404,TRUE
2024-09-02T22:00:00Z,23323,-1533,TRUE
2024-09-02T22:30:00Z,22263,-1060,FALSE
2024-09-02T23:00:00Z,20690,-1573,TRUE
2024-09-02T23:30:00Z,19942,-748,FALSE
2024-09-03T00:00:00Z,19652,-290,FALSE
2024-09-03T00:30:00Z,19482,-170,FALSE
2024-09-03T01:00:00Z,19002,-480,FALSE
2024-09-03T01:30:00Z,18773,-229,FALSE
2024-09-03T02:00:00Z,18427,-346,FALSE
2024-09-03T02:30:00Z,18191,-236,FALSE
2024-09-03T03:00:00Z,17761,-430,FALSE
2024-09-03T03:30:00Z,17457,-304,FALSE
2024-09-03T04:00:00Z,17407,-50,FALSE
2024-09-03T04:30:00Z,17392,-15,FALSE
2024-09-03T05:00:00Z,17811,419,FALSE
2024-09-03T05:30:00Z,18441,630,FALSE
2024-09-03T06:00:00Z,20280,1839,TRUE
2024-09-03T06:30:00Z,21543,1263,FALSE
2024-09-03T07:00:00Z,23541,1998,TRUE
2024-09-03T07:30:00Z,24530,989,FALSE
2024-09-03T08:00:00Z,25893,1363,FALSE
2024-09-03T08:30:00Z,26162,269,FALSE
2024-09-03T09:00:00Z,26615,453,FALSE
2024-09-03T09:30:00Z,26078,-537,FALSE
2024-09-03T10:00:00Z,25687,-391,FALSE
2024-09-03T10:30:00Z,25538,-149,FALSE
2024-09-03T11:00:00Z,24910,-628,FALSE
2024-09-03T11:30:00Z,24698,-212,FALSE
2024-09-03T12:00:00Z,24496,-202,FALSE
2024-09-03T12:30:00Z,23991,-505,FALSE
2024-09-03T13:00:00Z,23575,-416,FALSE
2024-09-03T13:30:00Z,23433,-142,FALSE
2024-09-03T14:00:00Z,23283,-150,FALSE
2024-09-03T14:30:00Z,23105,-178,FALSE
2024-09-03T15:00:00Z,23062,-43,FALSE
2024-09-03T15:30:00Z,23634,572,FALSE
2024-09-03T16:00:00Z,23971,337,FALSE
2024-09-03T16:30:00Z,24995,1024,FALSE
2024-09-03T17:00:00Z,25621,626,FALSE
2024-09-03T17:30:00Z,26551,930,FALSE
2024-09-03T18:00:00Z,27077,526,FALSE
2024-09-03T18:30:00Z,27510,433,FALSE
2024-09-03T19:00:00Z,27867,357,FALSE
2024-09-03T19:30:00Z,27833,-34,FALSE
2024-09-03T20:00:00Z,27907,74,FALSE
2024-09-03T20:30:00Z,27319,-588,FALSE
2024-09-03T21:00:00Z,26312,-1007,FALSE
2024-09-03T21:30:00Z,25044,-1268,FALSE
2024-09-03T22:00:00Z,23482,-1562,TRUE
2024-09-03T22:30:00Z,22384,-1098,FALSE
2024-09-03T23:00:00Z,21024,-1360,FALSE
2024-09-03T23:30:00Z,20056,-968,FALSE
2024-09-04T00:00:00Z,19362,-694,FALSE
2024-09-04T00:30:00Z,18816,-546,FALSE
2024-09-04T01:00:00Z,18396,-420,FALSE
2024-09-04T01:30:00Z,18279,-117,FALSE
2024-09-04T02:00:00Z,18108,-171,FALSE
2024-09-04T02:30:00Z,17808,-300,FALSE
2024-09-04T03:00:00Z,17589,-219,FALSE
2024-09-04T03:30:00Z,17500,-89,FALSE
2024-09-04T04:00:00Z,17363,-137,FALSE
2024-09-04T04:30:00Z,17312,-51,FALSE
2024-09-04T05:00:00Z,17644,332,FALSE
2024-09-04T05:30:00Z,18537,893,FALSE
2024-09-04T06:00:00Z,20170,1633,TRUE
2024-09-04T06:30:00Z,21679,1509,TRUE
2024-09-04T07:00:00Z,23571,1892,TRUE
2024-09-04T07:30:00Z,24201,630,FALSE
2024-09-04T08:00:00Z,25243,1042,FALSE
2024-09-04T08:30:00Z,25151,-92,FALSE
2024-09-04T09:00:00Z,24922,-229,FALSE
2024-09-04T09:30:00Z,24223,-699,FALSE
2024-09-04T10:00:00Z,23544,-679,FALSE
2024-09-04T10:30:00Z,23116,-428,FALSE
2024-09-04T11:00:00Z,23104,-12,FALSE
2024-09-04T11:30:00Z,23254,150,FALSE
2024-09-04T12:00:00Z,23317,63,FALSE
2024-09-04T12:30:00Z,23463,146,FALSE
2024-09-04T13:00:00Z,23911,448,FALSE
2024-09-04T13:30:00Z,23810,-101,FALSE
2024-09-04T14:00:00Z,23527,-283,FALSE
2024-09-04T14:30:00Z,23538,11,FALSE
2024-09-04T15:00:00Z,23719,181,FALSE
2024-09-04T15:30:00Z,24137,418,FALSE
2024-09-04T16:00:00Z,24312,175,FALSE
2024-09-04T16:30:00Z,25064,752,FALSE
2024-09-04T17:00:00Z,25642,578,FALSE
2024-09-04T17:30:00Z,26582,940,FALSE
2024-09-04T18:00:00Z,26897,315,FALSE
2024-09-04T18:30:00Z,27376,479,FALSE
2024-09-04T19:00:00Z,28229,853,FALSE
2024-09-04T19:30:00Z,28053,-176,FALSE
2024-09-04T20:00:00Z,28040,-13,FALSE
2024-09-04T20:30:00Z,27001,-1039,FALSE
2024-09-04T21:00:00Z,25620,-1381,FALSE
2024-09-04T21:30:00Z,24468,-1152,FALSE
2024-09-04T22:00:00Z,23249,-1219,FALSE
2024-09-04T22:30:00Z,21756,-1493,TRUE
2024-09-04T23:00:00Z,20566,-1190,FALSE
2024-09-04T23:30:00Z,19255,-1311,FALSE
2024-09-05T00:00:00Z,18754,-501,FALSE
2024-09-05T00:30:00Z,18385,-369,FALSE
2024-09-05T01:00:00Z,18124,-261,FALSE
2024-09-05T01:30:00Z,17912,-212,FALSE
2024-09-05T02:00:00Z,17514,-398,FALSE
2024-09-05T02:30:00Z,17156,-358,FALSE
2024-09-05T03:00:00Z,16725,-431,FALSE
2024-09-05T03:30:00Z,16608,-117,FALSE
2024-09-05T04:00:00Z,16479,-129,FALSE
2024-09-05T04:30:00Z,16496,17,FALSE
2024-09-05T05:00:00Z,16884,388,FALSE
2024-09-05T05:30:00Z,17445,561,FALSE
2024-09-05T06:00:00Z,19157,1712,TRUE
2024-09-05T06:30:00Z,21002,1845,TRUE
2024-09-05T07:00:00Z,23235,2233,TRUE
2024-09-05T07:30:00Z,24006,771,FALSE
2024-09-05T08:00:00Z,25334,1328,FALSE
2024-09-05T08:30:00Z,25820,486,FALSE
2024-09-05T09:00:00Z,26559,739,FALSE
2024-09-05T09:30:00Z,26575,16,FALSE
2024-09-05T10:00:00Z,26357,-218,FALSE
2024-09-05T10:30:00Z,26444,87,FALSE
2024-09-05T11:00:00Z,26576,132,FALSE
2024-09-05T11:30:00Z,26718,142,FALSE
2024-09-05T12:00:00Z,26816,98,FALSE
2024-09-05T12:30:00Z,26626,-190,FALSE
2024-09-05T13:00:00Z,26388,-238,FALSE
2024-09-05T13:30:00Z,25988,-400,FALSE
2024-09-05T14:00:00Z,25892,-96,FALSE
2024-09-05T14:30:00Z,25906,14,FALSE
2024-09-05T15:00:00Z,25699,-207,FALSE
2024-09-05T15:30:00Z,26173,474,FALSE
2024-09-05T16:00:00Z,26331,158,FALSE
2024-09-05T16:30:00Z,26820,489,FALSE
2024-09-05T17:00:00Z,27277,457,FALSE
2024-09-05T17:30:00Z,27628,351,FALSE
2024-09-05T18:00:00Z,27495,-133,FALSE
2024-09-05T18:30:00Z,27143,-352,FALSE
2024-09-05T19:00:00Z,26945,-198,FALSE
2024-09-05T19:30:00Z,26558,-387,FALSE
2024-09-05T20:00:00Z,26435,-123,FALSE
2024-09-05T20:30:00Z,25710,-725,FALSE
2024-09-05T21:00:00Z,25038,-672,FALSE
2024-09-05T21:30:00Z,23715,-1323,FALSE
2024-09-05T22:00:00Z,22601,-1114,FALSE
2024-09-05T22:30:00Z,21454,-1147,FALSE
2024-09-05T23:00:00Z,19874,-1580,TRUE
2024-09-05T23:30:00Z,19316,-558,FALSE
2024-09-06T00:00:00Z,18899,-417,FALSE
2024-09-06T00:30:00Z,18466,-433,FALSE
2024-09-06T01:00:00Z,18237,-229,FALSE
2024-09-06T01:30:00Z,18176,-61,FALSE
2024-09-06T02:00:00Z,17946,-230,FALSE
2024-09-06T02:30:00Z,17721,-225,FALSE
2024-09-06T03:00:00Z,17565,-156,FALSE
2024-09-06T03:30:00Z,17523,-42,FALSE
2024-09-06T04:00:00Z,17213,-310,FALSE
2024-09-06T04:30:00Z,17035,-178,FALSE
2024-09-06T05:00:00Z,17216,181,FALSE
2024-09-06T05:30:00Z,18126,910,FALSE
2024-09-06T06:00:00Z,20243,2117,TRUE
2024-09-06T06:30:00Z,21696,1453,TRUE
2024-09-06T07:00:00Z,23908,2212,TRUE
2024-09-06T07:30:00Z,24730,822,FALSE
2024-09-06T08:00:00Z,25549,819,FALSE
2024-09-06T08:30:00Z,25675,126,FALSE
2024-09-06T09:00:00Z,25814,139,FALSE
2024-09-06T09:30:00Z,25434,-380,FALSE
2024-09-06T10:00:00Z,25165,-269,FALSE
2024-09-06T10:30:00Z,24760,-405,FALSE
2024-09-06T11:00:00Z,24490,-270,FALSE
2024-09-06T11:30:00Z,24254,-236,FALSE
2024-09-06T12:00:00Z,23901,-353,FALSE
2024-09-06T12:30:00Z,23473,-428,FALSE
2024-09-06T13:00:00Z,23059,-414,FALSE
2024-09-06T13:30:00Z,22721,-338,FALSE
2024-09-06T14:00:00Z,22474,-247,FALSE
2024-09-06T14:30:00Z,22680,206,FALSE
2024-09-06T15:00:00Z,22623,-57,FALSE
2024-09-06T15:30:00Z,23376,753,FALSE
2024-09-06T16:00:00Z,23618,242,FALSE
2024-09-06T16:30:00Z,24812,1194,FALSE
2024-09-06T17:00:00Z,25791,979,FALSE
2024-09-06T17:30:00Z,26192,401,FALSE
2024-09-06T18:00:00Z,26698,506,FALSE
2024-09-06T18:30:00Z,26980,282,FALSE
2024-09-06T19:00:00Z,26863,-117,FALSE
2024-09-06T19:30:00Z,26740,-123,FALSE
2024-09-06T20:00:00Z,27406,666,FALSE
2024-09-06T20:30:00Z,26471,-935,FALSE
2024-09-06T21:00:00Z,24959,-1512,TRUE
2024-09-06T21:30:00Z,24030,-929,FALSE
2024-09-06T22:00:00Z,22990,-1040,FALSE
2024-09-06T22:30:00Z,22001,-989,FALSE
2024-09-06T23:00:00Z,20915,-1086,FALSE
2024-09-06T23:30:00Z,20264,-651,FALSE
2024-09-07T00:00:00Z,19643,-621,FALSE
2024-09-07T00:30:00Z,19127,-516,FALSE
2024-09-07T01:00:00Z,18642,-485,FALSE
2024-09-07T01:30:00Z,18535,-107,FALSE
2024-09-07T02:00:00Z,18278,-257,FALSE
2024-09-07T02:30:00Z,17928,-350,FALSE
2024-09-07T03:00:00Z,17560,-368,FALSE
2024-09-07T03:30:00Z,17296,-264,FALSE
2024-09-07T04:00:00Z,17124,-172,FALSE
2024-09-07T04:30:00Z,17037,-87,FALSE
2024-09-07T05:00:00Z,17176,139,FALSE
2024-09-07T05:30:00Z,17325,149,FALSE
2024-09-07T06:00:00Z,18148,823,FALSE
2024-09-07T06:30:00Z,18601,453,FALSE
2024-09-07T07:00:00Z,19720,1119,FALSE
2024-09-07T07:30:00Z,20539,819,FALSE
2024-09-07T08:00:00Z,21945,1406,TRUE
2024-09-07T08:30:00Z,22375,430,FALSE
2024-09-07T09:00:00Z,22680,305,FALSE
2024-09-07T09:30:00Z,22867,187,FALSE
2024-09-07T10:00:00Z,22902,35,FALSE
2024-09-07T10:30:00Z,22608,-294,FALSE
2024-09-07T11:00:00Z,22679,71,FALSE
2024-09-07T11:30:00Z,22713,34,FALSE
2024-09-07T12:00:00Z,22900,187,FALSE
2024-09-07T12:30:00Z,22688,-212,FALSE
2024-09-07T13:00:00Z,22659,-29,FALSE
2024-09-07T13:30:00Z,22551,-108,FALSE
2024-09-07T14:00:00Z,22567,16,FALSE
2024-09-07T14:30:00Z,22562,-5,FALSE
2024-09-07T15:00:00Z,22521,-41,FALSE
2024-09-07T15:30:00Z,22950,429,FALSE
2024-09-07T16:00:00Z,23648,698,FALSE
2024-09-07T16:30:00Z,24543,895,FALSE
2024-09-07T17:00:00Z,24914,371,FALSE
2024-09-07T17:30:00Z,25101,187,FALSE
2024-09-07T18:00:00Z,24842,-259,FALSE
2024-09-07T18:30:00Z,24735,-107,FALSE
2024-09-07T19:00:00Z,25018,283,FALSE
2024-09-07T19:30:00Z,25228,210,FALSE
2024-09-07T20:00:00Z,25649,421,FALSE
2024-09-07T20:30:00Z,24905,-744,FALSE
2024-09-07T21:00:00Z,23712,-1193,FALSE
2024-09-07T21:30:00Z,23056,-656,FALSE
2024-09-07T22:00:00Z,22137,-919,FALSE
2024-09-07T22:30:00Z,21190,-947,FALSE
2024-09-07T23:00:00Z,20296,-894,FALSE
2024-09-07T23:30:00Z,19565,-731,FALSE
2024-09-08T00:00:00Z,18780,-785,FALSE
2024-09-08T00:30:00Z,18345,-435,FALSE
2024-09-08T01:00:00Z,18097,-248,FALSE
2024-09-08T01:30:00Z,17853,-244,FALSE
2024-09-08T02:00:00Z,17528,-325,FALSE
2024-09-08T02:30:00Z,17147,-381,FALSE
2024-09-08T03:00:00Z,16785,-362,FALSE
2024-09-08T03:30:00Z,16433,-352,FALSE
2024-09-08T04:00:00Z,16319,-114,FALSE
2024-09-08T04:30:00Z,16235,-84,FALSE
2024-09-08T05:00:00Z,16320,85,FALSE
2024-09-08T05:30:00Z,16312,-8,FALSE
2024-09-08T06:00:00Z,16940,628,FALSE
2024-09-08T06:30:00Z,17125,185,FALSE
2024-09-08T07:00:00Z,17909,784,FALSE
2024-09-08T07:30:00Z,18504,595,FALSE
2024-09-08T08:00:00Z,19757,1253,FALSE
2024-09-08T08:30:00Z,20347,590,FALSE
2024-09-08T09:00:00Z,21113,766,FALSE
2024-09-08T09:30:00Z,21488,375,FALSE
2024-09-08T10:00:00Z,21664,176,FALSE
2024-09-08T10:30:00Z,21728,64,FALSE
2024-09-08T11:00:00Z,22131,403,FALSE
2024-09-08T11:30:00Z,22206,75,FALSE
2024-09-08T12:00:00Z,22271,65,FALSE
2024-09-08T12:30:00Z,22039,-232,FALSE
2024-09-08T13:00:00Z,21889,-150,FALSE
2024-09-08T13:30:00Z,21790,-99,FALSE
2024-09-08T14:00:00Z,21583,-207,FALSE
2024-09-08T14:30:00Z,21659,76,FALSE
2024-09-08T15:00:00Z,22100,441,FALSE
2024-09-08T15:30:00Z,22685,585,FALSE
2024-09-08T16:00:00Z,23053,368,FALSE
2024-09-08T16:30:00Z,24231,1178,FALSE
2024-09-08T17:00:00Z,25206,975,FALSE
2024-09-08T17:30:00Z,25757,551,FALSE
2024-09-08T18:00:00Z,25979,222,FALSE
2024-09-08T18:30:00Z,26045,66,FALSE
2024-09-08T19:00:00Z,26067,22,FALSE
2024-09-08T19:30:00Z,25784,-283,FALSE
2024-09-08T20:00:00Z,25518,-266,FALSE
2024-09-08T20:30:00Z,24641,-877,FALSE
2024-09-08T21:00:00Z,23401,-1240,FALSE
2024-09-08T21:30:00Z,22358,-1043,FALSE
2024-09-08T22:00:00Z,21415,-943,FALSE
2024-09-08T22:30:00Z,20201,-1214,FALSE
2024-09-08T23:00:00Z,19068,-1133,FALSE
2024-09-08T23:30:00Z,18149,-919,FALSE
2024-09-09T00:00:00Z,17391,-758,FALSE
2024-09-09T00:30:00Z,17079,-312,FALSE
2024-09-09T01:00:00Z,16727,-352,FALSE
2024-09-09T01:30:00Z,16584,-143,FALSE
2024-09-09T02:00:00Z,16166,-418,FALSE
2024-09-09T02:30:00Z,15889,-277,FALSE
2024-09-09T03:00:00Z,15700,-189,FALSE
2024-09-09T03:30:00Z,15602,-98,FALSE
2024-09-09T04:00:00Z,15571,-31,FALSE
2024-09-09T04:30:00Z,15581,10,FALSE
2024-09-09T05:00:00Z,16041,460,FALSE
2024-09-09T05:30:00Z,17216,1175,FALSE
2024-09-09T06:00:00Z,18892,1676,TRUE
2024-09-09T06:30:00Z,20712,1820,TRUE
2024-09-09T07:00:00Z,22737,2025,TRUE
2024-09-09T07:30:00Z,23841,1104,FALSE
2024-09-09T08:00:00Z,24892,1051,FALSE
2024-09-09T08:30:00Z,24885,-7,FALSE
2024-09-09T09:00:00Z,25582,697,FALSE
2024-09-09T09:30:00Z,25513,-69,FALSE
2024-09-09T10:00:00Z,24933,-580,FALSE
2024-09-09T10:30:00Z,24718,-215,FALSE
2024-09-09T11:00:00Z,24494,-224,FALSE
2024-09-09T11:30:00Z,24135,-359,FALSE
2024-09-09T12:00:00Z,23973,-162,FALSE
2024-09-09T12:30:00Z,23309,-664,FALSE
2024-09-09T13:00:00Z,22594,-715,FALSE
2024-09-09T13:30:00Z,22100,-494,FALSE
2024-09-09T14:00:00Z,21302,-798,FALSE
2024-09-09T14:30:00Z,20896,-406,FALSE
2024-09-09T15:00:00Z,20614,-282,FALSE
2024-09-09T15:30:00Z,21349,735,FALSE
2024-09-09T16:00:00Z,22449,1100,FALSE
2024-09-09T16:30:00Z,23365,916,FALSE
2024-09-09T17:00:00Z,24825,1460,TRUE
2024-09-09T17:30:00Z,25925,1100,FALSE
2024-09-09T18:00:00Z,26707,782,FALSE
2024-09-09T18:30:00Z,27382,675,FALSE
2024-09-09T19:00:00Z,27719,337,FALSE
2024-09-09T19:30:00Z,28006,287,FALSE
2024-09-09T20:00:00Z,27823,-183,FALSE
2024-09-09T20:30:00Z,26792,-1031,FALSE
2024-09-09T21:00:00Z,25402,-1390,TRUE
2024-09-09T21:30:00Z,24082,-1320,FALSE
2024-09-09T22:00:00Z,22217,-1865,TRUE
2024-09-09T22:30:00Z,20961,-1256,FALSE
2024-09-09T23:00:00Z,19376,-1585,TRUE
2024-09-09T23:30:00Z,18527,-849,FALSE
2024-09-10T00:00:00Z,17657,-870,FALSE
2024-09-10T00:30:00Z,17240,-417,FALSE
2024-09-10T01:00:00Z,16992,-248,FALSE
2024-09-10T01:30:00Z,17029,37,FALSE
2024-09-10T02:00:00Z,16715,-314,FALSE
2024-09-10T02:30:00Z,16499,-216,FALSE
2024-09-10T03:00:00Z,16035,-464,FALSE
2024-09-10T03:30:00Z,15802,-233,FALSE
2024-09-10T04:00:00Z,15558,-244,FALSE
2024-09-10T04:30:00Z,15692,134,FALSE
2024-09-10T05:00:00Z,16193,501,FALSE
2024-09-10T05:30:00Z,16964,771,FALSE
2024-09-10T06:00:00Z,19071,2107,TRUE
2024-09-10T06:30:00Z,20512,1441,TRUE
2024-09-10T07:00:00Z,22691,2179,TRUE
2024-09-10T07:30:00Z,23607,916,FALSE
2024-09-10T08:00:00Z,24632,1025,FALSE
2024-09-10T08:30:00Z,25033,401,FALSE
2024-09-10T09:00:00Z,25138,105,FALSE
2024-09-10T09:30:00Z,24729,-409,FALSE
2024-09-10T10:00:00Z,24276,-453,FALSE
2024-09-10T10:30:00Z,24097,-179,FALSE
2024-09-10T11:00:00Z,23647,-450,FALSE
2024-09-10T11:30:00Z,23832,185,FALSE
2024-09-10T12:00:00Z,23747,-85,FALSE
2024-09-10T12:30:00Z,23683,-64,FALSE
2024-09-10T13:00:00Z,23324,-359,FALSE
2024-09-10T13:30:00Z,23363,39,FALSE
2024-09-10T14:00:00Z,23202,-161,FALSE
2024-09-10T14:30:00Z,23372,170,FALSE
2024-09-10T15:00:00Z,23827,455,FALSE
2024-09-10T15:30:00Z,24092,265,FALSE
2024-09-10T16:00:00Z,25273,1181,FALSE
2024-09-10T16:30:00Z,25885,612,FALSE
2024-09-10T17:00:00Z,26600,715,FALSE
2024-09-10T17:30:00Z,27000,400,FALSE
2024-09-10T18:00:00Z,27446,446,FALSE
2024-09-10T18:30:00Z,27626,180,FALSE
2024-09-10T19:00:00Z,27603,-23,FALSE
2024-09-10T19:30:00Z,27664,61,FALSE
2024-09-10T20:00:00Z,27316,-348,FALSE
2024-09-10T20:30:00Z,26358,-958,FALSE
2024-09-10T21:00:00Z,25109,-1249,FALSE
2024-09-10T21:30:00Z,24126,-983,FALSE
2024-09-10T22:00:00Z,22092,-2034,TRUE
2024-09-10T22:30:00Z,21150,-942,FALSE
2024-09-10T23:00:00Z,19878,-1272,FALSE
2024-09-10T23:30:00Z,19195,-683,FALSE
2024-09-11T00:00:00Z,18417,-778,FALSE
2024-09-11T00:30:00Z,18080,-337,FALSE
2024-09-11T01:00:00Z,17691,-389,FALSE
2024-09-11T01:30:00Z,17475,-216,FALSE
2024-09-11T02:00:00Z,17271,-204,FALSE
2024-09-11T02:30:00Z,16990,-281,FALSE
2024-09-11T03:00:00Z,16409,-581,FALSE
2024-09-11T03:30:00Z,16323,-86,FALSE
2024-09-11T04:00:00Z,16150,-173,FALSE
2024-09-11T04:30:00Z,16264,114,FALSE
2024-09-11T05:00:00Z,16713,449,FALSE
2024-09-11T05:30:00Z,17468,755,FALSE
2024-09-11T06:00:00Z,19606,2138,TRUE
2024-09-11T06:30:00Z,21161,1555,TRUE
2024-09-11T07:00:00Z,23372,2211,TRUE
2024-09-11T07:30:00Z,23951,579,FALSE
2024-09-11T08:00:00Z,24400,449,FALSE
2024-09-11T08:30:00Z,23496,-904,FALSE
2024-09-11T09:00:00Z,23107,-389,FALSE
2024-09-11T09:30:00Z,22280,-827,FALSE
2024-09-11T10:00:00Z,21633,-647,FALSE
2024-09-11T10:30:00Z,21299,-334,FALSE
2024-09-11T11:00:00Z,21161,-138,FALSE
2024-09-11T11:30:00Z,20903,-258,FALSE
2024-09-11T12:00:00Z,20932,29,FALSE
2024-09-11T12:30:00Z,21013,81,FALSE
2024-09-11T13:00:00Z,20625,-388,FALSE
2024-09-11T13:30:00Z,20591,-34,FALSE
2024-09-11T14:00:00Z,20482,-109,FALSE
2024-09-11T14:30:00Z,19858,-624,FALSE
2024-09-11T15:00:00Z,20211,353,FALSE
2024-09-11T15:30:00Z,20934,723,FALSE
2024-09-11T16:00:00Z,21929,995,FALSE
2024-09-11T16:30:00Z,23400,1471,TRUE
2024-09-11T17:00:00Z,24871,1471,TRUE
2024-09-11T17:30:00Z,26323,1452,TRUE
2024-09-11T18:00:00Z,27452,1129,FALSE
2024-09-11T18:30:00Z,27665,213,FALSE
2024-09-11T19:00:00Z,28497,832,FALSE
2024-09-11T19:30:00Z,28510,13,FALSE
2024-09-11T20:00:00Z,28203,-307,FALSE
2024-09-11T20:30:00Z,27663,-540,FALSE
2024-09-11T21:00:00Z,26151,-1512,TRUE
2024-09-11T21:30:00Z,24862,-1289,FALSE
2024-09-11T22:00:00Z,23578,-1284,FALSE
2024-09-11T22:30:00Z,22195,-1383,TRUE
2024-09-11T23:00:00Z,20942,-1253,FALSE
2024-09-11T23:30:00Z,20076,-866,FALSE
2024-09-12T00:00:00Z,19391,-685,FALSE
2024-09-12T00:30:00Z,18852,-539,FALSE
2024-09-12T01:00:00Z,18536,-316,FALSE
2024-09-12T01:30:00Z,18588,52,FALSE
2024-09-12T02:00:00Z,18345,-243,FALSE
2024-09-12T02:30:00Z,18138,-207,FALSE
2024-09-12T03:00:00Z,17875,-263,FALSE
2024-09-12T03:30:00Z,17625,-250,FALSE
2024-09-12T04:00:00Z,17501,-124,FALSE
2024-09-12T04:30:00Z,17666,165,FALSE
2024-09-12T05:00:00Z,18112,446,FALSE
2024-09-12T05:30:00Z,18898,786,FALSE
2024-09-12T06:00:00Z,20958,2060,TRUE
2024-09-12T06:30:00Z,22531,1573,TRUE
2024-09-12T07:00:00Z,24398,1867,TRUE
2024-09-12T07:30:00Z,24820,422,FALSE
2024-09-12T08:00:00Z,26060,1240,FALSE
2024-09-12T08:30:00Z,25315,-745,FALSE
2024-09-12T09:00:00Z,24540,-775,FALSE
2024-09-12T09:30:00Z,23587,-953,FALSE
2024-09-12T10:00:00Z,22980,-607,FALSE
2024-09-12T10:30:00Z,22580,-400,FALSE
2024-09-12T11:00:00Z,22545,-35,FALSE
2024-09-12T11:30:00Z,22607,62,FALSE
2024-09-12T12:00:00Z,22749,142,FALSE
2024-09-12T12:30:00Z,22882,133,FALSE
2024-09-12T13:00:00Z,22577,-305,FALSE
2024-09-12T13:30:00Z,22153,-424,FALSE
2024-09-12T14:00:00Z,22023,-130,FALSE
2024-09-12T14:30:00Z,21854,-169,FALSE
2024-09-12T15:00:00Z,21636,-218,FALSE
2024-09-12T15:30:00Z,22449,813,FALSE
2024-09-12T16:00:00Z,23729,1280,FALSE
2024-09-12T16:30:00Z,24812,1083,FALSE
2024-09-12T17:00:00Z,26108,1296,FALSE
2024-09-12T17:30:00Z,27066,958,FALSE
2024-09-12T18:00:00Z,27569,503,FALSE
2024-09-12T18:30:00Z,27924,355,FALSE
2024-09-12T19:00:00Z,28708,784,FALSE
2024-09-12T19:30:00Z,28926,218,FALSE
2024-09-12T20:00:00Z,28795,-131,FALSE
2024-09-12T20:30:00Z,28346,-449,FALSE
2024-09-12T21:00:00Z,27438,-908,FALSE
2024-09-12T21:30:00Z,26063,-1375,FALSE
2024-09-12T22:00:00Z,24593,-1470,TRUE
2024-09-12T22:30:00Z,23129,-1464,TRUE
2024-09-12T23:00:00Z,21591,-1538,TRUE
2024-09-12T23:30:00Z,20561,-1030,FALSE
2024-09-13T00:00:00Z,19991,-570,FALSE
2024-09-13T00:30:00Z,19907,-84,FALSE
2024-09-13T01:00:00Z,19459,-448,FALSE
2024-09-13T01:30:00Z,19422,-37,FALSE
2024-09-13T02:00:00Z,19144,-278,FALSE
2024-09-13T02:30:00Z,18870,-274,FALSE
2024-09-13T03:00:00Z,18481,-389,FALSE
2024-09-13T03:30:00Z,18411,-70,FALSE
2024-09-13T04:00:00Z,18312,-99,FALSE
2024-09-13T04:30:00Z,18395,83,FALSE
2024-09-13T05:00:00Z,18847,452,FALSE
2024-09-13T05:30:00Z,19771,924,FALSE
2024-09-13T06:00:00Z,21728,1957,TRUE
2024-09-13T06:30:00Z,23252,1524,TRUE
2024-09-13T07:00:00Z,25092,1840,TRUE
2024-09-13T07:30:00Z,25494,402,FALSE
2024-09-13T08:00:00Z,26208,714,FALSE
2024-09-13T08:30:00Z,25604,-604,FALSE
2024-09-13T09:00:00Z,25051,-553,FALSE
2024-09-13T09:30:00Z,24008,-1043,FALSE
2024-09-13T10:00:00Z,22826,-1182,FALSE
2024-09-13T10:30:00Z,22214,-612,FALSE
2024-09-13T11:00:00Z,21610,-604,FALSE
2024-09-13T11:30:00Z,21178,-432,FALSE
2024-09-13T12:00:00Z,21096,-82,FALSE
2024-09-13T12:30:00Z,20950,-146,FALSE
2024-09-13T13:00:00Z,20835,-115,FALSE
2024-09-13T13:30:00Z,20308,-527,FALSE
2024-09-13T14:00:00Z,20336,28,FALSE
2024-09-13T14:30:00Z,19949,-387,FALSE
2024-09-13T15:00:00Z,20249,300,FALSE
2024-09-13T15:30:00Z,21254,1005,FALSE
2024-09-13T16:00:00Z,22361,1107,FALSE
2024-09-13T16:30:00Z,23659,1298,FALSE
2024-09-13T17:00:00Z,25001,1342,FALSE
2024-09-13T17:30:00Z,26326,1325,FALSE
2024-09-13T18:00:00Z,27231,905,FALSE
2024-09-13T18:30:00Z,27371,140,FALSE
2024-09-13T19:00:00Z,27702,331,FALSE
2024-09-13T19:30:00Z,28035,333,FALSE
2024-09-13T20:00:00Z,28171,136,FALSE
2024-09-13T20:30:00Z,27291,-880,FALSE
2024-09-13T21:00:00Z,26255,-1036,FALSE
2024-09-13T21:30:00Z,25158,-1097,FALSE
2024-09-13T22:00:00Z,23702,-1456,TRUE
2024-09-13T22:30:00Z,22409,-1293,FALSE
2024-09-13T23:00:00Z,20882,-1527,TRUE
2024-09-13T23:30:00Z,19905,-977,FALSE
2024-09-14T00:00:00Z,19137,-768,FALSE
2024-09-14T00:30:00Z,18562,-575,FALSE
2024-09-14T01:00:00Z,18306,-256,FALSE
2024-09-14T01:30:00Z,18094,-212,FALSE
2024-09-14T02:00:00Z,17750,-344,FALSE
2024-09-14T02:30:00Z,17440,-310,FALSE
2024-09-14T03:00:00Z,16974,-466,FALSE
2024-09-14T03:30:00Z,16970,-4,FALSE
2024-09-14T04:00:00Z,16771,-199,FALSE
2024-09-14T04:30:00Z,16686,-85,FALSE
2024-09-14T05:00:00Z,16710,24,FALSE
2024-09-14T05:30:00Z,16969,259,FALSE
2024-09-14T06:00:00Z,17944,975,FALSE
2024-09-14T06:30:00Z,18469,525,FALSE
2024-09-14T07:00:00Z,19476,1007,FALSE
2024-09-14T07:30:00Z,20072,596,FALSE
2024-09-14T08:00:00Z,20442,370,FALSE
2024-09-14T08:30:00Z,20156,-286,FALSE
2024-09-14T09:00:00Z,19859,-297,FALSE
2024-09-14T09:30:00Z,19059,-800,FALSE
2024-09-14T10:00:00Z,18230,-829,FALSE
2024-09-14T10:30:00Z,17531,-699,FALSE
2024-09-14T11:00:00Z,16612,-919,FALSE
2024-09-14T11:30:00Z,16387,-225,FALSE
2024-09-14T12:00:00Z,16091,-296,FALSE
2024-09-14T12:30:00Z,15830,-261,FALSE
2024-09-14T13:00:00Z,15776,-54,FALSE
2024-09-14T13:30:00Z,15306,-470,FALSE
2024-09-14T14:00:00Z,14952,-354,FALSE
2024-09-14T14:30:00Z,14831,-121,FALSE
2024-09-14T15:00:00Z,14943,112,FALSE
2024-09-14T15:30:00Z,15708,765,FALSE
2024-09-14T16:00:00Z,16949,1241,FALSE
2024-09-14T16:30:00Z,18576,1627,TRUE
2024-09-14T17:00:00Z,20637,2061,TRUE
2024-09-14T17:30:00Z,22417,1780,TRUE
2024-09-14T18:00:00Z,23756,1339,FALSE
2024-09-14T18:30:00Z,24454,698,FALSE
2024-09-14T19:00:00Z,24877,423,FALSE
2024-09-14T19:30:00Z,24957,80,FALSE
2024-09-14T20:00:00Z,24672,-285,FALSE
2024-09-14T20:30:00Z,23877,-795,FALSE
2024-09-14T21:00:00Z,22945,-932,FALSE
2024-09-14T21:30:00Z,22134,-811,FALSE
2024-09-14T22:00:00Z,21105,-1029,FALSE
2024-09-14T22:30:00Z,20220,-885,FALSE
2024-09-14T23:00:00Z,18833,-1387,TRUE
2024-09-14T23:30:00Z,18232,-601,FALSE
2024-09-15T00:00:00Z,17997,-235,FALSE
2024-09-15T00:30:00Z,17497,-500,FALSE
2024-09-15T01:00:00Z,17341,-156,FALSE
2024-09-15T01:30:00Z,17063,-278,FALSE
2024-09-15T02:00:00Z,16764,-299,FALSE
2024-09-15T02:30:00Z,16457,-307,FALSE
2024-09-15T03:00:00Z,16028,-429,FALSE
2024-09-15T03:30:00Z,15729,-299,FALSE
2024-09-15T04:00:00Z,15368,-361,FALSE
2024-09-15T04:30:00Z,15134,-234,FALSE
2024-09-15T05:00:00Z,15527,393,FALSE
2024-09-15T05:30:00Z,15587,60,FALSE
2024-09-15T06:00:00Z,16171,584,FALSE
2024-09-15T06:30:00Z,16488,317,FALSE
2024-09-15T07:00:00Z,17289,801,FALSE
2024-09-15T07:30:00Z,17620,331,FALSE
2024-09-15T08:00:00Z,18314,694,FALSE
2024-09-15T08:30:00Z,18446,132,FALSE
2024-09-15T09:00:00Z,18604,158,FALSE
2024-09-15T09:30:00Z,18455,-149,FALSE
2024-09-15T10:00:00Z,18597,142,FALSE
2024-09-15T10:30:00Z,18668,71,FALSE
2024-09-15T11:00:00Z,18831,163,FALSE
2024-09-15T11:30:00Z,18915,84,FALSE
2024-09-15T12:00:00Z,19588,673,FALSE
2024-09-15T12:30:00Z,20141,553,FALSE
2024-09-15T13:00:00Z,20142,1,FALSE
2024-09-15T13:30:00Z,20219,77,FALSE
2024-09-15T14:00:00Z,20766,547,FALSE
2024-09-15T14:30:00Z,21648,882,FALSE
2024-09-15T15:00:00Z,22479,831,FALSE
2024-09-15T15:30:00Z,23367,888,FALSE
2024-09-15T16:00:00Z,24542,1175,FALSE
2024-09-15T16:30:00Z,25812,1270,FALSE
2024-09-15T17:00:00Z,26330,518,FALSE
2024-09-15T17:30:00Z,26818,488,FALSE
2024-09-15T18:00:00Z,26862,44,FALSE
2024-09-15T18:30:00Z,26916,54,FALSE
2024-09-15T19:00:00Z,26773,-143,FALSE
2024-09-15T19:30:00Z,26687,-86,FALSE
2024-09-15T20:00:00Z,26340,-347,FALSE
2024-09-15T20:30:00Z,25429,-911,FALSE
2024-09-15T21:00:00Z,23847,-1582,TRUE
2024-09-15T21:30:00Z,23010,-837,FALSE
2024-09-15T22:00:00Z,21918,-1092,FALSE
2024-09-15T22:30:00Z,20917,-1001,FALSE
2024-09-15T23:00:00Z,19427,-1490,TRUE
2024-09-15T23:30:00Z,18912,-515,FALSE
2024-09-16T00:00:00Z,18233,-679,FALSE
2024-09-16T00:30:00Z,17849,-384,FALSE
2024-09-16T01:00:00Z,17685,-164,FALSE
2024-09-16T01:30:00Z,17703,18,FALSE
2024-09-16T02:00:00Z,17591,-112,FALSE
2024-09-16T02:30:00Z,17228,-363,FALSE
2024-09-16T03:00:00Z,16933,-295,FALSE
2024-09-16T03:30:00Z,16847,-86,FALSE
2024-09-16T04:00:00Z,16716,-131,FALSE
2024-09-16T04:30:00Z,16695,-21,FALSE
2024-09-16T05:00:00Z,17173,478,FALSE
2024-09-16T05:30:00Z,18080,907,FALSE
2024-09-16T06:00:00Z,20252,2172,TRUE
2024-09-16T06:30:00Z,21734,1482,TRUE
2024-09-16T07:00:00Z,23182,1448,TRUE
2024-09-16T07:30:00Z,24382,1200,FALSE
2024-09-16T08:00:00Z,25358,976,FALSE
2024-09-16T08:30:00Z,24727,-631,FALSE
2024-09-16T09:00:00Z,24915,188,FALSE
2024-09-16T09:30:00Z,24173,-742,FALSE
2024-09-16T10:00:00Z,23048,-1125,FALSE
2024-09-16T10:30:00Z,22167,-881,FALSE
2024-09-16T11:00:00Z,21456,-711,FALSE
2024-09-16T11:30:00Z,20940,-516,FALSE
2024-09-16T12:00:00Z,20579,-361,FALSE
2024-09-16T12:30:00Z,20248,-331,FALSE
2024-09-16T13:00:00Z,19867,-381,FALSE
2024-09-16T13:30:00Z,19518,-349,FALSE
2024-09-16T14:00:00Z,19519,1,FALSE
2024-09-16T14:30:00Z,19555,36,FALSE
2024-09-16T15:00:00Z,19856,301,FALSE
2024-09-16T15:30:00Z,20837,981,FALSE
2024-09-16T16:00:00Z,21963,1126,FALSE
2024-09-16T16:30:00Z,23270,1307,FALSE
2024-09-16T17:00:00Z,24787,1517,TRUE
2024-09-16T17:30:00Z,26375,1588,TRUE
2024-09-16T18:00:00Z,27482,1107,FALSE
2024-09-16T18:30:00Z,27877,395,FALSE
2024-09-16T19:00:00Z,28343,466,FALSE
2024-09-16T19:30:00Z,28331,-12,FALSE
2024-09-16T20:00:00Z,28431,100,FALSE
2024-09-16T20:30:00Z,27615,-816,FALSE
2024-09-16T21:00:00Z,26457,-1158,FALSE
2024-09-16T21:30:00Z,25310,-1147,FALSE
2024-09-16T22:00:00Z,23922,-1388,TRUE
2024-09-16T22:30:00Z,22284,-1638,TRUE
2024-09-16T23:00:00Z,20925,-1359,FALSE
2024-09-16T23:30:00Z,19990,-935,FALSE
2024-09-17T00:00:00Z,19351,-639,FALSE
2024-09-17T00:30:00Z,19069,-282,FALSE
2024-09-17T01:00:00Z,18764,-305,FALSE
2024-09-17T01:30:00Z,18679,-85,FALSE
2024-09-17T02:00:00Z,18436,-243,FALSE
2024-09-17T02:30:00Z,18206,-230,FALSE
2024-09-17T03:00:00Z,17795,-411,FALSE
2024-09-17T03:30:00Z,17692,-103,FALSE
2024-09-17T04:00:00Z,17447,-245,FALSE
2024-09-17T04:30:00Z,17574,127,FALSE
2024-09-17T05:00:00Z,17950,376,FALSE
2024-09-17T05:30:00Z,18795,845,FALSE
2024-09-17T06:00:00Z,20903,2108,TRUE
2024-09-17T06:30:00Z,22439,1536,TRUE
2024-09-17T07:00:00Z,23785,1346,FALSE
2024-09-17T07:30:00Z,24467,682,FALSE
2024-09-17T08:00:00Z,25838,1371,FALSE
2024-09-17T08:30:00Z,25135,-703,FALSE
2024-09-17T09:00:00Z,24337,-798,FALSE
2024-09-17T09:30:00Z,23245,-1092,FALSE
2024-09-17T10:00:00Z,22099,-1146,FALSE
2024-09-17T10:30:00Z,21235,-864,FALSE
2024-09-17T11:00:00Z,20730,-505,FALSE
2024-09-17T11:30:00Z,20128,-602,FALSE
2024-09-17T12:00:00Z,19697,-431,FALSE
2024-09-17T12:30:00Z,19313,-384,FALSE
2024-09-17T13:00:00Z,18892,-421,FALSE
2024-09-17T13:30:00Z,18792,-100,FALSE
2024-09-17T14:00:00Z,18798,6,FALSE
2024-09-17T14:30:00Z,19123,325,FALSE
2024-09-17T15:00:00Z,19434,311,FALSE
2024-09-17T15:30:00Z,20421,987,FALSE
2024-09-17T16:00:00Z,21607,1186,FALSE
2024-09-17T16:30:00Z,23195,1588,TRUE
2024-09-17T17:00:00Z,24446,1251,FALSE
2024-09-17T17:30:00Z,25928,1482,TRUE
2024-09-17T18:00:00Z,26595,667,FALSE
2024-09-17T18:30:00Z,27277,682,FALSE
2024-09-17T19:00:00Z,28301,1024,FALSE
2024-09-17T19:30:00Z,28268,-33,FALSE
2024-09-17T20:00:00Z,27775,-493,FALSE
2024-09-17T20:30:00Z,27235,-540,FALSE
2024-09-17T21:00:00Z,26156,-1079,FALSE
2024-09-17T21:30:00Z,24718,-1438,TRUE
2024-09-17T22:00:00Z,23314,-1404,TRUE
2024-09-17T22:30:00Z,22091,-1223,FALSE
2024-09-17T23:00:00Z,20506,-1585,TRUE
2024-09-17T23:30:00Z,19703,-803,FALSE
2024-09-18T00:00:00Z,19008,-695,FALSE
2024-09-18T00:30:00Z,18747,-261,FALSE
2024-09-18T01:00:00Z,18412,-335,FALSE
2024-09-18T01:30:00Z,18358,-54,FALSE
2024-09-18T02:00:00Z,17917,-441,FALSE
2024-09-18T02:30:00Z,17732,-185,FALSE
2024-09-18T03:00:00Z,17429,-303,FALSE
2024-09-18T03:30:00Z,17287,-142,FALSE
2024-09-18T04:00:00Z,16989,-298,FALSE
2024-09-18T04:30:00Z,17172,183,FALSE
2024-09-18T05:00:00Z,17456,284,FALSE
2024-09-18T05:30:00Z,18410,954,FALSE
2024-09-18T06:00:00Z,20240,1830,TRUE
2024-09-18T06:30:00Z,21825,1585,TRUE
2024-09-18T07:00:00Z,24031,2206,TRUE
2024-09-18T07:30:00Z,24715,684,FALSE
2024-09-18T08:00:00Z,25546,831,FALSE
2024-09-18T08:30:00Z,25510,-36,FALSE
2024-09-18T09:00:00Z,25936,426,FALSE
2024-09-18T09:30:00Z,25400,-536,FALSE
2024-09-18T10:00:00Z,24211,-1189,FALSE
2024-09-18T10:30:00Z,23693,-518,FALSE
2024-09-18T11:00:00Z,23356,-337,FALSE
2024-09-18T11:30:00Z,22294,-1062,FALSE
2024-09-18T12:00:00Z,21595,-699,FALSE
2024-09-18T12:30:00Z,20666,-929,FALSE
2024-09-18T13:00:00Z,20155,-511,FALSE
2024-09-18T13:30:00Z,19578,-577,FALSE
2024-09-18T14:00:00Z,19193,-385,FALSE
2024-09-18T14:30:00Z,19247,54,FALSE
2024-09-18T15:00:00Z,19400,153,FALSE
2024-09-18T15:30:00Z,20449,1049,FALSE
2024-09-18T16:00:00Z,21648,1199,FALSE
2024-09-18T16:30:00Z,23044,1396,TRUE
2024-09-18T17:00:00Z,24541,1497,TRUE
2024-09-18T17:30:00Z,25822,1281,FALSE
2024-09-18T18:00:00Z,26801,979,FALSE
2024-09-18T18:30:00Z,27197,396,FALSE
2024-09-18T19:00:00Z,27479,282,FALSE
2024-09-18T19:30:00Z,27567,88,FALSE
2024-09-18T20:00:00Z,27157,-410,FALSE
2024-09-18T20:30:00Z,26552,-605,FALSE
2024-09-18T21:00:00Z,25539,-1013,FALSE
2024-09-18T21:30:00Z,24018,-1521,TRUE
2024-09-18T22:00:00Z,22689,-1329,FALSE
2024-09-18T22:30:00Z,21390,-1299,FALSE
2024-09-18T23:00:00Z,20105,-1285,FALSE
2024-09-18T23:30:00Z,19336,-769,FALSE
2024-09-19T00:00:00Z,18600,-736,FALSE
2024-09-19T00:30:00Z,18277,-323,FALSE
2024-09-19T01:00:00Z,18017,-260,FALSE
2024-09-19T01:30:00Z,17830,-187,FALSE
2024-09-19T02:00:00Z,17271,-559,FALSE
2024-09-19T02:30:00Z,16895,-376,FALSE
2024-09-19T03:00:00Z,16809,-86,FALSE
2024-09-19T03:30:00Z,16602,-207,FALSE
2024-09-19T04:00:00Z,16621,19,FALSE
2024-09-19T04:30:00Z,16733,112,FALSE
2024-09-19T05:00:00Z,16997,264,FALSE
2024-09-19T05:30:00Z,17928,931,FALSE
2024-09-19T06:00:00Z,19819,1891,TRUE
2024-09-19T06:30:00Z,21419,1600,TRUE
2024-09-19T07:00:00Z,23156,1737,TRUE
2024-09-19T07:30:00Z,23920,764,FALSE
2024-09-19T08:00:00Z,25937,2017,TRUE
2024-09-19T08:30:00Z,26196,259,FALSE
2024-09-19T09:00:00Z,26081,-115,FALSE
2024-09-19T09:30:00Z,25489,-592,FALSE
2024-09-19T10:00:00Z,24847,-642,FALSE
2024-09-19T10:30:00Z,23942,-905,FALSE
2024-09-19T11:00:00Z,23088,-854,FALSE
2024-09-19T11:30:00Z,22454,-634,FALSE
2024-09-19T12:00:00Z,21999,-455,FALSE
2024-09-19T12:30:00Z,21121,-878,FALSE
2024-09-19T13:00:00Z,20645,-476,FALSE
2024-09-19T13:30:00Z,19960,-685,FALSE
2024-09-19T14:00:00Z,20108,148,FALSE
2024-09-19T14:30:00Z,20299,191,FALSE
2024-09-19T15:00:00Z,20691,392,FALSE
2024-09-19T15:30:00Z,21843,1152,FALSE
2024-09-19T16:00:00Z,22814,971,FALSE
2024-09-19T16:30:00Z,24091,1277,FALSE
2024-09-19T17:00:00Z,25208,1117,FALSE
2024-09-19T17:30:00Z,26661,1453,TRUE
2024-09-19T18:00:00Z,27075,414,FALSE
2024-09-19T18:30:00Z,27437,362,FALSE
2024-09-19T19:00:00Z,28228,791,FALSE
2024-09-19T19:30:00Z,28119,-109,FALSE
2024-09-19T20:00:00Z,27320,-799,FALSE
2024-09-19T20:30:00Z,26618,-702,FALSE
2024-09-19T21:00:00Z,25520,-1098,FALSE
2024-09-19T21:30:00Z,24063,-1457,TRUE
2024-09-19T22:00:00Z,22861,-1202,FALSE
2024-09-19T22:30:00Z,21538,-1323,FALSE
2024-09-19T23:00:00Z,20248,-1290,FALSE
2024-09-19T23:30:00Z,19479,-769,FALSE
2024-09-20T00:00:00Z,18910,-569,FALSE
2024-09-20T00:30:00Z,18473,-437,FALSE
2024-09-20T01:00:00Z,17883,-590,FALSE
2024-09-20T01:30:00Z,17871,-12,FALSE
2024-09-20T02:00:00Z,17836,-35,FALSE
2024-09-20T02:30:00Z,17344,-492,FALSE
2024-09-20T03:00:00Z,17203,-141,FALSE
2024-09-20T03:30:00Z,17053,-150,FALSE
2024-09-20T04:00:00Z,16963,-90,FALSE
2024-09-20T04:30:00Z,16883,-80,FALSE
2024-09-20T05:00:00Z,17045,162,FALSE
2024-09-20T05:30:00Z,17904,859,FALSE
2024-09-20T06:00:00Z,19817,1913,TRUE
2024-09-20T06:30:00Z,21444,1627,TRUE
2024-09-20T07:00:00Z,23885,2441,TRUE
2024-09-20T07:30:00Z,25360,1475,TRUE
2024-09-20T08:00:00Z,26640,1280,FALSE
2024-09-20T08:30:00Z,26406,-234,FALSE
2024-09-20T09:00:00Z,26504,98,FALSE
2024-09-20T09:30:00Z,25978,-526,FALSE
2024-09-20T10:00:00Z,25345,-633,FALSE
2024-09-20T10:30:00Z,24820,-525,FALSE
2024-09-20T11:00:00Z,24043,-777,FALSE
2024-09-20T11:30:00Z,23859,-184,FALSE
2024-09-20T12:00:00Z,23668,-191,FALSE
2024-09-20T12:30:00Z,23375,-293,FALSE
2024-09-20T13:00:00Z,22983,-392,FALSE
2024-09-20T13:30:00Z,22747,-236,FALSE
2024-09-20T14:00:00Z,22565,-182,FALSE
2024-09-20T14:30:00Z,22381,-184,FALSE
2024-09-20T15:00:00Z,22264,-117,FALSE
2024-09-20T15:30:00Z,22671,407,FALSE
2024-09-20T16:00:00Z,23283,612,FALSE
2024-09-20T16:30:00Z,24025,742,FALSE
2024-09-20T17:00:00Z,25064,1039,FALSE
2024-09-20T17:30:00Z,25783,719,FALSE
2024-09-20T18:00:00Z,26307,524,FALSE
2024-09-20T18:30:00Z,26416,109,FALSE
2024-09-20T19:00:00Z,26940,524,FALSE
2024-09-20T19:30:00Z,26871,-69,FALSE
2024-09-20T20:00:00Z,26420,-451,FALSE
2024-09-20T20:30:00Z,25378,-1042,FALSE
2024-09-20T21:00:00Z,24294,-1084,FALSE
2024-09-20T21:30:00Z,23187,-1107,FALSE
2024-09-20T22:00:00Z,21844,-1343,FALSE
2024-09-20T22:30:00Z,20835,-1009,FALSE
2024-09-20T23:00:00Z,19719,-1116,FALSE
2024-09-20T23:30:00Z,19225,-494,FALSE
2024-09-21T00:00:00Z,18630,-595,FALSE
2024-09-21T00:30:00Z,18206,-424,FALSE
2024-09-21T01:00:00Z,17739,-467,FALSE
2024-09-21T01:30:00Z,17377,-362,FALSE
2024-09-21T02:00:00Z,17001,-376,FALSE
2024-09-21T02:30:00Z,16582,-419,FALSE
2024-09-21T03:00:00Z,16151,-431,FALSE
2024-09-21T03:30:00Z,16012,-139,FALSE
2024-09-21T04:00:00Z,15929,-83,FALSE
2024-09-21T04:30:00Z,15818,-111,FALSE
2024-09-21T05:00:00Z,15744,-74,FALSE
2024-09-21T05:30:00Z,16116,372,FALSE
2024-09-21T06:00:00Z,17062,946,FALSE
2024-09-21T06:30:00Z,17824,762,FALSE
2024-09-21T07:00:00Z,19127,1303,FALSE
2024-09-21T07:30:00Z,19915,788,FALSE
2024-09-21T08:00:00Z,20905,990,FALSE
2024-09-21T08:30:00Z,21406,501,FALSE
2024-09-21T09:00:00Z,21582,176,FALSE
2024-09-21T09:30:00Z,21351,-231,FALSE
2024-09-21T10:00:00Z,21058,-293,FALSE
2024-09-21T10:30:00Z,20447,-611,FALSE
2024-09-21T11:00:00Z,20198,-249,FALSE
2024-09-21T11:30:00Z,20069,-129,FALSE
2024-09-21T12:00:00Z,20031,-38,FALSE
2024-09-21T12:30:00Z,19847,-184,FALSE
2024-09-21T13:00:00Z,19437,-410,FALSE
2024-09-21T13:30:00Z,19330,-107,FALSE
2024-09-21T14:00:00Z,18952,-378,FALSE
2024-09-21T14:30:00Z,18858,-94,FALSE
2024-09-21T15:00:00Z,19209,351,FALSE
2024-09-21T15:30:00Z,19886,677,FALSE
2024-09-21T16:00:00Z,20603,717,FALSE
2024-09-21T16:30:00Z,21835,1232,FALSE
2024-09-21T17:00:00Z,22796,961,FALSE
2024-09-21T17:30:00Z,23730,934,FALSE
2024-09-21T18:00:00Z,24605,875,FALSE
2024-09-21T18:30:00Z,24873,268,FALSE
2024-09-21T19:00:00Z,25293,420,FALSE
2024-09-21T19:30:00Z,25113,-180,FALSE
2024-09-21T20:00:00Z,24974,-139,FALSE
2024-09-21T20:30:00Z,24561,-413,FALSE
2024-09-21T21:00:00Z,23753,-808,FALSE
2024-09-21T21:30:00Z,22534,-1219,FALSE
2024-09-21T22:00:00Z,21470,-1064,FALSE
2024-09-21T22:30:00Z,20260,-1210,FALSE
2024-09-21T23:00:00Z,19371,-889,FALSE
2024-09-21T23:30:00Z,18581,-790,FALSE
2024-09-22T00:00:00Z,18055,-526,FALSE
2024-09-22T00:30:00Z,17587,-468,FALSE
2024-09-22T01:00:00Z,17339,-248,FALSE
2024-09-22T01:30:00Z,16960,-379,FALSE
2024-09-22T02:00:00Z,16575,-385,FALSE
2024-09-22T02:30:00Z,16485,-90,FALSE
2024-09-22T03:00:00Z,15951,-534,FALSE
2024-09-22T03:30:00Z,15762,-189,FALSE
2024-09-22T04:00:00Z,15311,-451,FALSE
2024-09-22T04:30:00Z,15352,41,FALSE
2024-09-22T05:00:00Z,15451,99,FALSE
2024-09-22T05:30:00Z,15618,167,FALSE
2024-09-22T06:00:00Z,16177,559,FALSE
2024-09-22T06:30:00Z,16780,603,FALSE
2024-09-22T07:00:00Z,17473,693,FALSE
2024-09-22T07:30:00Z,18200,727,FALSE
2024-09-22T08:00:00Z,19819,1619,TRUE
2024-09-22T08:30:00Z,20692,873,FALSE
2024-09-22T09:00:00Z,21569,877,FALSE
2024-09-22T09:30:00Z,22133,564,FALSE
2024-09-22T10:00:00Z,22578,445,FALSE
2024-09-22T10:30:00Z,23078,500,FALSE
2024-09-22T11:00:00Z,23406,328,FALSE
2024-09-22T11:30:00Z,23527,121,FALSE
2024-09-22T12:00:00Z,23797,270,FALSE
2024-09-22T12:30:00Z,23976,179,FALSE
2024-09-22T13:00:00Z,23992,16,FALSE
2024-09-22T13:30:00Z,23937,-55,FALSE
2024-09-22T14:00:00Z,24045,108,FALSE
2024-09-22T14:30:00Z,23880,-165,FALSE
2024-09-22T15:00:00Z,24020,140,FALSE
2024-09-22T15:30:00Z,24381,361,FALSE
2024-09-22T16:00:00Z,24438,57,FALSE
2024-09-22T16:30:00Z,25972,1534,TRUE
2024-09-22T17:00:00Z,26430,458,FALSE
2024-09-22T17:30:00Z,26997,567,FALSE
2024-09-22T18:00:00Z,26929,-68,FALSE
2024-09-22T18:30:00Z,26752,-177,FALSE
2024-09-22T19:00:00Z,27013,261,FALSE
2024-09-22T19:30:00Z,26616,-397,FALSE
2024-09-22T20:00:00Z,25424,-1192,FALSE
2024-09-22T20:30:00Z,25083,-341,FALSE
2024-09-22T21:00:00Z,23711,-1372,FALSE
2024-09-22T21:30:00Z,22602,-1109,FALSE
2024-09-22T22:00:00Z,21622,-980,FALSE
2024-09-22T22:30:00Z,20641,-981,FALSE
2024-09-22T23:00:00Z,19313,-1328,FALSE
2024-09-22T23:30:00Z,18693,-620,FALSE
2024-09-23T00:00:00Z,18082,-611,FALSE
2024-09-23T00:30:00Z,18052,-30,FALSE
2024-09-23T01:00:00Z,17922,-130,FALSE
2024-09-23T01:30:00Z,17917,-5,FALSE
2024-09-23T02:00:00Z,17298,-619,FALSE
2024-09-23T02:30:00Z,16916,-382,FALSE
2024-09-23T03:00:00Z,17071,155,FALSE
2024-09-23T03:30:00Z,16898,-173,FALSE
2024-09-23T04:00:00Z,16783,-115,FALSE
2024-09-23T04:30:00Z,16917,134,FALSE
2024-09-23T05:00:00Z,16872,-45,FALSE
2024-09-23T05:30:00Z,17979,1107,FALSE
2024-09-23T06:00:00Z,20396,2417,TRUE
2024-09-23T06:30:00Z,22516,2120,TRUE
2024-09-23T07:00:00Z,24461,1945,TRUE
2024-09-23T07:30:00Z,25721,1260,FALSE
2024-09-23T08:00:00Z,27216,1495,TRUE
2024-09-23T08:30:00Z,27414,198,FALSE
2024-09-23T09:00:00Z,28072,658,FALSE
2024-09-23T09:30:00Z,28105,33,FALSE
2024-09-23T10:00:00Z,28140,35,FALSE
2024-09-23T10:30:00Z,28297,157,FALSE
2024-09-23T11:00:00Z,28007,-290,FALSE
2024-09-23T11:30:00Z,27739,-268,FALSE
2024-09-23T12:00:00Z,27582,-157,FALSE
2024-09-23T12:30:00Z,27646,64,FALSE
2024-09-23T13:00:00Z,27611,-35,FALSE
2024-09-23T13:30:00Z,27540,-71,FALSE
2024-09-23T14:00:00Z,27254,-286,FALSE
2024-09-23T14:30:00Z,27062,-192,FALSE
2024-09-23T15:00:00Z,26819,-243,FALSE
2024-09-23T15:30:00Z,27264,445,FALSE
2024-09-23T16:00:00Z,27531,267,FALSE
2024-09-23T16:30:00Z,28341,810,FALSE
2024-09-23T17:00:00Z,29221,880,FALSE
2024-09-23T17:30:00Z,29873,652,FALSE
2024-09-23T18:00:00Z,29977,104,FALSE
2024-09-23T18:30:00Z,29837,-140,FALSE
2024-09-23T19:00:00Z,29808,-29,FALSE
2024-09-23T19:30:00Z,29247,-561,FALSE
2024-09-23T20:00:00Z,28479,-768,FALSE
2024-09-23T20:30:00Z,27364,-1115,FALSE
2024-09-23T21:00:00Z,26021,-1343,FALSE
2024-09-23T21:30:00Z,24777,-1244,FALSE
2024-09-23T22:00:00Z,23281,-1496,TRUE
2024-09-23T22:30:00Z,21744,-1537,TRUE
2024-09-23T23:00:00Z,20383,-1361,FALSE
2024-09-23T23:30:00Z,19170,-1213,FALSE
2024-09-24T00:00:00Z,18905,-265,FALSE
2024-09-24T00:30:00Z,18709,-196,FALSE
2024-09-24T01:00:00Z,18361,-348,FALSE
2024-09-24T01:30:00Z,18104,-257,FALSE
2024-09-24T02:00:00Z,18047,-57,FALSE
2024-09-24T02:30:00Z,17987,-60,FALSE
2024-09-24T03:00:00Z,17931,-56,FALSE
2024-09-24T03:30:00Z,17663,-268,FALSE
2024-09-24T04:00:00Z,17314,-349,FALSE
2024-09-24T04:30:00Z,17506,192,FALSE
2024-09-24T05:00:00Z,17914,408,FALSE
2024-09-24T05:30:00Z,19147,1233,FALSE
2024-09-24T06:00:00Z,21098,1951,TRUE
2024-09-24T06:30:00Z,23098,2000,TRUE
2024-09-24T07:00:00Z,24743,1645,TRUE
2024-09-24T07:30:00Z,25414,671,FALSE
2024-09-24T08:00:00Z,27154,1740,TRUE
2024-09-24T08:30:00Z,27625,471,FALSE
2024-09-24T09:00:00Z,27717,92,FALSE
2024-09-24T09:30:00Z,27474,-243,FALSE
2024-09-24T10:00:00Z,27403,-71,FALSE
2024-09-24T10:30:00Z,27376,-27,FALSE
2024-09-24T11:00:00Z,26815,-561,FALSE
2024-09-24T11:30:00Z,26221,-594,FALSE
2024-09-24T12:00:00Z,26142,-79,FALSE
2024-09-24T12:30:00Z,26113,-29,FALSE
2024-09-24T13:00:00Z,25869,-244,FALSE
2024-09-24T13:30:00Z,25384,-485,FALSE
2024-09-24T14:00:00Z,25374,-10,FALSE
2024-09-24T14:30:00Z,25192,-182,FALSE
2024-09-24T15:00:00Z,25012,-180,FALSE
2024-09-24T15:30:00Z,25643,631,FALSE
2024-09-24T16:00:00Z,26286,643,FALSE
2024-09-24T16:30:00Z,26917,631,FALSE
2024-09-24T17:00:00Z,28121,1204,FALSE
2024-09-24T17:30:00Z,28908,787,FALSE
2024-09-24T18:00:00Z,29572,664,FALSE
2024-09-24T18:30:00Z,29831,259,FALSE
2024-09-24T19:00:00Z,30357,526,FALSE
2024-09-24T19:30:00Z,30113,-244,FALSE
2024-09-24T20:00:00Z,29196,-917,FALSE
2024-09-24T20:30:00Z,28043,-1153,FALSE
2024-09-24T21:00:00Z,26767,-1276,FALSE
2024-09-24T21:30:00Z,25350,-1417,TRUE
2024-09-24T22:00:00Z,23656,-1694,TRUE
2024-09-24T22:30:00Z,22157,-1499,TRUE
2024-09-24T23:00:00Z,20873,-1284,FALSE
2024-09-24T23:30:00Z,20142,-731,FALSE
2024-09-25T00:00:00Z,19607,-535,FALSE
2024-09-25T00:30:00Z,19319,-288,FALSE
2024-09-25T01:00:00Z,19130,-189,FALSE
2024-09-25T01:30:00Z,18929,-201,FALSE
2024-09-25T02:00:00Z,18553,-376,FALSE
2024-09-25T02:30:00Z,18147,-406,FALSE
2024-09-25T03:00:00Z,18016,-131,FALSE
2024-09-25T03:30:00Z,17714,-302,FALSE
2024-09-25T04:00:00Z,17500,-214,FALSE
2024-09-25T04:30:00Z,17635,135,FALSE
2024-09-25T05:00:00Z,18326,691,FALSE
2024-09-25T05:30:00Z,19131,805,FALSE
2024-09-25T06:00:00Z,21316,2185,TRUE
2024-09-25T06:30:00Z,23520,2204,TRUE
2024-09-25T07:00:00Z,25945,2425,TRUE
2024-09-25T07:30:00Z,27373,1428,TRUE
2024-09-25T08:00:00Z,27998,625,FALSE
2024-09-25T08:30:00Z,27901,-97,FALSE
2024-09-25T09:00:00Z,28189,288,FALSE
2024-09-25T09:30:00Z,28098,-91,FALSE
2024-09-25T10:00:00Z,27698,-400,FALSE
2024-09-25T10:30:00Z,27143,-555,FALSE
2024-09-25T11:00:00Z,26601,-542,FALSE
2024-09-25T11:30:00Z,26196,-405,FALSE
2024-09-25T12:00:00Z,26231,35,FALSE
2024-09-25T12:30:00Z,26328,97,FALSE
2024-09-25T13:00:00Z,26153,-175,FALSE
2024-09-25T13:30:00Z,25938,-215,FALSE
2024-09-25T14:00:00Z,26244,306,FALSE
2024-09-25T14:30:00Z,26201,-43,FALSE
2024-09-25T15:00:00Z,26303,102,FALSE
2024-09-25T15:30:00Z,26953,650,FALSE
2024-09-25T16:00:00Z,27590,637,FALSE
2024-09-25T16:30:00Z,28239,649,FALSE
2024-09-25T17:00:00Z,28690,451,FALSE
2024-09-25T17:30:00Z,29198,508,FALSE
2024-09-25T18:00:00Z,29713,515,FALSE
2024-09-25T18:30:00Z,30072,359,FALSE
2024-09-25T19:00:00Z,30661,589,FALSE
2024-09-25T19:30:00Z,29804,-857,FALSE
2024-09-25T20:00:00Z,28955,-849,FALSE
2024-09-25T20:30:00Z,28024,-931,FALSE
2024-09-25T21:00:00Z,26788,-1236,FALSE
2024-09-25T21:30:00Z,25018,-1770,TRUE
2024-09-25T22:00:00Z,23697,-1321,FALSE
2024-09-25T22:30:00Z,22431,-1266,FALSE
2024-09-25T23:00:00Z,20842,-1589,TRUE
2024-09-25T23:30:00Z,20049,-793,FALSE
2024-09-26T00:00:00Z,19403,-646,FALSE
2024-09-26T00:30:00Z,19094,-309,FALSE
2024-09-26T01:00:00Z,18847,-247,FALSE
2024-09-26T01:30:00Z,18832,-15,FALSE
2024-09-26T02:00:00Z,18444,-388,FALSE
2024-09-26T02:30:00Z,18275,-169,FALSE
2024-09-26T03:00:00Z,17730,-545,FALSE
2024-09-26T03:30:00Z,17869,139,FALSE
2024-09-26T04:00:00Z,17855,-14,FALSE
2024-09-26T04:30:00Z,17698,-157,FALSE
2024-09-26T05:00:00Z,18361,663,FALSE
2024-09-26T05:30:00Z,18991,630,FALSE
2024-09-26T06:00:00Z,20729,1738,TRUE
2024-09-26T06:30:00Z,23073,2344,TRUE
2024-09-26T07:00:00Z,25153,2080,TRUE
2024-09-26T07:30:00Z,26132,979,FALSE
2024-09-26T08:00:00Z,26950,818,FALSE
2024-09-26T08:30:00Z,26790,-160,FALSE
2024-09-26T09:00:00Z,26668,-122,FALSE
2024-09-26T09:30:00Z,26500,-168,FALSE
2024-09-26T10:00:00Z,25819,-681,FALSE
2024-09-26T10:30:00Z,25536,-283,FALSE
2024-09-26T11:00:00Z,24997,-539,FALSE
2024-09-26T11:30:00Z,24915,-82,FALSE
2024-09-26T12:00:00Z,24970,55,FALSE
2024-09-26T12:30:00Z,24879,-91,FALSE
2024-09-26T13:00:00Z,25121,242,FALSE
2024-09-26T13:30:00Z,24922,-199,FALSE
2024-09-26T14:00:00Z,24932,10,FALSE
2024-09-26T14:30:00Z,25141,209,FALSE
2024-09-26T15:00:00Z,25118,-23,FALSE
2024-09-26T15:30:00Z,25759,641,FALSE
2024-09-26T16:00:00Z,26278,519,FALSE
2024-09-26T16:30:00Z,27014,736,FALSE
2024-09-26T17:00:00Z,28181,1167,FALSE
2024-09-26T17:30:00Z,28675,494,FALSE
2024-09-26T18:00:00Z,28895,220,FALSE
2024-09-26T18:30:00Z,29307,412,FALSE
2024-09-26T19:00:00Z,29925,618,FALSE
2024-09-26T19:30:00Z,29222,-703,FALSE
2024-09-26T20:00:00Z,28093,-1129,FALSE
2024-09-26T20:30:00Z,26788,-1305,FALSE
2024-09-26T21:00:00Z,25476,-1312,FALSE
2024-09-26T21:30:00Z,24153,-1323,FALSE
2024-09-26T22:00:00Z,22802,-1351,FALSE
2024-09-26T22:30:00Z,21694,-1108,FALSE
2024-09-26T23:00:00Z,20187,-1507,TRUE
2024-09-26T23:30:00Z,19353,-834,FALSE
2024-09-27T00:00:00Z,18432,-921,FALSE
2024-09-27T00:30:00Z,18229,-203,FALSE
2024-09-27T01:00:00Z,17737,-492,FALSE
2024-09-27T01:30:00Z,17666,-71,FALSE
2024-09-27T02:00:00Z,17373,-293,FALSE
2024-09-27T02:30:00Z,17192,-181,FALSE
2024-09-27T03:00:00Z,16593,-599,FALSE
2024-09-27T03:30:00Z,16374,-219,FALSE
2024-09-27T04:00:00Z,16189,-185,FALSE
2024-09-27T04:30:00Z,16196,7,FALSE
2024-09-27T05:00:00Z,16468,272,FALSE
2024-09-27T05:30:00Z,16996,528,FALSE
2024-09-27T06:00:00Z,19177,2181,TRUE
2024-09-27T06:30:00Z,21020,1843,TRUE
2024-09-27T07:00:00Z,23953,2933,TRUE
2024-09-27T07:30:00Z,25352,1399,TRUE
2024-09-27T08:00:00Z,25909,557,FALSE
2024-09-27T08:30:00Z,25846,-63,FALSE
2024-09-27T09:00:00Z,26033,187,FALSE
2024-09-27T09:30:00Z,25969,-64,FALSE
2024-09-27T10:00:00Z,25839,-130,FALSE
2024-09-27T10:30:00Z,26001,162,FALSE
2024-09-27T11:00:00Z,25508,-493,FALSE
2024-09-27T11:30:00Z,24872,-636,FALSE
2024-09-27T12:00:00Z,24611,-261,FALSE
2024-09-27T12:30:00Z,24003,-608,FALSE
2024-09-27T13:00:00Z,23610,-393,FALSE
2024-09-27T13:30:00Z,22577,-1033,FALSE
2024-09-27T14:00:00Z,22062,-515,FALSE
2024-09-27T14:30:00Z,21744,-318,FALSE
2024-09-27T15:00:00Z,21767,23,FALSE
2024-09-27T15:30:00Z,22268,501,FALSE
2024-09-27T16:00:00Z,22866,598,FALSE
2024-09-27T16:30:00Z,23876,1010,FALSE
2024-09-27T17:00:00Z,25682,1806,TRUE
2024-09-27T17:30:00Z,26745,1063,FALSE
2024-09-27T18:00:00Z,27909,1164,FALSE
2024-09-27T18:30:00Z,28643,734,FALSE
2024-09-27T19:00:00Z,29208,565,FALSE
2024-09-27T19:30:00Z,29217,9,FALSE
2024-09-27T20:00:00Z,28504,-713,FALSE
2024-09-27T20:30:00Z,27614,-890,FALSE
2024-09-27T21:00:00Z,26898,-716,FALSE
2024-09-27T21:30:00Z,25723,-1175,FALSE
2024-09-27T22:00:00Z,24402,-1321,FALSE
2024-09-27T22:30:00Z,23469,-933,FALSE
2024-09-27T23:00:00Z,22021,-1448,TRUE
2024-09-27T23:30:00Z,21180,-841,FALSE
2024-09-28T00:00:00Z,20681,-499,FALSE
2024-09-28T00:30:00Z,20390,-291,FALSE
2024-09-28T01:00:00Z,20203,-187,FALSE
2024-09-28T01:30:00Z,19896,-307,FALSE
2024-09-28T02:00:00Z,19611,-285,FALSE
2024-09-28T02:30:00Z,19175,-436,FALSE
2024-09-28T03:00:00Z,18624,-551,FALSE
2024-09-28T03:30:00Z,18305,-319,FALSE
2024-09-28T04:00:00Z,18097,-208,FALSE
2024-09-28T04:30:00Z,17883,-214,FALSE
2024-09-28T05:00:00Z,18008,125,FALSE
2024-09-28T05:30:00Z,18259,251,FALSE
2024-09-28T06:00:00Z,19349,1090,FALSE
2024-09-28T06:30:00Z,20241,892,FALSE
2024-09-28T07:00:00Z,21231,990,FALSE
2024-09-28T07:30:00Z,22145,914,FALSE
2024-09-28T08:00:00Z,22976,831,FALSE
2024-09-28T08:30:00Z,22774,-202,FALSE
2024-09-28T09:00:00Z,22260,-514,FALSE
2024-09-28T09:30:00Z,21784,-476,FALSE
2024-09-28T10:00:00Z,21090,-694,FALSE
2024-09-28T10:30:00Z,20505,-585,FALSE
2024-09-28T11:00:00Z,20066,-439,FALSE
2024-09-28T11:30:00Z,19863,-203,FALSE
2024-09-28T12:00:00Z,19996,133,FALSE
2024-09-28T12:30:00Z,19919,-77,FALSE
2024-09-28T13:00:00Z,19857,-62,FALSE
2024-09-28T13:30:00Z,19638,-219,FALSE
2024-09-28T14:00:00Z,19196,-442,FALSE
2024-09-28T14:30:00Z,19093,-103,FALSE
2024-09-28T15:00:00Z,19756,663,FALSE
2024-09-28T15:30:00Z,20882,1126,FALSE
2024-09-28T16:00:00Z,21762,880,FALSE
2024-09-28T16:30:00Z,23058,1296,FALSE
2024-09-28T17:00:00Z,24658,1600,TRUE
2024-09-28T17:30:00Z,25804,1146,FALSE
2024-09-28T18:00:00Z,26489,685,FALSE
2024-09-28T18:30:00Z,27155,666,FALSE
2024-09-28T19:00:00Z,27337,182,FALSE
2024-09-28T19:30:00Z,27483,146,FALSE
2024-09-28T20:00:00Z,26787,-696,FALSE
2024-09-28T20:30:00Z,25917,-870,FALSE
2024-09-28T21:00:00Z,25335,-582,FALSE
2024-09-28T21:30:00Z,24791,-544,FALSE
2024-09-28T22:00:00Z,23599,-1192,FALSE
2024-09-28T22:30:00Z,22717,-882,FALSE
2024-09-28T23:00:00Z,21508,-1209,FALSE
2024-09-28T23:30:00Z,20452,-1056,FALSE
2024-09-29T00:00:00Z,19674,-778,FALSE
2024-09-29T00:30:00Z,19356,-318,FALSE
2024-09-29T01:00:00Z,18918,-438,FALSE
2024-09-29T01:30:00Z,18768,-150,FALSE
2024-09-29T02:00:00Z,18512,-256,FALSE
2024-09-29T02:30:00Z,18113,-399,FALSE
2024-09-29T03:00:00Z,17732,-381,FALSE
2024-09-29T03:30:00Z,17649,-83,FALSE
2024-09-29T04:00:00Z,17263,-386,FALSE
2024-09-29T04:30:00Z,16950,-313,FALSE
2024-09-29T05:00:00Z,17097,147,FALSE
2024-09-29T05:30:00Z,17125,28,FALSE
2024-09-29T06:00:00Z,17751,626,FALSE
2024-09-29T06:30:00Z,18174,423,FALSE
2024-09-29T07:00:00Z,18731,557,FALSE
2024-09-29T07:30:00Z,19631,900,FALSE
2024-09-29T08:00:00Z,20549,918,FALSE
2024-09-29T08:30:00Z,21554,1005,FALSE
2024-09-29T09:00:00Z,22303,749,FALSE
2024-09-29T09:30:00Z,22746,443,FALSE
2024-09-29T10:00:00Z,23464,718,FALSE
2024-09-29T10:30:00Z,23302,-162,FALSE
2024-09-29T11:00:00Z,23211,-91,FALSE
2024-09-29T11:30:00Z,23108,-103,FALSE
2024-09-29T12:00:00Z,23071,-37,FALSE
2024-09-29T12:30:00Z,23257,186,FALSE
2024-09-29T13:00:00Z,23230,-27,FALSE
2024-09-29T13:30:00Z,23221,-9,FALSE
2024-09-29T14:00:00Z,23105,-116,FALSE
2024-09-29T14:30:00Z,22833,-272,FALSE
2024-09-29T15:00:00Z,23270,437,FALSE
2024-09-29T15:30:00Z,23840,570,FALSE
2024-09-29T16:00:00Z,25208,1368,FALSE
2024-09-29T16:30:00Z,26753,1545,TRUE
2024-09-29T17:00:00Z,26922,169,FALSE
2024-09-29T17:30:00Z,27575,653,FALSE
2024-09-29T18:00:00Z,27573,-2,FALSE
2024-09-29T18:30:00Z,27851,278,FALSE
2024-09-29T19:00:00Z,28378,527,FALSE
2024-09-29T19:30:00Z,27402,-976,FALSE
2024-09-29T20:00:00Z,26664,-738,FALSE
2024-09-29T20:30:00Z,25545,-1119,FALSE
2024-09-29T21:00:00Z,24229,-1316,FALSE
2024-09-29T21:30:00Z,23098,-1131,FALSE
2024-09-29T22:00:00Z,21419,-1679,TRUE
2024-09-29T22:30:00Z,20542,-877,FALSE
2024-09-29T23:00:00Z,18954,-1588,TRUE
2024-09-29T23:30:00Z,18233,-721,FALSE
2024-09-30T00:00:00Z,17685,-548,FALSE
2024-09-30T00:30:00Z,17391,-294,FALSE
2024-09-30T01:00:00Z,17297,-94,FALSE
2024-09-30T01:30:00Z,17362,65,FALSE
2024-09-30T02:00:00Z,17583,221,FALSE
2024-09-30T02:30:00Z,17079,-504,FALSE
2024-09-30T03:00:00Z,16721,-358,FALSE
2024-09-30T03:30:00Z,16588,-133,FALSE
2024-09-30T04:00:00Z,16912,324,FALSE
2024-09-30T04:30:00Z,16858,-54,FALSE
2024-09-30T05:00:00Z,17422,564,FALSE
2024-09-30T05:30:00Z,18174,752,FALSE
2024-09-30T06:00:00Z,20546,2372,TRUE
2024-09-30T06:30:00Z,22648,2102,TRUE
2024-09-30T07:00:00Z,25121,2473,TRUE
2024-09-30T07:30:00Z,26818,1697,TRUE
2024-09-30T08:00:00Z,27765,947,FALSE
2024-09-30T08:30:00Z,28418,653,FALSE
2024-09-30T09:00:00Z,29292,874,FALSE
2024-09-30T09:30:00Z,29246,-46,FALSE
2024-09-30T10:00:00Z,29127,-119,FALSE
2024-09-30T10:30:00Z,29073,-54,FALSE
2024-09-30T11:00:00Z,29159,86,FALSE
2024-09-30T11:30:00Z,29089,-70,FALSE
2024-09-30T12:00:00Z,29158,69,FALSE
2024-09-30T12:30:00Z,28884,-274,FALSE
2024-09-30T13:00:00Z,28693,-191,FALSE
2024-09-30T13:30:00Z,28404,-289,FALSE
2024-09-30T14:00:00Z,28465,61,FALSE
2024-09-30T14:30:00Z,28270,-195,FALSE
2024-09-30T15:00:00Z,28352,82,FALSE
2024-09-30T15:30:00Z,28766,414,FALSE
2024-09-30T16:00:00Z,29445,679,FALSE
2024-09-30T16:30:00Z,29986,541,FALSE
2024-09-30T17:00:00Z,30707,721,FALSE
2024-09-30T17:30:00Z,31097,390,FALSE
2024-09-30T18:00:00Z,31031,-66,FALSE
2024-09-30T18:30:00Z,30864,-167,FALSE
2024-09-30T19:00:00Z,30812,-52,FALSE
2024-09-30T19:30:00Z,30154,-658,FALSE
2024-09-30T20:00:00Z,29171,-983,FALSE
2024-09-30T20:30:00Z,28226,-945,FALSE
2024-09-30T21:00:00Z,27132,-1094,FALSE
2024-09-30T21:30:00Z,25355,-1777,TRUE
2024-09-30T22:00:00Z,23835,-1520,TRUE
2024-09-30T22:30:00Z,22606,-1229,FALSE
2024-09-30T23:00:00Z,21195,-1411,TRUE
2024-09-30T23:30:00Z,20301,-894,FALSE
2024-10-01T00:00:00Z,19731,-570,FALSE
2024-10-01T00:30:00Z,19369,-362,FALSE
2024-10-01T01:00:00Z,19002,-367,FALSE
2024-10-01T01:30:00Z,19007,5,FALSE
2024-10-01T02:00:00Z,18905,-102,FALSE
2024-10-01T02:30:00Z,18882,-23,FALSE
2024-10-01T03:00:00Z,18524,-358,FALSE
2024-10-01T03:30:00Z,18600,76,FALSE
2024-10-01T04:00:00Z,18356,-244,FALSE
2024-10-01T04:30:00Z,18233,-123,FALSE
2024-10-01T05:00:00Z,18433,200,FALSE
2024-10-01T05:30:00Z,19105,672,FALSE
2024-10-01T06:00:00Z,21458,2353,TRUE
2024-10-01T06:30:00Z,23576,2118,TRUE
2024-10-01T07:00:00Z,25713,2137,TRUE
2024-10-01T07:30:00Z,26551,838,FALSE
2024-10-01T08:00:00Z,27713,1162,FALSE
2024-10-01T08:30:00Z,27965,252,FALSE
2024-10-01T09:00:00Z,28520,555,FALSE
2024-10-01T09:30:00Z,28399,-121,FALSE
2024-10-01T10:00:00Z,28341,-58,FALSE
2024-10-01T10:30:00Z,28566,225,FALSE
2024-10-01T11:00:00Z,28315,-251,FALSE
2024-10-01T11:30:00Z,28287,-28,FALSE
2024-10-01T12:00:00Z,28477,190,FALSE
2024-10-01T12:30:00Z,28663,186,FALSE
2024-10-01T13:00:00Z,28356,-307,FALSE
2024-10-01T13:30:00Z,27866,-490,FALSE
2024-10-01T14:00:00Z,27463,-403,FALSE
2024-10-01T14:30:00Z,27167,-296,FALSE
2024-10-01T15:00:00Z,27187,20,FALSE
2024-10-01T15:30:00Z,27667,480,FALSE
2024-10-01T16:00:00Z,28410,743,FALSE
2024-10-01T16:30:00Z,29068,658,FALSE
2024-10-01T17:00:00Z,29957,889,FALSE
2024-10-01T17:30:00Z,30335,378,FALSE
2024-10-01T18:00:00Z,30626,291,FALSE
2024-10-01T18:30:00Z,30897,271,FALSE
2024-10-01T19:00:00Z,30909,12,FALSE
2024-10-01T19:30:00Z,30367,-542,FALSE
2024-10-01T20:00:00Z,29111,-1256,FALSE
2024-10-01T20:30:00Z,28290,-821,FALSE
2024-10-01T21:00:00Z,26684,-1606,TRUE
2024-10-01T21:30:00Z,25349,-1335,FALSE
2024-10-01T22:00:00Z,23595,-1754,TRUE
2024-10-01T22:30:00Z,22380,-1215,FALSE
2024-10-01T23:00:00Z,20777,-1603,TRUE
2024-10-01T23:30:00Z,19936,-841,FALSE
2024-10-02T00:00:00Z,19502,-434,FALSE
2024-10-02T00:30:00Z,19128,-374,FALSE
2024-10-02T01:00:00Z,19049,-79,FALSE
2024-10-02T01:30:00Z,18939,-110,FALSE
2024-10-02T02:00:00Z,18698,-241,FALSE
2024-10-02T02:30:00Z,18353,-345,FALSE
2024-10-02T03:00:00Z,17838,-515,FALSE
2024-10-02T03:30:00Z,17680,-158,FALSE
2024-10-02T04:00:00Z,17522,-158,FALSE
2024-10-02T04:30:00Z,17640,118,FALSE
2024-10-02T05:00:00Z,17748,108,FALSE
2024-10-02T05:30:00Z,18872,1124,FALSE
2024-10-02T06:00:00Z,21058,2186,TRUE
2024-10-02T06:30:00Z,23247,2189,TRUE
2024-10-02T07:00:00Z,25263,2016,TRUE
2024-10-02T07:30:00Z,26431,1168,FALSE
2024-10-02T08:00:00Z,27329,898,FALSE
2024-10-02T08:30:00Z,27925,596,FALSE
2024-10-02T09:00:00Z,28135,210,FALSE
2024-10-02T09:30:00Z,27924,-211,FALSE
2024-10-02T10:00:00Z,27943,19,FALSE
2024-10-02T10:30:00Z,27834,-109,FALSE
2024-10-02T11:00:00Z,27366,-468,FALSE
2024-10-02T11:30:00Z,27130,-236,FALSE
2024-10-02T12:00:00Z,27080,-50,FALSE
2024-10-02T12:30:00Z,26703,-377,FALSE
2024-10-02T13:00:00Z,26192,-511,FALSE
2024-10-02T13:30:00Z,25588,-604,FALSE
2024-10-02T14:00:00Z,24838,-750,FALSE
2024-10-02T14:30:00Z,25014,176,FALSE
2024-10-02T15:00:00Z,25010,-4,FALSE
2024-10-02T15:30:00Z,25871,861,FALSE
2024-10-02T16:00:00Z,26739,868,FALSE
2024-10-02T16:30:00Z,27397,658,FALSE
2024-10-02T17:00:00Z,28667,1270,FALSE
2024-10-02T17:30:00Z,29653,986,FALSE
2024-10-02T18:00:00Z,30176,523,FALSE
2024-10-02T18:30:00Z,30702,526,FALSE
2024-10-02T19:00:00Z,31389,687,FALSE
2024-10-02T19:30:00Z,30985,-404,FALSE
2024-10-02T20:00:00Z,29901,-1084,FALSE
2024-10-02T20:30:00Z,28788,-1113,FALSE
2024-10-02T21:00:00Z,27483,-1305,FALSE
2024-10-02T21:30:00Z,25839,-1644,TRUE
2024-10-02T22:00:00Z,24314,-1525,TRUE
2024-10-02T22:30:00Z,23024,-1290,FALSE
2024-10-02T23:00:00Z,21743,-1281,FALSE
2024-10-02T23:30:00Z,20745,-998,FALSE
2024-10-03T00:00:00Z,20004,-741,FALSE
2024-10-03T00:30:00Z,19722,-282,FALSE
2024-10-03T01:00:00Z,19547,-175,FALSE
2024-10-03T01:30:00Z,19538,-9,FALSE
2024-10-03T02:00:00Z,19126,-412,FALSE
2024-10-03T02:30:00Z,18931,-195,FALSE
2024-10-03T03:00:00Z,18786,-145,FALSE
2024-10-03T03:30:00Z,18566,-220,FALSE
2024-10-03T04:00:00Z,18487,-79,FALSE
2024-10-03T04:30:00Z,18502,15,FALSE
2024-10-03T05:00:00Z,18882,380,FALSE
2024-10-03T05:30:00Z,19881,999,FALSE
2024-10-03T06:00:00Z,21954,2073,TRUE
2024-10-03T06:30:00Z,24132,2178,TRUE
2024-10-03T07:00:00Z,26540,2408,TRUE
2024-10-03T07:30:00Z,27744,1204,FALSE
2024-10-03T08:00:00Z,27928,184,FALSE
2024-10-03T08:30:00Z,27558,-370,FALSE
2024-10-03T09:00:00Z,27382,-176,FALSE
2024-10-03T09:30:00Z,26451,-931,FALSE
2024-10-03T10:00:00Z,25221,-1230,FALSE
2024-10-03T10:30:00Z,24186,-1035,FALSE
2024-10-03T11:00:00Z,23321,-865,FALSE
2024-10-03T11:30:00Z,22875,-446,FALSE
2024-10-03T12:00:00Z,23004,129,FALSE
2024-10-03T12:30:00Z,23192,188,FALSE
2024-10-03T13:00:00Z,23192,0,FALSE
2024-10-03T13:30:00Z,23193,1,FALSE
2024-10-03T14:00:00Z,23190,-3,FALSE
2024-10-03T14:30:00Z,23268,78,FALSE
2024-10-03T15:00:00Z,23689,421,FALSE
2024-10-03T15:30:00Z,24462,773,FALSE
2024-10-03T16:00:00Z,25557,1095,FALSE
2024-10-03T16:30:00Z,27046,1489,TRUE
2024-10-03T17:00:00Z,28659,1613,TRUE
2024-10-03T17:30:00Z,29775,1116,FALSE
2024-10-03T18:00:00Z,30411,636,FALSE
2024-10-03T18:30:00Z,31044,633,FALSE
2024-10-03T19:00:00Z,31377,333,FALSE
2024-10-03T19:30:00Z,30957,-420,FALSE
2024-10-03T20:00:00Z,30290,-667,FALSE
2024-10-03T20:30:00Z,29298,-992,FALSE
2024-10-03T21:00:00Z,28121,-1177,FALSE
2024-10-03T21:30:00Z,26892,-1229,FALSE
2024-10-03T22:00:00Z,25204,-1688,TRUE
2024-10-03T22:30:00Z,23767,-1437,TRUE
2024-10-03T23:00:00Z,22376,-1391,TRUE
2024-10-03T23:30:00Z,21397,-979,FALSE
2024-10-04T00:00:00Z,20841,-556,FALSE
2024-10-04T00:30:00Z,20369,-472,FALSE
2024-10-04T01:00:00Z,20000,-369,FALSE
2024-10-04T01:30:00Z,20122,122,FALSE
2024-10-04T02:00:00Z,20129,7,FALSE
2024-10-04T02:30:00Z,19716,-413,FALSE
2024-10-04T03:00:00Z,19429,-287,FALSE
2024-10-04T03:30:00Z,19297,-132,FALSE
2024-10-04T04:00:00Z,18926,-371,FALSE
2024-10-04T04:30:00Z,18918,-8,FALSE
2024-10-04T05:00:00Z,19210,292,FALSE
2024-10-04T05:30:00Z,20147,937,FALSE
2024-10-04T06:00:00Z,22498,2351,TRUE
2024-10-04T06:30:00Z,24281,1783,TRUE
2024-10-04T07:00:00Z,26181,1900,TRUE
2024-10-04T07:30:00Z,27445,1264,FALSE
2024-10-04T08:00:00Z,28578,1133,FALSE
2024-10-04T08:30:00Z,28010,-568,FALSE
2024-10-04T09:00:00Z,28004,-6,FALSE
2024-10-04T09:30:00Z,26918,-1086,FALSE
2024-10-04T10:00:00Z,25526,-1392,TRUE
2024-10-04T10:30:00Z,24780,-746,FALSE
2024-10-04T11:00:00Z,23852,-928,FALSE
2024-10-04T11:30:00Z,23241,-611,FALSE
2024-10-04T12:00:00Z,23075,-166,FALSE
2024-10-04T12:30:00Z,23474,399,FALSE
2024-10-04T13:00:00Z,23122,-352,FALSE
2024-10-04T13:30:00Z,22887,-235,FALSE
2024-10-04T14:00:00Z,22915,28,FALSE
2024-10-04T14:30:00Z,22675,-240,FALSE
2024-10-04T15:00:00Z,22735,60,FALSE
2024-10-04T15:30:00Z,23857,1122,FALSE
2024-10-04T16:00:00Z,25182,1325,FALSE
2024-10-04T16:30:00Z,26614,1432,TRUE
2024-10-04T17:00:00Z,27718,1104,FALSE
2024-10-04T17:30:00Z,28772,1054,FALSE
2024-10-04T18:00:00Z,29508,736,FALSE
2024-10-04T18:30:00Z,30114,606,FALSE
2024-10-04T19:00:00Z,30398,284,FALSE
2024-10-04T19:30:00Z,29839,-559,FALSE
2024-10-04T20:00:00Z,28751,-1088,FALSE
2024-10-04T20:30:00Z,27661,-1090,FALSE
2024-10-04T21:00:00Z,26686,-975,FALSE
2024-10-04T21:30:00Z,25385,-1301,FALSE
2024-10-04T22:00:00Z,24089,-1296,FALSE
2024-10-04T22:30:00Z,22916,-1173,FALSE
2024-10-04T23:00:00Z,21498,-1418,TRUE
2024-10-04T23:30:00Z,20519,-979,FALSE
2024-10-05T00:00:00Z,19982,-537,FALSE
2024-10-05T00:30:00Z,19490,-492,FALSE
2024-10-05T01:00:00Z,19225,-265,FALSE
2024-10-05T01:30:00Z,19322,97,FALSE
2024-10-05T02:00:00Z,19146,-176,FALSE
2024-10-05T02:30:00Z,18848,-298,FALSE
2024-10-05T03:00:00Z,18525,-323,FALSE
2024-10-05T03:30:00Z,18343,-182,FALSE
2024-10-05T04:00:00Z,17810,-533,FALSE
2024-10-05T04:30:00Z,17817,7,FALSE
2024-10-05T05:00:00Z,17900,83,FALSE
2024-10-05T05:30:00Z,18148,248,FALSE
2024-10-05T06:00:00Z,19061,913,FALSE
2024-10-05T06:30:00Z,19903,842,FALSE
2024-10-05T07:00:00Z,20932,1029,FALSE
2024-10-05T07:30:00Z,21709,777,FALSE
2024-10-05T08:00:00Z,22647,938,FALSE
2024-10-05T08:30:00Z,23094,447,FALSE
2024-10-05T09:00:00Z,22920,-174,FALSE
2024-10-05T09:30:00Z,22199,-721,FALSE
2024-10-05T10:00:00Z,21370,-829,FALSE
2024-10-05T10:30:00Z,20140,-1230,FALSE
2024-10-05T11:00:00Z,19089,-1051,FALSE
2024-10-05T11:30:00Z,18781,-308,FALSE
2024-10-05T12:00:00Z,18291,-490,FALSE
2024-10-05T12:30:00Z,17947,-344,FALSE
2024-10-05T13:00:00Z,17853,-94,FALSE
2024-10-05T13:30:00Z,17258,-595,FALSE
2024-10-05T14:00:00Z,17402,144,FALSE
2024-10-05T14:30:00Z,17679,277,FALSE
2024-10-05T15:00:00Z,17902,223,FALSE
2024-10-05T15:30:00Z,18901,999,FALSE
2024-10-05T16:00:00Z,20541,1640,TRUE
2024-10-05T16:30:00Z,22780,2239,TRUE
2024-10-05T17:00:00Z,24556,1776,TRUE
2024-10-05T17:30:00Z,25852,1296,FALSE
2024-10-05T18:00:00Z,26917,1065,FALSE
2024-10-05T18:30:00Z,27549,632,FALSE
2024-10-05T19:00:00Z,27796,247,FALSE
2024-10-05T19:30:00Z,27142,-654,FALSE
2024-10-05T20:00:00Z,25916,-1226,FALSE
2024-10-05T20:30:00Z,24994,-922,FALSE
2024-10-05T21:00:00Z,23982,-1012,FALSE
2024-10-05T21:30:00Z,23000,-982,FALSE
2024-10-05T22:00:00Z,21838,-1162,FALSE
2024-10-05T22:30:00Z,20714,-1124,FALSE
2024-10-05T23:00:00Z,19476,-1238,FALSE
2024-10-05T23:30:00Z,18925,-551,FALSE
2024-10-06T00:00:00Z,18367,-558,FALSE
2024-10-06T00:30:00Z,17840,-527,FALSE
2024-10-06T01:00:00Z,17724,-116,FALSE
2024-10-06T01:30:00Z,17853,129,FALSE
2024-10-06T02:00:00Z,17756,-97,FALSE
2024-10-06T02:30:00Z,17369,-387,FALSE
2024-10-06T03:00:00Z,16894,-475,FALSE
2024-10-06T03:30:00Z,16477,-417,FALSE
2024-10-06T04:00:00Z,16318,-159,FALSE
2024-10-06T04:30:00Z,16285,-33,FALSE
2024-10-06T05:00:00Z,16225,-60,FALSE
2024-10-06T05:30:00Z,16262,37,FALSE
2024-10-06T06:00:00Z,17075,813,FALSE
2024-10-06T06:30:00Z,17699,624,FALSE
2024-10-06T07:00:00Z,18716,1017,FALSE
2024-10-06T07:30:00Z,19491,775,FALSE
2024-10-06T08:00:00Z,20916,1425,TRUE
2024-10-06T08:30:00Z,21704,788,FALSE
2024-10-06T09:00:00Z,22665,961,FALSE
2024-10-06T09:30:00Z,23058,393,FALSE
2024-10-06T10:00:00Z,23288,230,FALSE
2024-10-06T10:30:00Z,23327,39,FALSE
2024-10-06T11:00:00Z,23305,-22,FALSE
2024-10-06T11:30:00Z,23674,369,FALSE
2024-10-06T12:00:00Z,24049,375,FALSE
2024-10-06T12:30:00Z,24430,381,FALSE
2024-10-06T13:00:00Z,24893,463,FALSE
2024-10-06T13:30:00Z,25050,157,FALSE
2024-10-06T14:00:00Z,25337,287,FALSE
2024-10-06T14:30:00Z,25665,328,FALSE
2024-10-06T15:00:00Z,26472,807,FALSE
2024-10-06T15:30:00Z,26745,273,FALSE
2024-10-06T16:00:00Z,27458,713,FALSE
2024-10-06T16:30:00Z,28649,1191,FALSE
2024-10-06T17:00:00Z,29601,952,FALSE
2024-10-06T17:30:00Z,29879,278,FALSE
2024-10-06T18:00:00Z,30020,141,FALSE
2024-10-06T18:30:00Z,29723,-297,FALSE
2024-10-06T19:00:00Z,29467,-256,FALSE
2024-10-06T19:30:00Z,28422,-1045,FALSE
2024-10-06T20:00:00Z,27580,-842,FALSE
2024-10-06T20:30:00Z,26767,-813,FALSE
2024-10-06T21:00:00Z,25860,-907,FALSE
2024-10-06T21:30:00Z,24505,-1355,FALSE
2024-10-06T22:00:00Z,22981,-1524,TRUE
2024-10-06T22:30:00Z,21703,-1278,FALSE
2024-10-06T23:00:00Z,20650,-1053,FALSE
2024-10-06T23:30:00Z,19870,-780,FALSE
2024-10-07T00:00:00Z,19139,-731,FALSE
2024-10-07T00:30:00Z,18661,-478,FALSE
2024-10-07T01:00:00Z,18678,17,FALSE
2024-10-07T01:30:00Z,18902,224,FALSE
2024-10-07T02:00:00Z,18720,-182,FALSE
2024-10-07T02:30:00Z,18471,-249,FALSE
2024-10-07T03:00:00Z,18024,-447,FALSE
2024-10-07T03:30:00Z,17791,-233,FALSE
2024-10-07T04:00:00Z,17647,-144,FALSE
2024-10-07T04:30:00Z,17424,-223,FALSE
2024-10-07T05:00:00Z,18014,590,FALSE
2024-10-07T05:30:00Z,18995,981,FALSE
2024-10-07T06:00:00Z,21281,2286,TRUE
2024-10-07T06:30:00Z,23621,2340,TRUE
2024-10-07T07:00:00Z,26243,2622,TRUE
2024-10-07T07:30:00Z,27420,1177,FALSE
2024-10-07T08:00:00Z,28198,778,FALSE
2024-10-07T08:30:00Z,27806,-392,FALSE
2024-10-07T09:00:00Z,27848,42,FALSE
2024-10-07T09:30:00Z,26837,-1011,FALSE
2024-10-07T10:00:00Z,26006,-831,FALSE
2024-10-07T10:30:00Z,25386,-620,FALSE
2024-10-07T11:00:00Z,24645,-741,FALSE
2024-10-07T11:30:00Z,24267,-378,FALSE
2024-10-07T12:00:00Z,24129,-138,FALSE
2024-10-07T12:30:00Z,23859,-270,FALSE
2024-10-07T13:00:00Z,23444,-415,FALSE
2024-10-07T13:30:00Z,23322,-122,FALSE
2024-10-07T14:00:00Z,23388,66,FALSE
2024-10-07T14:30:00Z,23471,83,FALSE
2024-10-07T15:00:00Z,23933,462,FALSE
2024-10-07T15:30:00Z,25222,1289,FALSE
2024-10-07T16:00:00Z,26399,1177,FALSE
2024-10-07T16:30:00Z,27740,1341,FALSE
2024-10-07T17:00:00Z,29393,1653,TRUE
2024-10-07T17:30:00Z,30517,1124,FALSE
2024-10-07T18:00:00Z,31275,758,FALSE
2024-10-07T18:30:00Z,31480,205,FALSE
2024-10-07T19:00:00Z,31788,308,FALSE
2024-10-07T19:30:00Z,30892,-896,FALSE
2024-10-07T20:00:00Z,29798,-1094,FALSE
2024-10-07T20:30:00Z,28400,-1398,TRUE
2024-10-07T21:00:00Z,27072,-1328,FALSE
2024-10-07T21:30:00Z,25454,-1618,TRUE
2024-10-07T22:00:00Z,24077,-1377,FALSE
2024-10-07T22:30:00Z,22772,-1305,FALSE
2024-10-07T23:00:00Z,21371,-1401,TRUE
2024-10-07T23:30:00Z,20421,-950,FALSE
2024-10-08T00:00:00Z,19961,-460,FALSE
2024-10-08T00:30:00Z,19842,-119,FALSE
2024-10-08T01:00:00Z,19682,-160,FALSE
2024-10-08T01:30:00Z,19601,-81,FALSE
2024-10-08T02:00:00Z,19309,-292,FALSE
2024-10-08T02:30:00Z,19115,-194,FALSE
2024-10-08T03:00:00Z,18936,-179,FALSE
2024-10-08T03:30:00Z,18687,-249,FALSE
2024-10-08T04:00:00Z,18549,-138,FALSE
2024-10-08T04:30:00Z,18717,168,FALSE
2024-10-08T05:00:00Z,19220,503,FALSE
2024-10-08T05:30:00Z,20216,996,FALSE
2024-10-08T06:00:00Z,22012,1796,TRUE
2024-10-08T06:30:00Z,24245,2233,TRUE
2024-10-08T07:00:00Z,26759,2514,TRUE
2024-10-08T07:30:00Z,28147,1388,TRUE
2024-10-08T08:00:00Z,28794,647,FALSE
2024-10-08T08:30:00Z,28554,-240,FALSE
2024-10-08T09:00:00Z,27811,-743,FALSE
2024-10-08T09:30:00Z,27544,-267,FALSE
2024-10-08T10:00:00Z,27334,-210,FALSE
2024-10-08T10:30:00Z,27431,97,FALSE
2024-10-08T11:00:00Z,27432,1,FALSE
2024-10-08T11:30:00Z,27187,-245,FALSE
2024-10-08T12:00:00Z,26916,-271,FALSE
2024-10-08T12:30:00Z,27003,87,FALSE
2024-10-08T13:00:00Z,26959,-44,FALSE
2024-10-08T13:30:00Z,26872,-87,FALSE
2024-10-08T14:00:00Z,27045,173,FALSE
2024-10-08T14:30:00Z,27014,-31,FALSE
2024-10-08T15:00:00Z,27061,47,FALSE
2024-10-08T15:30:00Z,27966,905,FALSE
2024-10-08T16:00:00Z,28693,727,FALSE
2024-10-08T16:30:00Z,29981,1288,FALSE
2024-10-08T17:00:00Z,31069,1088,FALSE
2024-10-08T17:30:00Z,31319,250,FALSE
2024-10-08T18:00:00Z,31668,349,FALSE
2024-10-08T18:30:00Z,32198,530,FALSE
2024-10-08T19:00:00Z,32379,181,FALSE
2024-10-08T19:30:00Z,31418,-961,FALSE
2024-10-08T20:00:00Z,30352,-1066,FALSE
2024-10-08T20:30:00Z,28947,-1405,TRUE
2024-10-08T21:00:00Z,27307,-1640,TRUE
2024-10-08T21:30:00Z,25782,-1525,TRUE
2024-10-08T22:00:00Z,24209,-1573,TRUE
2024-10-08T22:30:00Z,22887,-1322,FALSE
2024-10-08T23:00:00Z,21536,-1351,FALSE
2024-10-08T23:30:00Z,20690,-846,FALSE
2024-10-09T00:00:00Z,20396,-294,FALSE
2024-10-09T00:30:00Z,19957,-439,FALSE
2024-10-09T01:00:00Z,19481,-476,FALSE
2024-10-09T01:30:00Z,19761,280,FALSE
2024-10-09T02:00:00Z,19430,-331,FALSE
2024-10-09T02:30:00Z,19021,-409,FALSE
2024-10-09T03:00:00Z,18898,-123,FALSE
2024-10-09T03:30:00Z,18408,-490,FALSE
2024-10-09T04:00:00Z,18037,-371,FALSE
2024-10-09T04:30:00Z,18068,31,FALSE
2024-10-09T05:00:00Z,18307,239,FALSE
2024-10-09T05:30:00Z,19077,770,FALSE
2024-10-09T06:00:00Z,20909,1832,TRUE
2024-10-09T06:30:00Z,22942,2033,TRUE
2024-10-09T07:00:00Z,26183,3241,TRUE
2024-10-09T07:30:00Z,27775,1592,TRUE
2024-10-09T08:00:00Z,28317,542,FALSE
2024-10-09T08:30:00Z,28199,-118,FALSE
2024-10-09T09:00:00Z,28110,-89,FALSE
2024-10-09T09:30:00Z,27787,-323,FALSE
2024-10-09T10:00:00Z,27692,-95,FALSE
2024-10-09T10:30:00Z,27172,-520,FALSE
2024-10-09T11:00:00Z,26825,-347,FALSE
2024-10-09T11:30:00Z,26825,0,FALSE
2024-10-09T12:00:00Z,26885,60,FALSE
2024-10-09T12:30:00Z,26464,-421,FALSE
2024-10-09T13:00:00Z,26214,-250,FALSE
2024-10-09T13:30:00Z,25838,-376,FALSE
2024-10-09T14:00:00Z,25554,-284,FALSE
2024-10-09T14:30:00Z,25997,443,FALSE
2024-10-09T15:00:00Z,26136,139,FALSE
2024-10-09T15:30:00Z,26854,718,FALSE
2024-10-09T16:00:00Z,27283,429,FALSE
2024-10-09T16:30:00Z,28427,1144,FALSE
2024-10-09T17:00:00Z,29335,908,FALSE
2024-10-09T17:30:00Z,30042,707,FALSE
2024-10-09T18:00:00Z,30529,487,FALSE
2024-10-09T18:30:00Z,31007,478,FALSE
2024-10-09T19:00:00Z,31383,376,FALSE
2024-10-09T19:30:00Z,30117,-1266,FALSE
2024-10-09T20:00:00Z,28842,-1275,FALSE
2024-10-09T20:30:00Z,27421,-1421,TRUE
2024-10-09T21:00:00Z,26098,-1323,FALSE
2024-10-09T21:30:00Z,24470,-1628,TRUE
2024-10-09T22:00:00Z,23131,-1339,FALSE
2024-10-09T22:30:00Z,22112,-1019,FALSE
2024-10-09T23:00:00Z,20611,-1501,TRUE
2024-10-09T23:30:00Z,19628,-983,FALSE
2024-10-10T00:00:00Z,19024,-604,FALSE
2024-10-10T00:30:00Z,18399,-625,FALSE
2024-10-10T01:00:00Z,18636,237,FALSE
2024-10-10T01:30:00Z,18950,314,FALSE
2024-10-10T02:00:00Z,18617,-333,FALSE
2024-10-10T02:30:00Z,18555,-62,FALSE
2024-10-10T03:00:00Z,18608,53,FALSE
2024-10-10T03:30:00Z,18546,-62,FALSE
2024-10-10T04:00:00Z,18223,-323,FALSE
2024-10-10T04:30:00Z,18229,6,FALSE
2024-10-10T05:00:00Z,18517,288,FALSE
2024-10-10T05:30:00Z,19573,1056,FALSE
2024-10-10T06:00:00Z,21978,2405,TRUE
2024-10-10T06:30:00Z,24458,2480,TRUE
2024-10-10T07:00:00Z,26820,2362,TRUE
2024-10-10T07:30:00Z,28257,1437,TRUE
2024-10-10T08:00:00Z,28550,293,FALSE
2024-10-10T08:30:00Z,28469,-81,FALSE
2024-10-10T09:00:00Z,28437,-32,FALSE
2024-10-10T09:30:00Z,28051,-386,FALSE
2024-10-10T10:00:00Z,27374,-677,FALSE
2024-10-10T10:30:00Z,27136,-238,FALSE
2024-10-10T11:00:00Z,26202,-934,FALSE
2024-10-10T11:30:00Z,25521,-681,FALSE
2024-10-10T12:00:00Z,25651,130,FALSE
2024-10-10T12:30:00Z,25503,-148,FALSE
2024-10-10T13:00:00Z,25402,-101,FALSE
2024-10-10T13:30:00Z,24983,-419,FALSE
2024-10-10T14:00:00Z,25272,289,FALSE
2024-10-10T14:30:00Z,25920,648,FALSE
2024-10-10T15:00:00Z,26121,201,FALSE
2024-10-10T15:30:00Z,27108,987,FALSE
2024-10-10T16:00:00Z,28172,1064,FALSE
2024-10-10T16:30:00Z,29221,1049,FALSE
2024-10-10T17:00:00Z,30874,1653,TRUE
2024-10-10T17:30:00Z,31979,1105,FALSE
2024-10-10T18:00:00Z,32298,319,FALSE
2024-10-10T18:30:00Z,32576,278,FALSE
2024-10-10T19:00:00Z,32570,-6,FALSE
2024-10-10T19:30:00Z,31894,-676,FALSE
2024-10-10T20:00:00Z,31061,-833,FALSE
2024-10-10T20:30:00Z,30226,-835,FALSE
2024-10-10T21:00:00Z,29051,-1175,FALSE
2024-10-10T21:30:00Z,27232,-1819,TRUE
2024-10-10T22:00:00Z,26017,-1215,FALSE
2024-10-10T22:30:00Z,24388,-1629,TRUE
2024-10-10T23:00:00Z,22683,-1705,TRUE
2024-10-10T23:30:00Z,21712,-971,FALSE
2024-10-11T00:00:00Z,21333,-379,FALSE
2024-10-11T00:30:00Z,20870,-463,FALSE
2024-10-11T01:00:00Z,20726,-144,FALSE
2024-10-11T01:30:00Z,20809,83,FALSE
2024-10-11T02:00:00Z,20846,37,FALSE
2024-10-11T02:30:00Z,20277,-569,FALSE
2024-10-11T03:00:00Z,19965,-312,FALSE
2024-10-11T03:30:00Z,19858,-107,FALSE
2024-10-11T04:00:00Z,19615,-243,FALSE
2024-10-11T04:30:00Z,19609,-6,FALSE
2024-10-11T05:00:00Z,19849,240,FALSE
2024-10-11T05:30:00Z,20928,1079,FALSE
2024-10-11T06:00:00Z,23205,2277,TRUE
2024-10-11T06:30:00Z,25420,2215,TRUE
2024-10-11T07:00:00Z,28302,2882,TRUE
2024-10-11T07:30:00Z,29460,1158,FALSE
2024-10-11T08:00:00Z,30342,882,FALSE
2024-10-11T08:30:00Z,29922,-420,FALSE
2024-10-11T09:00:00Z,29080,-842,FALSE
2024-10-11T09:30:00Z,28202,-878,FALSE
2024-10-11T10:00:00Z,26658,-1544,TRUE
2024-10-11T10:30:00Z,25644,-1014,FALSE
2024-10-11T11:00:00Z,24857,-787,FALSE
2024-10-11T11:30:00Z,23998,-859,FALSE
2024-10-11T12:00:00Z,23684,-314,FALSE
2024-10-11T12:30:00Z,23244,-440,FALSE
2024-10-11T13:00:00Z,23113,-131,FALSE
2024-10-11T13:30:00Z,23063,-50,FALSE
2024-10-11T14:00:00Z,22862,-201,FALSE
2024-10-11T14:30:00Z,23185,323,FALSE
2024-10-11T15:00:00Z,23738,553,FALSE
2024-10-11T15:30:00Z,24940,1202,FALSE
2024-10-11T16:00:00Z,25938,998,FALSE
2024-10-11T16:30:00Z,27289,1351,FALSE
2024-10-11T17:00:00Z,28698,1409,TRUE
2024-10-11T17:30:00Z,29956,1258,FALSE
2024-10-11T18:00:00Z,30637,681,FALSE
2024-10-11T18:30:00Z,31252,615,FALSE
2024-10-11T19:00:00Z,31576,324,FALSE
2024-10-11T19:30:00Z,30794,-782,FALSE
2024-10-11T20:00:00Z,30233,-561,FALSE
2024-10-11T20:30:00Z,29253,-980,FALSE
2024-10-11T21:00:00Z,28137,-1116,FALSE
2024-10-11T21:30:00Z,26666,-1471,TRUE
2024-10-11T22:00:00Z,25315,-1351,FALSE
2024-10-11T22:30:00Z,23926,-1389,TRUE
2024-10-11T23:00:00Z,22501,-1425,TRUE
2024-10-11T23:30:00Z,21578,-923,FALSE
2024-10-12T00:00:00Z,20882,-696,FALSE
2024-10-12T00:30:00Z,20365,-517,FALSE
2024-10-12T01:00:00Z,20260,-105,FALSE
2024-10-12T01:30:00Z,20415,155,FALSE
2024-10-12T02:00:00Z,20074,-341,FALSE
2024-10-12T02:30:00Z,19723,-351,FALSE
2024-10-12T03:00:00Z,19266,-457,FALSE
2024-10-12T03:30:00Z,18987,-279,FALSE
2024-10-12T04:00:00Z,18794,-193,FALSE
2024-10-12T04:30:00Z,18690,-104,FALSE
2024-10-12T05:00:00Z,18938,248,FALSE
2024-10-12T05:30:00Z,19131,193,FALSE
2024-10-12T06:00:00Z,19810,679,FALSE
2024-10-12T06:30:00Z,20721,911,FALSE
2024-10-12T07:00:00Z,21769,1048,FALSE
2024-10-12T07:30:00Z,22738,969,FALSE
2024-10-12T08:00:00Z,24427,1689,TRUE
2024-10-12T08:30:00Z,25033,606,FALSE
2024-10-12T09:00:00Z,25536,503,FALSE
2024-10-12T09:30:00Z,25673,137,FALSE
2024-10-12T10:00:00Z,25730,57,FALSE
2024-10-12T10:30:00Z,25711,-19,FALSE
2024-10-12T11:00:00Z,25215,-496,FALSE
2024-10-12T11:30:00Z,24714,-501,FALSE
2024-10-12T12:00:00Z,24313,-401,FALSE
2024-10-12T12:30:00Z,23829,-484,FALSE
2024-10-12T13:00:00Z,23422,-407,FALSE
2024-10-12T13:30:00Z,22809,-613,FALSE
2024-10-12T14:00:00Z,22335,-474,FALSE
2024-10-12T14:30:00Z,22087,-248,FALSE
2024-10-12T15:00:00Z,21961,-126,FALSE
2024-10-12T15:30:00Z,22306,345,FALSE
2024-10-12T16:00:00Z,23055,749,FALSE
2024-10-12T16:30:00Z,23848,793,FALSE
2024-10-12T17:00:00Z,26148,2300,TRUE
2024-10-12T17:30:00Z,27581,1433,TRUE
2024-10-12T18:00:00Z,27554,-27,FALSE
2024-10-12T18:30:00Z,28046,492,FALSE
2024-10-12T19:00:00Z,28108,62,FALSE
2024-10-12T19:30:00Z,27883,-225,FALSE
2024-10-12T20:00:00Z,26930,-953,FALSE
2024-10-12T20:30:00Z,26101,-829,FALSE
2024-10-12T21:00:00Z,24694,-1407,TRUE
2024-10-12T21:30:00Z,23694,-1000,FALSE
2024-10-12T22:00:00Z,22556,-1138,FALSE
2024-10-12T22:30:00Z,21568,-988,FALSE
2024-10-12T23:00:00Z,20011,-1557,TRUE
2024-10-12T23:30:00Z,19429,-582,FALSE
2024-10-13T00:00:00Z,18944,-485,FALSE
2024-10-13T00:30:00Z,18489,-455,FALSE
2024-10-13T01:00:00Z,18545,56,FALSE
2024-10-13T01:30:00Z,18721,176,FALSE
2024-10-13T02:00:00Z,18703,-18,FALSE
2024-10-13T02:30:00Z,18282,-421,FALSE
2024-10-13T03:00:00Z,17808,-474,FALSE
2024-10-13T03:30:00Z,17910,102,FALSE
2024-10-13T04:00:00Z,17761,-149,FALSE
2024-10-13T04:30:00Z,17557,-204,FALSE
2024-10-13T05:00:00Z,17534,-23,FALSE
2024-10-13T05:30:00Z,17568,34,FALSE
2024-10-13T06:00:00Z,18565,997,FALSE
2024-10-13T06:30:00Z,19160,595,FALSE
2024-10-13T07:00:00Z,20365,1205,FALSE
2024-10-13T07:30:00Z,21185,820,FALSE
2024-10-13T08:00:00Z,22682,1497,TRUE
2024-10-13T08:30:00Z,23372,690,FALSE
2024-10-13T09:00:00Z,24512,1140,FALSE
2024-10-13T09:30:00Z,25121,609,FALSE
2024-10-13T10:00:00Z,25071,-50,FALSE
2024-10-13T10:30:00Z,25201,130,FALSE
2024-10-13T11:00:00Z,25385,184,FALSE
2024-10-13T11:30:00Z,25072,-313,FALSE
2024-10-13T12:00:00Z,25442,370,FALSE
2024-10-13T12:30:00Z,25746,304,FALSE
2024-10-13T13:00:00Z,25781,35,FALSE
2024-10-13T13:30:00Z,25827,46,FALSE
2024-10-13T14:00:00Z,25893,66,FALSE
2024-10-13T14:30:00Z,25799,-94,FALSE
2024-10-13T15:00:00Z,26069,270,FALSE
2024-10-13T15:30:00Z,27060,991,FALSE
2024-10-13T16:00:00Z,28085,1025,FALSE
2024-10-13T16:30:00Z,29302,1217,FALSE
2024-10-13T17:00:00Z,30395,1093,FALSE
2024-10-13T17:30:00Z,31184,789,FALSE
2024-10-13T18:00:00Z,31506,322,FALSE
2024-10-13T18:30:00Z,31328,-178,FALSE
2024-10-13T19:00:00Z,30906,-422,FALSE
2024-10-13T19:30:00Z,29998,-908,FALSE
2024-10-13T20:00:00Z,29314,-684,FALSE
2024-10-13T20:30:00Z,28252,-1062,FALSE
2024-10-13T21:00:00Z,27367,-885,FALSE
2024-10-13T21:30:00Z,26135,-1232,FALSE
2024-10-13T22:00:00Z,24369,-1766,TRUE
2024-10-13T22:30:00Z,22962,-1407,TRUE
2024-10-13T23:00:00Z,21588,-1374,FALSE
2024-10-13T23:30:00Z,20682,-906,FALSE
2024-10-14T00:00:00Z,20130,-552,FALSE
2024-10-14T00:30:00Z,19857,-273,FALSE
2024-10-14T01:00:00Z,19662,-195,FALSE
2024-10-14T01:30:00Z,19894,232,FALSE
2024-10-14T02:00:00Z,19962,68,FALSE
2024-10-14T02:30:00Z,19543,-419,FALSE
2024-10-14T03:00:00Z,19424,-119,FALSE
2024-10-14T03:30:00Z,19000,-424,FALSE
2024-10-14T04:00:00Z,18821,-179,FALSE
2024-10-14T04:30:00Z,18924,103,FALSE
2024-10-14T05:00:00Z,19248,324,FALSE
2024-10-14T05:30:00Z,20344,1096,FALSE
2024-10-14T06:00:00Z,22754,2410,TRUE
2024-10-14T06:30:00Z,25170,2416,TRUE
2024-10-14T07:00:00Z,27886,2716,TRUE
2024-10-14T07:30:00Z,29425,1539,TRUE
2024-10-14T08:00:00Z,30796,1371,FALSE
2024-10-14T08:30:00Z,31292,496,FALSE
2024-10-14T09:00:00Z,31576,284,FALSE
2024-10-14T09:30:00Z,31303,-273,FALSE
2024-10-14T10:00:00Z,31078,-225,FALSE
2024-10-14T10:30:00Z,30530,-548,FALSE
2024-10-14T11:00:00Z,30358,-172,FALSE
2024-10-14T11:30:00Z,30095,-263,FALSE
2024-10-14T12:00:00Z,30081,-14,FALSE
2024-10-14T12:30:00Z,29694,-387,FALSE
2024-10-14T13:00:00Z,29608,-86,FALSE
2024-10-14T13:30:00Z,29500,-108,FALSE
2024-10-14T14:00:00Z,29386,-114,FALSE
2024-10-14T14:30:00Z,29501,115,FALSE
2024-10-14T15:00:00Z,29428,-73,FALSE
2024-10-14T15:30:00Z,30259,831,FALSE
2024-10-14T16:00:00Z,30533,274,FALSE
2024-10-14T16:30:00Z,31361,828,FALSE
2024-10-14T17:00:00Z,31999,638,FALSE
2024-10-14T17:30:00Z,32574,575,FALSE
2024-10-14T18:00:00Z,33041,467,FALSE
2024-10-14T18:30:00Z,33417,376,FALSE
2024-10-14T19:00:00Z,33094,-323,FALSE
2024-10-14T19:30:00Z,32500,-594,FALSE
2024-10-14T20:00:00Z,31796,-704,FALSE
2024-10-14T20:30:00Z,30524,-1272,FALSE
2024-10-14T21:00:00Z,29293,-1231,FALSE
2024-10-14T21:30:00Z,27800,-1493,TRUE
2024-10-14T22:00:00Z,25772,-2028,TRUE
2024-10-14T22:30:00Z,24001,-1771,TRUE
2024-10-14T23:00:00Z,22119,-1882,TRUE
2024-10-14T23:30:00Z,21237,-882,FALSE
2024-10-15T00:00:00Z,20754,-483,FALSE
2024-10-15T00:30:00Z,20507,-247,FALSE
2024-10-15T01:00:00Z,20429,-78,FALSE
2024-10-15T01:30:00Z,20657,228,FALSE
2024-10-15T02:00:00Z,20624,-33,FALSE
2024-10-15T02:30:00Z,20165,-459,FALSE
2024-10-15T03:00:00Z,19767,-398,FALSE
2024-10-15T03:30:00Z,19627,-140,FALSE
2024-10-15T04:00:00Z,19316,-311,FALSE
2024-10-15T04:30:00Z,19296,-20,FALSE
2024-10-15T05:00:00Z,19582,286,FALSE
2024-10-15T05:30:00Z,20505,923,FALSE
2024-10-15T06:00:00Z,22671,2166,TRUE
2024-10-15T06:30:00Z,24870,2199,TRUE
2024-10-15T07:00:00Z,27634,2764,TRUE
2024-10-15T07:30:00Z,28617,983,FALSE
2024-10-15T08:00:00Z,29989,1372,FALSE
2024-10-15T08:30:00Z,30496,507,FALSE
2024-10-15T09:00:00Z,31445,949,FALSE
2024-10-15T09:30:00Z,31206,-239,FALSE
2024-10-15T10:00:00Z,30814,-392,FALSE
2024-10-15T10:30:00Z,30659,-155,FALSE
2024-10-15T11:00:00Z,30560,-99,FALSE
2024-10-15T11:30:00Z,30461,-99,FALSE
2024-10-15T12:00:00Z,30515,54,FALSE
2024-10-15T12:30:00Z,30370,-145,FALSE
2024-10-15T13:00:00Z,30164,-206,FALSE
2024-10-15T13:30:00Z,29601,-563,FALSE
2024-10-15T14:00:00Z,29399,-202,FALSE
2024-10-15T14:30:00Z,29123,-276,FALSE
2024-10-15T15:00:00Z,28820,-303,FALSE
2024-10-15T15:30:00Z,29355,535,FALSE
2024-10-15T16:00:00Z,29487,132,FALSE
2024-10-15T16:30:00Z,30103,616,FALSE
2024-10-15T17:00:00Z,31060,957,FALSE
2024-10-15T17:30:00Z,31765,705,FALSE
2024-10-15T18:00:00Z,32481,716,FALSE
2024-10-15T18:30:00Z,32708,227,FALSE
2024-10-15T19:00:00Z,32661,-47,FALSE
2024-10-15T19:30:00Z,31502,-1159,FALSE
2024-10-15T20:00:00Z,30121,-1381,FALSE
2024-10-15T20:30:00Z,28571,-1550,TRUE
2024-10-15T21:00:00Z,27343,-1228,FALSE
2024-10-15T21:30:00Z,25903,-1440,TRUE
2024-10-15T22:00:00Z,24125,-1778,TRUE
2024-10-15T22:30:00Z,22742,-1383,TRUE
2024-10-15T23:00:00Z,21111,-1631,TRUE
2024-10-15T23:30:00Z,20262,-849,FALSE
2024-10-16T00:00:00Z,19625,-637,FALSE
2024-10-16T00:30:00Z,19174,-451,FALSE
2024-10-16T01:00:00Z,19047,-127,FALSE
2024-10-16T01:30:00Z,19179,132,FALSE
2024-10-16T02:00:00Z,19070,-109,FALSE
2024-10-16T02:30:00Z,18937,-133,FALSE
2024-10-16T03:00:00Z,18534,-403,FALSE
2024-10-16T03:30:00Z,18321,-213,FALSE
2024-10-16T04:00:00Z,17962,-359,FALSE
2024-10-16T04:30:00Z,18064,102,FALSE
2024-10-16T05:00:00Z,18431,367,FALSE
2024-10-16T05:30:00Z,19068,637,FALSE
2024-10-16T06:00:00Z,22019,2951,TRUE
2024-10-16T06:30:00Z,23859,1840,TRUE
2024-10-16T07:00:00Z,26630,2771,TRUE
2024-10-16T07:30:00Z,28154,1524,TRUE
2024-10-16T08:00:00Z,29201,1047,FALSE
2024-10-16T08:30:00Z,29383,182,FALSE
2024-10-16T09:00:00Z,29995,612,FALSE
2024-10-16T09:30:00Z,30225,230,FALSE
2024-10-16T10:00:00Z,30244,19,FALSE
2024-10-16T10:30:00Z,30353,109,FALSE
2024-10-16T11:00:00Z,30273,-80,FALSE
2024-10-16T11:30:00Z,30418,145,FALSE
2024-10-16T12:00:00Z,30360,-58,FALSE
2024-10-16T12:30:00Z,30294,-66,FALSE
2024-10-16T13:00:00Z,30296,2,FALSE
2024-10-16T13:30:00Z,29810,-486,FALSE
2024-10-16T14:00:00Z,29733,-77,FALSE
2024-10-16T14:30:00Z,29716,-17,FALSE
2024-10-16T15:00:00Z,30108,392,FALSE
2024-10-16T15:30:00Z,30663,555,FALSE
2024-10-16T16:00:00Z,30977,314,FALSE
2024-10-16T16:30:00Z,31428,451,FALSE
2024-10-16T17:00:00Z,32446,1018,FALSE
2024-10-16T17:30:00Z,32946,500,FALSE
2024-10-16T18:00:00Z,33045,99,FALSE
2024-10-16T18:30:00Z,32986,-59,FALSE
2024-10-16T19:00:00Z,32714,-272,FALSE
2024-10-16T19:30:00Z,31886,-828,FALSE
2024-10-16T20:00:00Z,30600,-1286,FALSE
2024-10-16T20:30:00Z,29390,-1210,FALSE
2024-10-16T21:00:00Z,27869,-1521,TRUE
2024-10-16T21:30:00Z,26205,-1664,TRUE
2024-10-16T22:00:00Z,24418,-1787,TRUE
2024-10-16T22:30:00Z,23057,-1361,FALSE
2024-10-16T23:00:00Z,21733,-1324,FALSE
2024-10-16T23:30:00Z,20764,-969,FALSE
2024-10-17T00:00:00Z,20145,-619,FALSE
2024-10-17T00:30:00Z,19585,-560,FALSE
2024-10-17T01:00:00Z,19720,135,FALSE
2024-10-17T01:30:00Z,19886,166,FALSE
2024-10-17T02:00:00Z,19670,-216,FALSE
2024-10-17T02:30:00Z,19151,-519,FALSE
2024-10-17T03:00:00Z,18584,-567,FALSE
2024-10-17T03:30:00Z,18355,-229,FALSE
2024-10-17T04:00:00Z,18098,-257,FALSE
2024-10-17T04:30:00Z,18127,29,FALSE
2024-10-17T05:00:00Z,18487,360,FALSE
2024-10-17T05:30:00Z,19057,570,FALSE
2024-10-17T06:00:00Z,21590,2533,TRUE
2024-10-17T06:30:00Z,23754,2164,TRUE
2024-10-17T07:00:00Z,26145,2391,TRUE
2024-10-17T07:30:00Z,27182,1037,FALSE
2024-10-17T08:00:00Z,27748,566,FALSE
2024-10-17T08:30:00Z,27360,-388,FALSE
2024-10-17T09:00:00Z,27120,-240,FALSE
2024-10-17T09:30:00Z,26535,-585,FALSE
2024-10-17T10:00:00Z,25810,-725,FALSE
2024-10-17T10:30:00Z,25199,-611,FALSE
2024-10-17T11:00:00Z,24348,-851,FALSE
2024-10-17T11:30:00Z,24109,-239,FALSE
2024-10-17T12:00:00Z,24163,54,FALSE
2024-10-17T12:30:00Z,23959,-204,FALSE
2024-10-17T13:00:00Z,23738,-221,FALSE
2024-10-17T13:30:00Z,23524,-214,FALSE
2024-10-17T14:00:00Z,23602,78,FALSE
2024-10-17T14:30:00Z,23697,95,FALSE
2024-10-17T15:00:00Z,23884,187,FALSE
2024-10-17T15:30:00Z,24870,986,FALSE
2024-10-17T16:00:00Z,25822,952,FALSE
2024-10-17T16:30:00Z,27225,1403,TRUE
2024-10-17T17:00:00Z,28708,1483,TRUE
2024-10-17T17:30:00Z,29578,870,FALSE
2024-10-17T18:00:00Z,30418,840,FALSE
2024-10-17T18:30:00Z,30990,572,FALSE
2024-10-17T19:00:00Z,31312,322,FALSE
2024-10-17T19:30:00Z,30560,-752,FALSE
2024-10-17T20:00:00Z,29581,-979,FALSE
2024-10-17T20:30:00Z,28797,-784,FALSE
2024-10-17T21:00:00Z,27653,-1144,FALSE
2024-10-17T21:30:00Z,26190,-1463,TRUE
2024-10-17T22:00:00Z,24467,-1723,TRUE
2024-10-17T22:30:00Z,23355,-1112,FALSE
2024-10-17T23:00:00Z,21222,-2133,TRUE
2024-10-17T23:30:00Z,20762,-460,FALSE
2024-10-18T00:00:00Z,20525,-237,FALSE
2024-10-18T00:30:00Z,20219,-306,FALSE
2024-10-18T01:00:00Z,20143,-76,FALSE
2024-10-18T01:30:00Z,20247,104,FALSE
2024-10-18T02:00:00Z,19436,-811,FALSE
2024-10-18T02:30:00Z,18994,-442,FALSE
2024-10-18T03:00:00Z,19031,37,FALSE
2024-10-18T03:30:00Z,18645,-386,FALSE
2024-10-18T04:00:00Z,18620,-25,FALSE
2024-10-18T04:30:00Z,18542,-78,FALSE
2024-10-18T05:00:00Z,19077,535,FALSE
2024-10-18T05:30:00Z,19700,623,FALSE
2024-10-18T06:00:00Z,21826,2126,TRUE
2024-10-18T06:30:00Z,23613,1787,TRUE
2024-10-18T07:00:00Z,26225,2612,TRUE
2024-10-18T07:30:00Z,28092,1867,TRUE
2024-10-18T08:00:00Z,29166,1074,FALSE
2024-10-18T08:30:00Z,28895,-271,FALSE
2024-10-18T09:00:00Z,28901,6,FALSE
2024-10-18T09:30:00Z,28226,-675,FALSE
2024-10-18T10:00:00Z,27168,-1058,FALSE
2024-10-18T10:30:00Z,26369,-799,FALSE
2024-10-18T11:00:00Z,25541,-828,FALSE
2024-10-18T11:30:00Z,24806,-735,FALSE
2024-10-18T12:00:00Z,24325,-481,FALSE
2024-10-18T12:30:00Z,24062,-263,FALSE
2024-10-18T13:00:00Z,23576,-486,FALSE
2024-10-18T13:30:00Z,23555,-21,FALSE
2024-10-18T14:00:00Z,23610,55,FALSE
2024-10-18T14:30:00Z,23804,194,FALSE
2024-10-18T15:00:00Z,24007,203,FALSE
2024-10-18T15:30:00Z,25297,1290,FALSE
2024-10-18T16:00:00Z,26394,1097,FALSE
2024-10-18T16:30:00Z,27487,1093,FALSE
2024-10-18T17:00:00Z,28786,1299,FALSE
2024-10-18T17:30:00Z,29397,611,FALSE
2024-10-18T18:00:00Z,29847,450,FALSE
2024-10-18T18:30:00Z,29991,144,FALSE
2024-10-18T19:00:00Z,29597,-394,FALSE
2024-10-18T19:30:00Z,28515,-1082,FALSE
2024-10-18T20:00:00Z,27793,-722,FALSE
2024-10-18T20:30:00Z,26337,-1456,TRUE
2024-10-18T21:00:00Z,25080,-1257,FALSE
2024-10-18T21:30:00Z,23863,-1217,FALSE
2024-10-18T22:00:00Z,22842,-1021,FALSE
2024-10-18T22:30:00Z,21714,-1128,FALSE
2024-10-18T23:00:00Z,20615,-1099,FALSE
2024-10-18T23:30:00Z,20120,-495,FALSE
2024-10-19T00:00:00Z,19844,-276,FALSE
2024-10-19T00:30:00Z,19712,-132,FALSE
2024-10-19T01:00:00Z,19554,-158,FALSE
2024-10-19T01:30:00Z,19456,-98,FALSE
2024-10-19T02:00:00Z,19427,-29,FALSE
2024-10-19T02:30:00Z,18895,-532,FALSE
2024-10-19T03:00:00Z,18133,-762,FALSE
2024-10-19T03:30:00Z,17972,-161,FALSE
2024-10-19T04:00:00Z,17698,-274,FALSE
2024-10-19T04:30:00Z,17457,-241,FALSE
2024-10-19T05:00:00Z,17827,370,FALSE
2024-10-19T05:30:00Z,18034,207,FALSE
2024-10-19T06:00:00Z,18847,813,FALSE
2024-10-19T06:30:00Z,19955,1108,FALSE
2024-10-19T07:00:00Z,20863,908,FALSE
2024-10-19T07:30:00Z,21970,1107,FALSE
2024-10-19T08:00:00Z,23072,1102,FALSE
2024-10-19T08:30:00Z,23684,612,FALSE
2024-10-19T09:00:00Z,24116,432,FALSE
2024-10-19T09:30:00Z,23931,-185,FALSE
2024-10-19T10:00:00Z,23801,-130,FALSE
2024-10-19T10:30:00Z,23744,-57,FALSE
2024-10-19T11:00:00Z,23471,-273,FALSE
2024-10-19T11:30:00Z,23221,-250,FALSE
2024-10-19T12:00:00Z,22832,-389,FALSE
2024-10-19T12:30:00Z,22170,-662,FALSE
2024-10-19T13:00:00Z,21282,-888,FALSE
2024-10-19T13:30:00Z,20790,-492,FALSE
2024-10-19T14:00:00Z,20435,-355,FALSE
2024-10-19T14:30:00Z,20189,-246,FALSE
2024-10-19T15:00:00Z,20167,-22,FALSE
2024-10-19T15:30:00Z,21038,871,FALSE
2024-10-19T16:00:00Z,22232,1194,FALSE
2024-10-19T16:30:00Z,23480,1248,FALSE
2024-10-19T17:00:00Z,25883,2403,TRUE
2024-10-19T17:30:00Z,26692,809,FALSE
2024-10-19T18:00:00Z,27535,843,FALSE
2024-10-19T18:30:00Z,28082,547,FALSE
2024-10-19T19:00:00Z,27647,-435,FALSE
2024-10-19T19:30:00Z,27271,-376,FALSE
2024-10-19T20:00:00Z,26822,-449,FALSE
2024-10-19T20:30:00Z,26086,-736,FALSE
2024-10-19T21:00:00Z,24833,-1253,FALSE
2024-10-19T21:30:00Z,24062,-771,FALSE
2024-10-19T22:00:00Z,22767,-1295,FALSE
2024-10-19T22:30:00Z,21976,-791,FALSE
2024-10-19T23:00:00Z,20720,-1256,FALSE
2024-10-19T23:30:00Z,19904,-816,FALSE
2024-10-20T00:00:00Z,19281,-623,FALSE
2024-10-20T00:30:00Z,18785,-496,FALSE
2024-10-20T01:00:00Z,18391,-394,FALSE
2024-10-20T01:30:00Z,18117,-274,FALSE
2024-10-20T02:00:00Z,17655,-462,FALSE
2024-10-20T02:30:00Z,17460,-195,FALSE
2024-10-20T03:00:00Z,16623,-837,FALSE
2024-10-20T03:30:00Z,16261,-362,FALSE
2024-10-20T04:00:00Z,16026,-235,FALSE
2024-10-20T04:30:00Z,15651,-375,FALSE
2024-10-20T05:00:00Z,15232,-419,FALSE
2024-10-20T05:30:00Z,15557,325,FALSE
2024-10-20T06:00:00Z,16286,729,FALSE
2024-10-20T06:30:00Z,16955,669,FALSE
2024-10-20T07:00:00Z,17610,655,FALSE
2024-10-20T07:30:00Z,18525,915,FALSE
2024-10-20T08:00:00Z,19672,1147,FALSE
2024-10-20T08:30:00Z,20377,705,FALSE
2024-10-20T09:00:00Z,21904,1527,TRUE
2024-10-20T09:30:00Z,22873,969,FALSE
2024-10-20T10:00:00Z,23851,978,FALSE
2024-10-20T10:30:00Z,24043,192,FALSE
2024-10-20T11:00:00Z,24776,733,FALSE
2024-10-20T11:30:00Z,24916,140,FALSE
2024-10-20T12:00:00Z,25242,326,FALSE
2024-10-20T12:30:00Z,25158,-84,FALSE
2024-10-20T13:00:00Z,24997,-161,FALSE
2024-10-20T13:30:00Z,24333,-664,FALSE
2024-10-20T14:00:00Z,23373,-960,FALSE
2024-10-20T14:30:00Z,22662,-711,FALSE
2024-10-20T15:00:00Z,22556,-106,FALSE
2024-10-20T15:30:00Z,22508,-48,FALSE
2024-10-20T16:00:00Z,23492,984,FALSE
2024-10-20T16:30:00Z,24940,1448,TRUE
2024-10-20T17:00:00Z,26348,1408,TRUE
2024-10-20T17:30:00Z,27207,859,FALSE
2024-10-20T18:00:00Z,28021,814,FALSE
2024-10-20T18:30:00Z,28353,332,FALSE
2024-10-20T19:00:00Z,27853,-500,FALSE
2024-10-20T19:30:00Z,26789,-1064,FALSE
2024-10-20T20:00:00Z,25719,-1070,FALSE
2024-10-20T20:30:00Z,24648,-1071,FALSE
2024-10-20T21:00:00Z,23315,-1333,FALSE
2024-10-20T21:30:00Z,22394,-921,FALSE
2024-10-20T22:00:00Z,20923,-1471,TRUE
2024-10-20T22:30:00Z,20099,-824,FALSE
2024-10-20T23:00:00Z,18416,-1683,TRUE
2024-10-20T23:30:00Z,17798,-618,FALSE
2024-10-21T00:00:00Z,16900,-898,FALSE
2024-10-21T00:30:00Z,16742,-158,FALSE
2024-10-21T01:00:00Z,16763,21,FALSE
2024-10-21T01:30:00Z,16968,205,FALSE
2024-10-21T02:00:00Z,16811,-157,FALSE
2024-10-21T02:30:00Z,16671,-140,FALSE
2024-10-21T03:00:00Z,16421,-250,FALSE
2024-10-21T03:30:00Z,16380,-41,FALSE
2024-10-21T04:00:00Z,16603,223,FALSE
2024-10-21T04:30:00Z,16506,-97,FALSE
2024-10-21T05:00:00Z,17451,945,FALSE
2024-10-21T05:30:00Z,18281,830,FALSE
2024-10-21T06:00:00Z,20533,2252,TRUE
2024-10-21T06:30:00Z,22580,2047,TRUE
2024-10-21T07:00:00Z,25537,2957,TRUE
2024-10-21T07:30:00Z,26883,1346,FALSE
2024-10-21T08:00:00Z,28209,1326,FALSE
2024-10-21T08:30:00Z,28988,779,FALSE
2024-10-21T09:00:00Z,29584,596,FALSE
2024-10-21T09:30:00Z,29917,333,FALSE
2024-10-21T10:00:00Z,30011,94,FALSE
2024-10-21T10:30:00Z,29796,-215,FALSE
2024-10-21T11:00:00Z,29934,138,FALSE
2024-10-21T11:30:00Z,29735,-199,FALSE
2024-10-21T12:00:00Z,29442,-293,FALSE
2024-10-21T12:30:00Z,29250,-192,FALSE
2024-10-21T13:00:00Z,29323,73,FALSE
2024-10-21T13:30:00Z,28984,-339,FALSE
2024-10-21T14:00:00Z,28881,-103,FALSE
2024-10-21T14:30:00Z,28764,-117,FALSE
2024-10-21T15:00:00Z,28683,-81,FALSE
2024-10-21T15:30:00Z,29341,658,FALSE
2024-10-21T16:00:00Z,29467,126,FALSE
2024-10-21T16:30:00Z,29908,441,FALSE
2024-10-21T17:00:00Z,31034,1126,FALSE
2024-10-21T17:30:00Z,31707,673,FALSE
2024-10-21T18:00:00Z,32795,1088,FALSE
2024-10-21T18:30:00Z,32929,134,FALSE
2024-10-21T19:00:00Z,32859,-70,FALSE
2024-10-21T19:30:00Z,32007,-852,FALSE
2024-10-21T20:00:00Z,30989,-1018,FALSE
2024-10-21T20:30:00Z,29973,-1016,FALSE
2024-10-21T21:00:00Z,28258,-1715,TRUE
2024-10-21T21:30:00Z,26585,-1673,TRUE
2024-10-21T22:00:00Z,25034,-1551,TRUE
2024-10-21T22:30:00Z,23466,-1568,TRUE
2024-10-21T23:00:00Z,22124,-1342,FALSE
2024-10-21T23:30:00Z,21066,-1058,FALSE
2024-10-22T00:00:00Z,20315,-751,FALSE
2024-10-22T00:30:00Z,20262,-53,FALSE
2024-10-22T01:00:00Z,19723,-539,FALSE
2024-10-22T01:30:00Z,19828,105,FALSE
2024-10-22T02:00:00Z,19575,-253,FALSE
2024-10-22T02:30:00Z,19365,-210,FALSE
2024-10-22T03:00:00Z,19159,-206,FALSE
2024-10-22T03:30:00Z,19027,-132,FALSE
2024-10-22T04:00:00Z,18633,-394,FALSE
2024-10-22T04:30:00Z,18617,-16,FALSE
2024-10-22T05:00:00Z,19043,426,FALSE
2024-10-22T05:30:00Z,20008,965,FALSE
2024-10-22T06:00:00Z,22295,2287,TRUE
2024-10-22T06:30:00Z,24483,2188,TRUE
2024-10-22T07:00:00Z,27392,2909,TRUE
2024-10-22T07:30:00Z,28899,1507,TRUE
2024-10-22T08:00:00Z,30348,1449,TRUE
2024-10-22T08:30:00Z,30082,-266,FALSE
2024-10-22T09:00:00Z,29958,-124,FALSE
2024-10-22T09:30:00Z,29248,-710,FALSE
2024-10-22T10:00:00Z,28535,-713,FALSE
2024-10-22T10:30:00Z,27396,-1139,FALSE
2024-10-22T11:00:00Z,27002,-394,FALSE
2024-10-22T11:30:00Z,26606,-396,FALSE
2024-10-22T12:00:00Z,26437,-169,FALSE
2024-10-22T12:30:00Z,26002,-435,FALSE
2024-10-22T13:00:00Z,26138,136,FALSE
2024-10-22T13:30:00Z,25850,-288,FALSE
2024-10-22T14:00:00Z,25920,70,FALSE
2024-10-22T14:30:00Z,26093,173,FALSE
2024-10-22T15:00:00Z,26451,358,FALSE
2024-10-22T15:30:00Z,27091,640,FALSE
2024-10-22T16:00:00Z,27743,652,FALSE
2024-10-22T16:30:00Z,29336,1593,TRUE
2024-10-22T17:00:00Z,30406,1070,FALSE
2024-10-22T17:30:00Z,31861,1455,TRUE
2024-10-22T18:00:00Z,32739,878,FALSE
2024-10-22T18:30:00Z,33192,453,FALSE
2024-10-22T19:00:00Z,32870,-322,FALSE
2024-10-22T19:30:00Z,32065,-805,FALSE
2024-10-22T20:00:00Z,30911,-1154,FALSE
2024-10-22T20:30:00Z,29953,-958,FALSE
2024-10-22T21:00:00Z,28873,-1080,FALSE
2024-10-22T21:30:00Z,27070,-1803,TRUE
2024-10-22T22:00:00Z,25440,-1630,TRUE
2024-10-22T22:30:00Z,24133,-1307,FALSE
2024-10-22T23:00:00Z,22763,-1370,FALSE
2024-10-22T23:30:00Z,21468,-1295,FALSE
2024-10-23T00:00:00Z,20933,-535,FALSE
2024-10-23T00:30:00Z,20563,-370,FALSE
2024-10-23T01:00:00Z,20586,23,FALSE
2024-10-23T01:30:00Z,20621,35,FALSE
2024-10-23T02:00:00Z,20504,-117,FALSE
2024-10-23T02:30:00Z,20178,-326,FALSE
2024-10-23T03:00:00Z,19896,-282,FALSE
2024-10-23T03:30:00Z,19698,-198,FALSE
2024-10-23T04:00:00Z,19282,-416,FALSE
2024-10-23T04:30:00Z,19373,91,FALSE
2024-10-23T05:00:00Z,19744,371,FALSE
2024-10-23T05:30:00Z,20930,1186,FALSE
2024-10-23T06:00:00Z,22850,1920,TRUE
2024-10-23T06:30:00Z,24676,1826,TRUE
2024-10-23T07:00:00Z,27146,2470,TRUE
2024-10-23T07:30:00Z,28125,979,FALSE
2024-10-23T08:00:00Z,29887,1762,TRUE
2024-10-23T08:30:00Z,30067,180,FALSE
2024-10-23T09:00:00Z,30232,165,FALSE
2024-10-23T09:30:00Z,29747,-485,FALSE
2024-10-23T10:00:00Z,29221,-526,FALSE
2024-10-23T10:30:00Z,28625,-596,FALSE
2024-10-23T11:00:00Z,28256,-369,FALSE
2024-10-23T11:30:00Z,27654,-602,FALSE
2024-10-23T12:00:00Z,27374,-280,FALSE
2024-10-23T12:30:00Z,27017,-357,FALSE
2024-10-23T13:00:00Z,26558,-459,FALSE
2024-10-23T13:30:00Z,26283,-275,FALSE
2024-10-23T14:00:00Z,26138,-145,FALSE
2024-10-23T14:30:00Z,26212,74,FALSE
2024-10-23T15:00:00Z,26254,42,FALSE
2024-10-23T15:30:00Z,27155,901,FALSE
2024-10-23T16:00:00Z,28205,1050,FALSE
2024-10-23T16:30:00Z,29409,1204,FALSE
2024-10-23T17:00:00Z,30576,1167,FALSE
2024-10-23T17:30:00Z,31669,1093,FALSE
2024-10-23T18:00:00Z,32625,956,FALSE
2024-10-23T18:30:00Z,32883,258,FALSE
2024-10-23T19:00:00Z,32729,-154,FALSE
2024-10-23T19:30:00Z,31869,-860,FALSE
2024-10-23T20:00:00Z,30851,-1018,FALSE
2024-10-23T20:30:00Z,29362,-1489,TRUE
2024-10-23T21:00:00Z,27956,-1406,TRUE
2024-10-23T21:30:00Z,26410,-1546,TRUE
2024-10-23T22:00:00Z,24615,-1795,TRUE
2024-10-23T22:30:00Z,23149,-1466,TRUE
2024-10-23T23:00:00Z,21560,-1589,TRUE
2024-10-23T23:30:00Z,20502,-1058,FALSE
2024-10-24T00:00:00Z,20035,-467,FALSE
2024-10-24T00:30:00Z,19752,-283,FALSE
2024-10-24T01:00:00Z,19852,100,FALSE
2024-10-24T01:30:00Z,20019,167,FALSE
2024-10-24T02:00:00Z,19720,-299,FALSE
2024-10-24T02:30:00Z,19349,-371,FALSE
2024-10-24T03:00:00Z,18977,-372,FALSE
2024-10-24T03:30:00Z,18644,-333,FALSE
2024-10-24T04:00:00Z,18308,-336,FALSE
2024-10-24T04:30:00Z,18375,67,FALSE
2024-10-24T05:00:00Z,19004,629,FALSE
2024-10-24T05:30:00Z,19777,773,FALSE
2024-10-24T06:00:00Z,21998,2221,TRUE
2024-10-24T06:30:00Z,24248,2250,TRUE
2024-10-24T07:00:00Z,26656,2408,TRUE
2024-10-24T07:30:00Z,27604,948,FALSE
2024-10-24T08:00:00Z,28913,1309,FALSE
2024-10-24T08:30:00Z,28923,10,FALSE
2024-10-24T09:00:00Z,28901,-22,FALSE
2024-10-24T09:30:00Z,28233,-668,FALSE
2024-10-24T10:00:00Z,27710,-523,FALSE
2024-10-24T10:30:00Z,27110,-600,FALSE
2024-10-24T11:00:00Z,26726,-384,FALSE
2024-10-24T11:30:00Z,26357,-369,FALSE
2024-10-24T12:00:00Z,26151,-206,FALSE
2024-10-24T12:30:00Z,25880,-271,FALSE
2024-10-24T13:00:00Z,25634,-246,FALSE
2024-10-24T13:30:00Z,25233,-401,FALSE
2024-10-24T14:00:00Z,25180,-53,FALSE
2024-10-24T14:30:00Z,25462,282,FALSE
2024-10-24T15:00:00Z,25871,409,FALSE
2024-10-24T15:30:00Z,27086,1215,FALSE
2024-10-24T16:00:00Z,28304,1218,FALSE
2024-10-24T16:30:00Z,29319,1015,FALSE
2024-10-24T17:00:00Z,30536,1217,FALSE
2024-10-24T17:30:00Z,31213,677,FALSE
2024-10-24T18:00:00Z,32296,1083,FALSE
2024-10-24T18:30:00Z,32215,-81,FALSE
2024-10-24T19:00:00Z,31651,-564,FALSE
2024-10-24T19:30:00Z,30780,-871,FALSE
2024-10-24T20:00:00Z,29969,-811,FALSE
2024-10-24T20:30:00Z,28825,-1144,FALSE
2024-10-24T21:00:00Z,27552,-1273,FALSE
2024-10-24T21:30:00Z,26314,-1238,FALSE
2024-10-24T22:00:00Z,24999,-1315,FALSE
2024-10-24T22:30:00Z,23377,-1622,TRUE
2024-10-24T23:00:00Z,22002,-1375,FALSE
2024-10-24T23:30:00Z,21203,-799,FALSE
2024-10-25T00:00:00Z,20507,-696,FALSE
2024-10-25T00:30:00Z,20239,-268,FALSE
2024-10-25T01:00:00Z,19824,-415,FALSE
2024-10-25T01:30:00Z,20006,182,FALSE
2024-10-25T02:00:00Z,19713,-293,FALSE
2024-10-25T02:30:00Z,19369,-344,FALSE
2024-10-25T03:00:00Z,19176,-193,FALSE
2024-10-25T03:30:00Z,18845,-331,FALSE
2024-10-25T04:00:00Z,18513,-332,FALSE
2024-10-25T04:30:00Z,18462,-51,FALSE
2024-10-25T05:00:00Z,18824,362,FALSE
2024-10-25T05:30:00Z,19726,902,FALSE
2024-10-25T06:00:00Z,21647,1921,TRUE
2024-10-25T06:30:00Z,23563,1916,TRUE
2024-10-25T07:00:00Z,25526,1963,TRUE
2024-10-25T07:30:00Z,26554,1028,FALSE
2024-10-25T08:00:00Z,28396,1842,TRUE
2024-10-25T08:30:00Z,29301,905,FALSE
2024-10-25T09:00:00Z,29665,364,FALSE
2024-10-25T09:30:00Z,29586,-79,FALSE
2024-10-25T10:00:00Z,29552,-34,FALSE
2024-10-25T10:30:00Z,29395,-157,FALSE
2024-10-25T11:00:00Z,29314,-81,FALSE
2024-10-25T11:30:00Z,29354,40,FALSE
2024-10-25T12:00:00Z,29064,-290,FALSE
2024-10-25T12:30:00Z,28752,-312,FALSE
2024-10-25T13:00:00Z,28276,-476,FALSE
2024-10-25T13:30:00Z,27743,-533,FALSE
2024-10-25T14:00:00Z,27610,-133,FALSE
2024-10-25T14:30:00Z,27612,2,FALSE
2024-10-25T15:00:00Z,27252,-360,FALSE
2024-10-25T15:30:00Z,27621,369,FALSE
2024-10-25T16:00:00Z,28143,522,FALSE
2024-10-25T16:30:00Z,29008,865,FALSE
2024-10-25T17:00:00Z,29582,574,FALSE
2024-10-25T17:30:00Z,30132,550,FALSE
2024-10-25T18:00:00Z,30999,867,FALSE
2024-10-25T18:30:00Z,31000,1,FALSE
2024-10-25T19:00:00Z,30657,-343,FALSE
2024-10-25T19:30:00Z,30150,-507,FALSE
2024-10-25T20:00:00Z,29166,-984,FALSE
2024-10-25T20:30:00Z,28259,-907,FALSE
2024-10-25T21:00:00Z,26889,-1370,FALSE
2024-10-25T21:30:00Z,25809,-1080,FALSE
2024-10-25T22:00:00Z,24532,-1277,FALSE
2024-10-25T22:30:00Z,23520,-1012,FALSE
2024-10-25T23:00:00Z,21978,-1542,TRUE
2024-10-25T23:30:00Z,21198,-780,FALSE
2024-10-26T00:00:00Z,20983,-215,FALSE
2024-10-26T00:30:00Z,20488,-495,FALSE
2024-10-26T01:00:00Z,20358,-130,FALSE
2024-10-26T01:30:00Z,20291,-67,FALSE
2024-10-26T02:00:00Z,20100,-191,FALSE
2024-10-26T02:30:00Z,19780,-320,FALSE
2024-10-26T03:00:00Z,19138,-642,FALSE
2024-10-26T03:30:00Z,18704,-434,FALSE
2024-10-26T04:00:00Z,18169,-535,FALSE
2024-10-26T04:30:00Z,18110,-59,FALSE
2024-10-26T05:00:00Z,17956,-154,FALSE
2024-10-26T05:30:00Z,18457,501,FALSE
2024-10-26T06:00:00Z,19694,1237,FALSE
2024-10-26T06:30:00Z,20345,651,FALSE
2024-10-26T07:00:00Z,21874,1529,TRUE
2024-10-26T07:30:00Z,22765,891,FALSE
2024-10-26T08:00:00Z,24317,1552,TRUE
2024-10-26T08:30:00Z,24810,493,FALSE
2024-10-26T09:00:00Z,25515,705,FALSE
2024-10-26T09:30:00Z,25630,115,FALSE
2024-10-26T10:00:00Z,25294,-336,FALSE
2024-10-26T10:30:00Z,24850,-444,FALSE
2024-10-26T11:00:00Z,24658,-192,FALSE
2024-10-26T11:30:00Z,24219,-439,FALSE
2024-10-26T12:00:00Z,23774,-445,FALSE
2024-10-26T12:30:00Z,23557,-217,FALSE
2024-10-26T13:00:00Z,23180,-377,FALSE
2024-10-26T13:30:00Z,23110,-70,FALSE
2024-10-26T14:00:00Z,22928,-182,FALSE
2024-10-26T14:30:00Z,23083,155,FALSE
2024-10-26T15:00:00Z,23406,323,FALSE
2024-10-26T15:30:00Z,23850,444,FALSE
2024-10-26T16:00:00Z,24716,866,FALSE
2024-10-26T16:30:00Z,25863,1147,FALSE
2024-10-26T17:00:00Z,27333,1470,TRUE
2024-10-26T17:30:00Z,28207,874,FALSE
2024-10-26T18:00:00Z,29535,1328,FALSE
2024-10-26T18:30:00Z,29155,-380,FALSE
2024-10-26T19:00:00Z,28575,-580,FALSE
2024-10-26T19:30:00Z,27852,-723,FALSE
2024-10-26T20:00:00Z,26989,-863,FALSE
2024-10-26T20:30:00Z,26222,-767,FALSE
2024-10-26T21:00:00Z,25139,-1083,FALSE
2024-10-26T21:30:00Z,24244,-895,FALSE
2024-10-26T22:00:00Z,23331,-913,FALSE
2024-10-26T22:30:00Z,22332,-999,FALSE
2024-10-26T23:00:00Z,21104,-1228,FALSE
2024-10-26T23:30:00Z,20297,-807,FALSE
2024-10-27T00:00:00Z,19806,-491,FALSE
2024-10-27T00:30:00Z,19781,-25,FALSE
2024-10-27T01:00:00Z,19330,-451,FALSE
2024-10-27T01:30:00Z,19351,21,FALSE
2024-10-27T02:00:00Z,18989,-362,FALSE
2024-10-27T02:30:00Z,18493,-496,FALSE
2024-10-27T03:00:00Z,17973,-520,FALSE
2024-10-27T03:30:00Z,17731,-242,FALSE
2024-10-27T04:00:00Z,17157,-574,FALSE
2024-10-27T04:30:00Z,17035,-122,FALSE
2024-10-27T05:00:00Z,17339,304,FALSE
2024-10-27T05:30:00Z,17182,-157,FALSE
2024-10-27T06:00:00Z,17200,18,FALSE
2024-10-27T06:30:00Z,17508,308,FALSE
2024-10-27T07:00:00Z,18984,1476,TRUE
2024-10-27T07:30:00Z,19817,833,FALSE
2024-10-27T08:00:00Z,20839,1022,FALSE
2024-10-27T08:30:00Z,21507,668,FALSE
2024-10-27T09:00:00Z,21826,319,FALSE
2024-10-27T09:30:00Z,21795,-31,FALSE
2024-10-27T10:00:00Z,21773,-22,FALSE
2024-10-27T10:30:00Z,21526,-247,FALSE
2024-10-27T11:00:00Z,21308,-218,FALSE
2024-10-27T11:30:00Z,20640,-668,FALSE
2024-10-27T12:00:00Z,20491,-149,FALSE
2024-10-27T12:30:00Z,20450,-41,FALSE
2024-10-27T13:00:00Z,20163,-287,FALSE
2024-10-27T13:30:00Z,20204,41,FALSE
2024-10-27T14:00:00Z,20671,467,FALSE
2024-10-27T14:30:00Z,21358,687,FALSE
2024-10-27T15:00:00Z,22401,1043,FALSE
2024-10-27T15:30:00Z,23599,1198,FALSE
2024-10-27T16:00:00Z,24709,1110,FALSE
2024-10-27T16:30:00Z,26209,1500,TRUE
2024-10-27T17:00:00Z,28121,1912,TRUE
2024-10-27T17:30:00Z,29489,1368,FALSE
2024-10-27T18:00:00Z,30472,983,FALSE
2024-10-27T18:30:00Z,31110,638,FALSE
2024-10-27T19:00:00Z,30362,-748,FALSE
2024-10-27T19:30:00Z,29667,-695,FALSE
2024-10-27T20:00:00Z,28549,-1118,FALSE
2024-10-27T20:30:00Z,27183,-1366,FALSE
2024-10-27T21:00:00Z,26259,-924,FALSE
2024-10-27T21:30:00Z,25167,-1092,FALSE
2024-10-27T22:00:00Z,24100,-1067,FALSE
2024-10-27T22:30:00Z,23147,-953,FALSE
2024-10-27T23:00:00Z,21723,-1424,TRUE
2024-10-27T23:30:00Z,20732,-991,FALSE
2024-10-28T00:00:00Z,19024,-1708,TRUE
2024-10-28T00:30:00Z,18645,-379,FALSE
2024-10-28T01:00:00Z,18411,-234,FALSE
2024-10-28T01:30:00Z,17828,-583,FALSE
2024-10-28T02:00:00Z,17462,-366,FALSE
2024-10-28T02:30:00Z,17167,-295,FALSE
2024-10-28T03:00:00Z,16942,-225,FALSE
2024-10-28T03:30:00Z,16497,-445,FALSE
2024-10-28T04:00:00Z,16490,-7,FALSE
2024-10-28T04:30:00Z,16595,105,FALSE
2024-10-28T05:00:00Z,17138,543,FALSE
2024-10-28T05:30:00Z,18240,1102,FALSE
2024-10-28T06:00:00Z,20628,2388,TRUE
2024-10-28T06:30:00Z,22250,1622,TRUE
2024-10-28T07:00:00Z,24949,2699,TRUE
2024-10-28T07:30:00Z,26199,1250,FALSE
2024-10-28T08:00:00Z,27709,1510,TRUE
2024-10-28T08:30:00Z,28290,581,FALSE
2024-10-28T09:00:00Z,28752,462,FALSE
2024-10-28T09:30:00Z,28709,-43,FALSE
2024-10-28T10:00:00Z,28478,-231,FALSE
2024-10-28T10:30:00Z,28518,40,FALSE
2024-10-28T11:00:00Z,28586,68,FALSE
2024-10-28T11:30:00Z,28783,197,FALSE
2024-10-28T12:00:00Z,28954,171,FALSE
2024-10-28T12:30:00Z,29254,300,FALSE
2024-10-28T13:00:00Z,29659,405,FALSE
2024-10-28T13:30:00Z,29703,44,FALSE
2024-10-28T14:00:00Z,29555,-148,FALSE
2024-10-28T14:30:00Z,29758,203,FALSE
2024-10-28T15:00:00Z,29797,39,FALSE
2024-10-28T15:30:00Z,30366,569,FALSE
2024-10-28T16:00:00Z,31349,983,FALSE
2024-10-28T16:30:00Z,32840,1491,TRUE
2024-10-28T17:00:00Z,34029,1189,FALSE
2024-10-28T17:30:00Z,33817,-212,FALSE
2024-10-28T18:00:00Z,33286,-531,FALSE
2024-10-28T18:30:00Z,32890,-396,FALSE
2024-10-28T19:00:00Z,32370,-520,FALSE
2024-10-28T19:30:00Z,31436,-934,FALSE
2024-10-28T20:00:00Z,30267,-1169,FALSE
2024-10-28T20:30:00Z,29054,-1213,FALSE
2024-10-28T21:00:00Z,27772,-1282,FALSE
2024-10-28T21:30:00Z,26246,-1526,TRUE
2024-10-28T22:00:00Z,25221,-1025,FALSE
2024-10-28T22:30:00Z,23830,-1391,TRUE
2024-10-28T23:00:00Z,22123,-1707,TRUE
2024-10-28T23:30:00Z,21335,-788,FALSE
2024-10-29T00:00:00Z,20896,-439,FALSE
2024-10-29T00:30:00Z,21131,235,FALSE
2024-10-29T01:00:00Z,20772,-359,FALSE
2024-10-29T01:30:00Z,20448,-324,FALSE
2024-10-29T02:00:00Z,20022,-426,FALSE
2024-10-29T02:30:00Z,19838,-184,FALSE
2024-10-29T03:00:00Z,19242,-596,FALSE
2024-10-29T03:30:00Z,19012,-230,FALSE
2024-10-29T04:00:00Z,18790,-222,FALSE
2024-10-29T04:30:00Z,19075,285,FALSE
2024-10-29T05:00:00Z,19365,290,FALSE
2024-10-29T05:30:00Z,20234,869,FALSE
2024-10-29T06:00:00Z,22413,2179,TRUE
2024-10-29T06:30:00Z,24360,1947,TRUE
2024-10-29T07:00:00Z,26080,1720,TRUE
2024-10-29T07:30:00Z,27095,1015,FALSE
2024-10-29T08:00:00Z,28441,1346,FALSE
2024-10-29T08:30:00Z,29095,654,FALSE
2024-10-29T09:00:00Z,29418,323,FALSE
2024-10-29T09:30:00Z,28937,-481,FALSE
2024-10-29T10:00:00Z,28500,-437,FALSE
2024-10-29T10:30:00Z,28260,-240,FALSE
2024-10-29T11:00:00Z,28252,-8,FALSE
2024-10-29T11:30:00Z,28438,186,FALSE
2024-10-29T12:00:00Z,28661,223,FALSE
2024-10-29T12:30:00Z,28824,163,FALSE
2024-10-29T13:00:00Z,28499,-325,FALSE
2024-10-29T13:30:00Z,28727,228,FALSE
2024-10-29T14:00:00Z,29159,432,FALSE
2024-10-29T14:30:00Z,29804,645,FALSE
2024-10-29T15:00:00Z,30499,695,FALSE
2024-10-29T15:30:00Z,30663,164,FALSE
2024-10-29T16:00:00Z,31269,606,FALSE
2024-10-29T16:30:00Z,32393,1124,FALSE
2024-10-29T17:00:00Z,33457,1064,FALSE
2024-10-29T17:30:00Z,33661,204,FALSE
2024-10-29T18:00:00Z,33451,-210,FALSE
2024-10-29T18:30:00Z,32912,-539,FALSE
2024-10-29T19:00:00Z,32456,-456,FALSE
2024-10-29T19:30:00Z,31642,-814,FALSE
2024-10-29T20:00:00Z,30379,-1263,FALSE
2024-10-29T20:30:00Z,29272,-1107,FALSE
2024-10-29T21:00:00Z,27935,-1337,FALSE
2024-10-29T21:30:00Z,26591,-1344,FALSE
2024-10-29T22:00:00Z,25145,-1446,TRUE
2024-10-29T22:30:00Z,23827,-1318,FALSE
2024-10-29T23:00:00Z,22646,-1181,FALSE
2024-10-29T23:30:00Z,21700,-946,FALSE
2024-10-30T00:00:00Z,21335,-365,FALSE
2024-10-30T00:30:00Z,21760,425,FALSE
2024-10-30T01:00:00Z,21362,-398,FALSE
2024-10-30T01:30:00Z,20745,-617,FALSE
2024-10-30T02:00:00Z,20153,-592,FALSE
2024-10-30T02:30:00Z,19633,-520,FALSE
2024-10-30T03:00:00Z,19224,-409,FALSE
2024-10-30T03:30:00Z,18973,-251,FALSE
2024-10-30T04:00:00Z,18648,-325,FALSE
2024-10-30T04:30:00Z,18785,137,FALSE
2024-10-30T05:00:00Z,19405,620,FALSE
2024-10-30T05:30:00Z,20492,1087,FALSE
2024-10-30T06:00:00Z,22333,1841,TRUE
2024-10-30T06:30:00Z,24224,1891,TRUE
2024-10-30T07:00:00Z,26109,1885,TRUE
2024-10-30T07:30:00Z,27357,1248,FALSE
2024-10-30T08:00:00Z,28889,1532,TRUE
2024-10-30T08:30:00Z,29353,464,FALSE
2024-10-30T09:00:00Z,29649,296,FALSE
2024-10-30T09:30:00Z,29638,-11,FALSE
2024-10-30T10:00:00Z,29635,-3,FALSE
2024-10-30T10:30:00Z,29417,-218,FALSE
2024-10-30T11:00:00Z,29360,-57,FALSE
2024-10-30T11:30:00Z,29420,60,FALSE
2024-10-30T12:00:00Z,29712,292,FALSE
2024-10-30T12:30:00Z,30064,352,FALSE
2024-10-30T13:00:00Z,29812,-252,FALSE
2024-10-30T13:30:00Z,30167,355,FALSE
2024-10-30T14:00:00Z,30258,91,FALSE
2024-10-30T14:30:00Z,30375,117,FALSE
2024-10-30T15:00:00Z,30411,36,FALSE
2024-10-30T15:30:00Z,31043,632,FALSE
2024-10-30T16:00:00Z,31828,785,FALSE
2024-10-30T16:30:00Z,32737,909,FALSE
2024-10-30T17:00:00Z,34148,1411,TRUE
2024-10-30T17:30:00Z,33788,-360,FALSE
2024-10-30T18:00:00Z,33190,-598,FALSE
2024-10-30T18:30:00Z,32755,-435,FALSE
2024-10-30T19:00:00Z,32412,-343,FALSE
2024-10-30T19:30:00Z,31654,-758,FALSE
2024-10-30T20:00:00Z,30340,-1314,FALSE
2024-10-30T20:30:00Z,29319,-1021,FALSE
2024-10-30T21:00:00Z,27741,-1578,TRUE
2024-10-30T21:30:00Z,26427,-1314,FALSE
2024-10-30T22:00:00Z,25060,-1367,FALSE
2024-10-30T22:30:00Z,23451,-1609,TRUE
2024-10-30T23:00:00Z,22397,-1054,FALSE
2024-10-30T23:30:00Z,21527,-870,FALSE
2024-10-31T00:00:00Z,21696,169,FALSE
2024-10-31T00:30:00Z,21781,85,FALSE
2024-10-31T01:00:00Z,21185,-596,FALSE
2024-10-31T01:30:00Z,20483,-702,FALSE
2024-10-31T02:00:00Z,19846,-637,FALSE
2024-10-31T02:30:00Z,19559,-287,FALSE
2024-10-31T03:00:00Z,19037,-522,FALSE
2024-10-31T03:30:00Z,18800,-237,FALSE
2024-10-31T04:00:00Z,18816,16,FALSE
2024-10-31T04:30:00Z,18789,-27,FALSE
2024-10-31T05:00:00Z,19426,637,FALSE
2024-10-31T05:30:00Z,20338,912,FALSE
2024-10-31T06:00:00Z,22287,1949,TRUE
2024-10-31T06:30:00Z,23889,1602,TRUE
2024-10-31T07:00:00Z,25853,1964,TRUE
2024-10-31T07:30:00Z,27020,1167,FALSE
2024-10-31T08:00:00Z,28546,1526,TRUE
2024-10-31T08:30:00Z,28918,372,FALSE
2024-10-31T09:00:00Z,29029,111,FALSE
2024-10-31T09:30:00Z,28883,-146,FALSE
2024-10-31T10:00:00Z,28737,-146,FALSE
2024-10-31T10:30:00Z,28610,-127,FALSE
2024-10-31T11:00:00Z,28578,-32,FALSE
2024-10-31T11:30:00Z,28504,-74,FALSE
2024-10-31T12:00:00Z,28697,193,FALSE
2024-10-31T12:30:00Z,28533,-164,FALSE
2024-10-31T13:00:00Z,28450,-83,FALSE
2024-10-31T13:30:00Z,28282,-168,FALSE
2024-10-31T14:00:00Z,28255,-27,FALSE
2024-10-31T14:30:00Z,28731,476,FALSE
2024-10-31T15:00:00Z,29157,426,FALSE
2024-10-31T15:30:00Z,29811,654,FALSE
2024-10-31T16:00:00Z,30739,928,FALSE
2024-10-31T16:30:00Z,31704,965,FALSE
2024-10-31T17:00:00Z,32341,637,FALSE
2024-10-31T17:30:00Z,32289,-52,FALSE
2024-10-31T18:00:00Z,31719,-570,FALSE
2024-10-31T18:30:00Z,31362,-357,FALSE
2024-10-31T19:00:00Z,31095,-267,FALSE
2024-10-31T19:30:00Z,30484,-611,FALSE
2024-10-31T20:00:00Z,29524,-960,FALSE
2024-10-31T20:30:00Z,28466,-1058,FALSE
2024-10-31T21:00:00Z,27205,-1261,FALSE
2024-10-31T21:30:00Z,26096,-1109,FALSE
2024-10-31T22:00:00Z,25032,-1064,FALSE
2024-10-31T22:30:00Z,23687,-1345,FALSE
2024-10-31T23:00:00Z,22502,-1185,FALSE
2024-10-31T23:30:00Z,21478,-1024,FALSE
2024-11-01T00:00:00Z,21051,-427,FALSE
2024-11-01T00:30:00Z,21248,197,FALSE
2024-11-01T01:00:00Z,20890,-358,FALSE
2024-11-01T01:30:00Z,20211,-679,FALSE
2024-11-01T02:00:00Z,19729,-482,FALSE
2024-11-01T02:30:00Z,19315,-414,FALSE
2024-11-01T03:00:00Z,19035,-280,FALSE
2024-11-01T03:30:00Z,18871,-164,FALSE
2024-11-01T04:00:00Z,18556,-315,FALSE
2024-11-01T04:30:00Z,18478,-78,FALSE
2024-11-01T05:00:00Z,18811,333,FALSE
2024-11-01T05:30:00Z,19405,594,FALSE
2024-11-01T06:00:00Z,21249,1844,TRUE
2024-11-01T06:30:00Z,22878,1629,TRUE
2024-11-01T07:00:00Z,25093,2215,TRUE
2024-11-01T07:30:00Z,26408,1315,FALSE
2024-11-01T08:00:00Z,27822,1414,TRUE
2024-11-01T08:30:00Z,28635,813,FALSE
2024-11-01T09:00:00Z,28745,110,FALSE
2024-11-01T09:30:00Z,28728,-17,FALSE
2024-11-01T10:00:00Z,28637,-91,FALSE
2024-11-01T10:30:00Z,28648,11,FALSE
2024-11-01T11:00:00Z,28899,251,FALSE
2024-11-01T11:30:00Z,29003,104,FALSE
2024-11-01T12:00:00Z,29045,42,FALSE
2024-11-01T12:30:00Z,29123,78,FALSE
2024-11-01T13:00:00Z,29484,361,FALSE
2024-11-01T13:30:00Z,29521,37,FALSE
2024-11-01T14:00:00Z,29877,356,FALSE
2024-11-01T14:30:00Z,30009,132,FALSE
2024-11-01T15:00:00Z,30110,101,FALSE
2024-11-01T15:30:00Z,30225,115,FALSE
2024-11-01T16:00:00Z,30835,610,FALSE
2024-11-01T16:30:00Z,31755,920,FALSE
2024-11-01T17:00:00Z,32765,1010,FALSE
2024-11-01T17:30:00Z,32797,32,FALSE
2024-11-01T18:00:00Z,32324,-473,FALSE
2024-11-01T18:30:00Z,31657,-667,FALSE
2024-11-01T19:00:00Z,31429,-228,FALSE
2024-11-01T19:30:00Z,30695,-734,FALSE
2024-11-01T20:00:00Z,29755,-940,FALSE
2024-11-01T20:30:00Z,28692,-1063,FALSE
2024-11-01T21:00:00Z,27645,-1047,FALSE
2024-11-01T21:30:00Z,26449,-1196,FALSE
2024-11-01T22:00:00Z,25214,-1235,FALSE
2024-11-01T22:30:00Z,23767,-1447,TRUE
2024-11-01T23:00:00Z,22657,-1110,FALSE
2024-11-01T23:30:00Z,21739,-918,FALSE
2024-11-02T00:00:00Z,21546,-193,FALSE
2024-11-02T00:30:00Z,21623,77,FALSE
2024-11-02T01:00:00Z,21093,-530,FALSE
2024-11-02T01:30:00Z,20439,-654,FALSE
2024-11-02T02:00:00Z,19853,-586,FALSE
2024-11-02T02:30:00Z,19336,-517,FALSE
2024-11-02T03:00:00Z,19194,-142,FALSE
2024-11-02T03:30:00Z,18788,-406,FALSE
2024-11-02T04:00:00Z,18522,-266,FALSE
2024-11-02T04:30:00Z,18442,-80,FALSE
2024-11-02T05:00:00Z,18392,-50,FALSE
2024-11-02T05:30:00Z,18640,248,FALSE
2024-11-02T06:00:00Z,19372,732,FALSE
2024-11-02T06:30:00Z,20233,861,FALSE
2024-11-02T07:00:00Z,21454,1221,FALSE
2024-11-02T07:30:00Z,22390,936,FALSE
2024-11-02T08:00:00Z,24136,1746,TRUE
2024-11-02T08:30:00Z,24857,721,FALSE
2024-11-02T09:00:00Z,25795,938,FALSE
2024-11-02T09:30:00Z,26016,221,FALSE
2024-11-02T10:00:00Z,26225,209,FALSE
2024-11-02T10:30:00Z,26249,24,FALSE
2024-11-02T11:00:00Z,26528,279,FALSE
2024-11-02T11:30:00Z,26766,238,FALSE
2024-11-02T12:00:00Z,27089,323,FALSE
2024-11-02T12:30:00Z,27195,106,FALSE
2024-11-02T13:00:00Z,27457,262,FALSE
2024-11-02T13:30:00Z,27344,-113,FALSE
2024-11-02T14:00:00Z,27002,-342,FALSE
2024-11-02T14:30:00Z,27386,384,FALSE
2024-11-02T15:00:00Z,27702,316,FALSE
2024-11-02T15:30:00Z,27881,179,FALSE
2024-11-02T16:00:00Z,28914,1033,FALSE
2024-11-02T16:30:00Z,29817,903,FALSE
2024-11-02T17:00:00Z,30455,638,FALSE
2024-11-02T17:30:00Z,30500,45,FALSE
2024-11-02T18:00:00Z,30422,-78,FALSE
2024-11-02T18:30:00Z,29513,-909,FALSE
2024-11-02T19:00:00Z,28628,-885,FALSE
2024-11-02T19:30:00Z,27918,-710,FALSE
2024-11-02T20:00:00Z,27676,-242,FALSE
2024-11-02T20:30:00Z,26600,-1076,FALSE
2024-11-02T21:00:00Z,25669,-931,FALSE
2024-11-02T21:30:00Z,24973,-696,FALSE
2024-11-02T22:00:00Z,23649,-1324,FALSE
2024-11-02T22:30:00Z,22590,-1059,FALSE
2024-11-02T23:00:00Z,21633,-957,FALSE
2024-11-02T23:30:00Z,21015,-618,FALSE
2024-11-03T00:00:00Z,20655,-360,FALSE
2024-11-03T00:30:00Z,20812,157,FALSE
2024-11-03T01:00:00Z,20398,-414,FALSE
2024-11-03T01:30:00Z,19621,-777,FALSE
2024-11-03T02:00:00Z,19135,-486,FALSE
2024-11-03T02:30:00Z,18701,-434,FALSE
2024-11-03T03:00:00Z,18423,-278,FALSE
2024-11-03T03:30:00Z,17967,-456,FALSE
2024-11-03T04:00:00Z,17708,-259,FALSE
2024-11-03T04:30:00Z,17561,-147,FALSE
2024-11-03T05:00:00Z,17686,125,FALSE
2024-11-03T05:30:00Z,17759,73,FALSE
2024-11-03T06:00:00Z,18388,629,FALSE
2024-11-03T06:30:00Z,18882,494,FALSE
2024-11-03T07:00:00Z,19755,873,FALSE
2024-11-03T07:30:00Z,20425,670,FALSE
2024-11-03T08:00:00Z,21698,1273,FALSE
2024-11-03T08:30:00Z,22916,1218,FALSE
2024-11-03T09:00:00Z,24090,1174,FALSE
2024-11-03T09:30:00Z,25010,920,FALSE
2024-11-03T10:00:00Z,25782,772,FALSE
2024-11-03T10:30:00Z,26325,543,FALSE
2024-11-03T11:00:00Z,26854,529,FALSE
2024-11-03T11:30:00Z,27080,226,FALSE
2024-11-03T12:00:00Z,27556,476,FALSE
2024-11-03T12:30:00Z,28161,605,FALSE
2024-11-03T13:00:00Z,28462,301,FALSE
2024-11-03T13:30:00Z,28500,38,FALSE
2024-11-03T14:00:00Z,28859,359,FALSE
2024-11-03T14:30:00Z,29082,223,FALSE
2024-11-03T15:00:00Z,29670,588,FALSE
2024-11-03T15:30:00Z,30567,897,FALSE
2024-11-03T16:00:00Z,31178,611,FALSE
2024-11-03T16:30:00Z,32260,1082,FALSE
2024-11-03T17:00:00Z,33194,934,FALSE
2024-11-03T17:30:00Z,33130,-64,FALSE
2024-11-03T18:00:00Z,32478,-652,FALSE
2024-11-03T18:30:00Z,31797,-681,FALSE
2024-11-03T19:00:00Z,30750,-1047,FALSE
2024-11-03T19:30:00Z,29617,-1133,FALSE
2024-11-03T20:00:00Z,28517,-1100,FALSE
2024-11-03T20:30:00Z,27457,-1060,FALSE
2024-11-03T21:00:00Z,26400,-1057,FALSE
2024-11-03T21:30:00Z,25211,-1189,FALSE
2024-11-03T22:00:00Z,24097,-1114,FALSE
2024-11-03T22:30:00Z,22766,-1331,FALSE
2024-11-03T23:00:00Z,21437,-1329,FALSE
2024-11-03T23:30:00Z,20790,-647,FALSE
2024-11-04T00:00:00Z,20718,-72,FALSE
2024-11-04T00:30:00Z,20986,268,FALSE
2024-11-04T01:00:00Z,20517,-469,FALSE
2024-11-04T01:30:00Z,20159,-358,FALSE
2024-11-04T02:00:00Z,19654,-505,FALSE
2024-11-04T02:30:00Z,19315,-339,FALSE
2024-11-04T03:00:00Z,18959,-356,FALSE
2024-11-04T03:30:00Z,18577,-382,FALSE
2024-11-04T04:00:00Z,18373,-204,FALSE
2024-11-04T04:30:00Z,18461,88,FALSE
2024-11-04T05:00:00Z,19014,553,FALSE
2024-11-04T05:30:00Z,20011,997,FALSE
2024-11-04T06:00:00Z,22581,2570,TRUE
2024-11-04T06:30:00Z,25093,2512,TRUE
2024-11-04T07:00:00Z,27559,2466,TRUE
2024-11-04T07:30:00Z,28869,1310,FALSE
2024-11-04T08:00:00Z,30310,1441,TRUE
2024-11-04T08:30:00Z,30882,572,FALSE
2024-11-04T09:00:00Z,31549,667,FALSE
2024-11-04T09:30:00Z,31988,439,FALSE
2024-11-04T10:00:00Z,32042,54,FALSE
2024-11-04T10:30:00Z,32021,-21,FALSE
2024-11-04T11:00:00Z,31953,-68,FALSE
2024-11-04T11:30:00Z,32049,96,FALSE
2024-11-04T12:00:00Z,32433,384,FALSE
2024-11-04T12:30:00Z,32330,-103,FALSE
2024-11-04T13:00:00Z,32105,-225,FALSE
2024-11-04T13:30:00Z,31858,-247,FALSE
2024-11-04T14:00:00Z,31263,-595,FALSE
2024-11-04T14:30:00Z,31165,-98,FALSE
2024-11-04T15:00:00Z,30988,-177,FALSE
2024-11-04T15:30:00Z,31934,946,FALSE
2024-11-04T16:00:00Z,32637,703,FALSE
2024-11-04T16:30:00Z,33636,999,FALSE
2024-11-04T17:00:00Z,34709,1073,FALSE
2024-11-04T17:30:00Z,35141,432,FALSE
2024-11-04T18:00:00Z,35266,125,FALSE
2024-11-04T18:30:00Z,34566,-700,FALSE
2024-11-04T19:00:00Z,33948,-618,FALSE
2024-11-04T19:30:00Z,32672,-1276,FALSE
2024-11-04T20:00:00Z,31652,-1020,FALSE
2024-11-04T20:30:00Z,30732,-920,FALSE
2024-11-04T21:00:00Z,29021,-1711,TRUE
2024-11-04T21:30:00Z,27515,-1506,TRUE
2024-11-04T22:00:00Z,25966,-1549,TRUE
2024-11-04T22:30:00Z,24569,-1397,TRUE
2024-11-04T23:00:00Z,23217,-1352,FALSE
2024-11-04T23:30:00Z,22393,-824,FALSE
2024-11-05T00:00:00Z,22019,-374,FALSE
2024-11-05T00:30:00Z,22174,155,FALSE
2024-11-05T01:00:00Z,21748,-426,FALSE
2024-11-05T01:30:00Z,21239,-509,FALSE
2024-11-05T02:00:00Z,20754,-485,FALSE
2024-11-05T02:30:00Z,20449,-305,FALSE
2024-11-05T03:00:00Z,19922,-527,FALSE
2024-11-05T03:30:00Z,19609,-313,FALSE
2024-11-05T04:00:00Z,19364,-245,FALSE
2024-11-05T04:30:00Z,19418,54,FALSE
2024-11-05T05:00:00Z,19844,426,FALSE
2024-11-05T05:30:00Z,20829,985,FALSE
2024-11-05T06:00:00Z,23275,2446,TRUE
2024-11-05T06:30:00Z,25587,2312,TRUE
2024-11-05T07:00:00Z,27987,2400,TRUE
2024-11-05T07:30:00Z,28954,967,FALSE
2024-11-05T08:00:00Z,31043,2089,TRUE
2024-11-05T08:30:00Z,31189,146,FALSE
2024-11-05T09:00:00Z,32174,985,FALSE
2024-11-05T09:30:00Z,31946,-228,FALSE
2024-11-05T10:00:00Z,31570,-376,FALSE
2024-11-05T10:30:00Z,31476,-94,FALSE
2024-11-05T11:00:00Z,31579,103,FALSE
2024-11-05T11:30:00Z,31552,-27,FALSE
2024-11-05T12:00:00Z,31634,82,FALSE
2024-11-05T12:30:00Z,31657,23,FALSE
2024-11-05T13:00:00Z,31799,142,FALSE
2024-11-05T13:30:00Z,31589,-210,FALSE
2024-11-05T14:00:00Z,30959,-630,FALSE
2024-11-05T14:30:00Z,31241,282,FALSE
2024-11-05T15:00:00Z,31636,395,FALSE
2024-11-05T15:30:00Z,32232,596,FALSE
2024-11-05T16:00:00Z,33073,841,FALSE
2024-11-05T16:30:00Z,34102,1029,FALSE
2024-11-05T17:00:00Z,34782,680,FALSE
2024-11-05T17:30:00Z,34740,-42,FALSE
2024-11-05T18:00:00Z,34368,-372,FALSE
2024-11-05T18:30:00Z,34033,-335,FALSE
2024-11-05T19:00:00Z,33289,-744,FALSE
2024-11-05T19:30:00Z,32170,-1119,FALSE
2024-11-05T20:00:00Z,31187,-983,FALSE
2024-11-05T20:30:00Z,30393,-794,FALSE
2024-11-05T21:00:00Z,29064,-1329,FALSE
2024-11-05T21:30:00Z,27533,-1531,TRUE
2024-11-05T22:00:00Z,26228,-1305,FALSE
2024-11-05T22:30:00Z,24967,-1261,FALSE
2024-11-05T23:00:00Z,23513,-1454,TRUE
2024-11-05T23:30:00Z,22361,-1152,FALSE
2024-11-06T00:00:00Z,22107,-254,FALSE
2024-11-06T00:30:00Z,22598,491,FALSE
2024-11-06T01:00:00Z,22160,-438,FALSE
2024-11-06T01:30:00Z,21541,-619,FALSE
2024-11-06T02:00:00Z,21032,-509,FALSE
2024-11-06T02:30:00Z,20589,-443,FALSE
2024-11-06T03:00:00Z,20033,-556,FALSE
2024-11-06T03:30:00Z,19703,-330,FALSE
2024-11-06T04:00:00Z,19576,-127,FALSE
2024-11-06T04:30:00Z,19643,67,FALSE
2024-11-06T05:00:00Z,20076,433,FALSE
2024-11-06T05:30:00Z,21277,1201,FALSE
2024-11-06T06:00:00Z,23838,2561,TRUE
2024-11-06T06:30:00Z,25744,1906,TRUE
2024-11-06T07:00:00Z,28286,2542,TRUE
2024-11-06T07:30:00Z,29252,966,FALSE
2024-11-06T08:00:00Z,30562,1310,FALSE
2024-11-06T08:30:00Z,31045,483,FALSE
2024-11-06T09:00:00Z,31480,435,FALSE
2024-11-06T09:30:00Z,31549,69,FALSE
2024-11-06T10:00:00Z,31494,-55,FALSE
2024-11-06T10:30:00Z,31486,-8,FALSE
2024-11-06T11:00:00Z,31609,123,FALSE
2024-11-06T11:30:00Z,31656,47,FALSE
2024-11-06T12:00:00Z,31908,252,FALSE
2024-11-06T12:30:00Z,31932,24,FALSE
2024-11-06T13:00:00Z,31862,-70,FALSE
2024-11-06T13:30:00Z,31937,75,FALSE
2024-11-06T14:00:00Z,31746,-191,FALSE
2024-11-06T14:30:00Z,31540,-206,FALSE
2024-11-06T15:00:00Z,31719,179,FALSE
2024-11-06T15:30:00Z,32326,607,FALSE
2024-11-06T16:00:00Z,32755,429,FALSE
2024-11-06T16:30:00Z,34423,1668,TRUE
2024-11-06T17:00:00Z,34890,467,FALSE
2024-11-06T17:30:00Z,34978,88,FALSE
2024-11-06T18:00:00Z,34910,-68,FALSE
2024-11-06T18:30:00Z,34661,-249,FALSE
2024-11-06T19:00:00Z,34019,-642,FALSE
2024-11-06T19:30:00Z,33156,-863,FALSE
2024-11-06T20:00:00Z,32029,-1127,FALSE
2024-11-06T20:30:00Z,31075,-954,FALSE
2024-11-06T21:00:00Z,29604,-1471,TRUE
2024-11-06T21:30:00Z,28304,-1300,FALSE
2024-11-06T22:00:00Z,26594,-1710,TRUE
2024-11-06T22:30:00Z,25091,-1503,TRUE
2024-11-06T23:00:00Z,23574,-1517,TRUE
2024-11-06T23:30:00Z,22547,-1027,FALSE
2024-11-07T00:00:00Z,22121,-426,FALSE
2024-11-07T00:30:00Z,22202,81,FALSE
2024-11-07T01:00:00Z,21760,-442,FALSE
2024-11-07T01:30:00Z,20997,-763,FALSE
2024-11-07T02:00:00Z,20619,-378,FALSE
2024-11-07T02:30:00Z,20428,-191,FALSE
2024-11-07T03:00:00Z,19857,-571,FALSE
2024-11-07T03:30:00Z,19486,-371,FALSE
2024-11-07T04:00:00Z,19172,-314,FALSE
2024-11-07T04:30:00Z,19305,133,FALSE
2024-11-07T05:00:00Z,19698,393,FALSE
2024-11-07T05:30:00Z,20555,857,FALSE
2024-11-07T06:00:00Z,22907,2352,TRUE
2024-11-07T06:30:00Z,25102,2195,TRUE
2024-11-07T07:00:00Z,27565,2463,TRUE
2024-11-07T07:30:00Z,28664,1099,FALSE
2024-11-07T08:00:00Z,30117,1453,TRUE
2024-11-07T08:30:00Z,30429,312,FALSE
2024-11-07T09:00:00Z,31188,759,FALSE
2024-11-07T09:30:00Z,31176,-12,FALSE
2024-11-07T10:00:00Z,31212,36,FALSE
2024-11-07T10:30:00Z,31302,90,FALSE
2024-11-07T11:00:00Z,31481,179,FALSE
2024-11-07T11:30:00Z,31623,142,FALSE
2024-11-07T12:00:00Z,31823,200,FALSE
2024-11-07T12:30:00Z,31897,74,FALSE
2024-11-07T13:00:00Z,31989,92,FALSE
2024-11-07T13:30:00Z,31976,-13,FALSE
2024-11-07T14:00:00Z,31563,-413,FALSE
2024-11-07T14:30:00Z,31849,286,FALSE
2024-11-07T15:00:00Z,32259,410,FALSE
2024-11-07T15:30:00Z,32628,369,FALSE
2024-11-07T16:00:00Z,33708,1080,FALSE
2024-11-07T16:30:00Z,34553,845,FALSE
2024-11-07T17:00:00Z,34529,-24,FALSE
2024-11-07T17:30:00Z,34725,196,FALSE
2024-11-07T18:00:00Z,34707,-18,FALSE
2024-11-07T18:30:00Z,33845,-862,FALSE
2024-11-07T19:00:00Z,33450,-395,FALSE
2024-11-07T19:30:00Z,32290,-1160,FALSE
2024-11-07T20:00:00Z,31339,-951,FALSE
2024-11-07T20:30:00Z,30586,-753,FALSE
2024-11-07T21:00:00Z,28910,-1676,TRUE
2024-11-07T21:30:00Z,27494,-1416,TRUE
2024-11-07T22:00:00Z,26147,-1347,FALSE
2024-11-07T22:30:00Z,24767,-1380,FALSE
2024-11-07T23:00:00Z,23199,-1568,TRUE
2024-11-07T23:30:00Z,22339,-860,FALSE
2024-11-08T00:00:00Z,22088,-251,FALSE
2024-11-08T00:30:00Z,22140,52,FALSE
2024-11-08T01:00:00Z,21702,-438,FALSE
2024-11-08T01:30:00Z,21134,-568,FALSE
2024-11-08T02:00:00Z,20561,-573,FALSE
2024-11-08T02:30:00Z,20176,-385,FALSE
2024-11-08T03:00:00Z,19717,-459,FALSE
2024-11-08T03:30:00Z,19472,-245,FALSE
2024-11-08T04:00:00Z,19443,-29,FALSE
2024-11-08T04:30:00Z,19483,40,FALSE
2024-11-08T05:00:00Z,19666,183,FALSE
2024-11-08T05:30:00Z,20677,1011,FALSE
2024-11-08T06:00:00Z,23161,2484,TRUE
2024-11-08T06:30:00Z,25233,2072,TRUE
2024-11-08T07:00:00Z,27320,2087,TRUE
2024-11-08T07:30:00Z,28617,1297,FALSE
2024-11-08T08:00:00Z,29958,1341,FALSE
2024-11-08T08:30:00Z,30829,871,FALSE
2024-11-08T09:00:00Z,31662,833,FALSE
2024-11-08T09:30:00Z,31521,-141,FALSE
2024-11-08T10:00:00Z,31462,-59,FALSE
2024-11-08T10:30:00Z,31466,4,FALSE
2024-11-08T11:00:00Z,31779,313,FALSE
2024-11-08T11:30:00Z,31778,-1,FALSE
2024-11-08T12:00:00Z,32046,268,FALSE
2024-11-08T12:30:00Z,32082,36,FALSE
2024-11-08T13:00:00Z,32020,-62,FALSE
2024-11-08T13:30:00Z,31152,-868,FALSE
2024-11-08T14:00:00Z,31704,552,FALSE
2024-11-08T14:30:00Z,31966,262,FALSE
2024-11-08T15:00:00Z,32008,42,FALSE
2024-11-08T15:30:00Z,32638,630,FALSE
2024-11-08T16:00:00Z,33215,577,FALSE
2024-11-08T16:30:00Z,34261,1046,FALSE
2024-11-08T17:00:00Z,34922,661,FALSE
2024-11-08T17:30:00Z,35005,83,FALSE
2024-11-08T18:00:00Z,34572,-433,FALSE
2024-11-08T18:30:00Z,33699,-873,FALSE
2024-11-08T19:00:00Z,33080,-619,FALSE
2024-11-08T19:30:00Z,31958,-1122,FALSE
2024-11-08T20:00:00Z,31167,-791,FALSE
2024-11-08T20:30:00Z,30160,-1007,FALSE
2024-11-08T21:00:00Z,28445,-1715,TRUE
2024-11-08T21:30:00Z,27582,-863,FALSE
2024-11-08T22:00:00Z,26067,-1515,TRUE
2024-11-08T22:30:00Z,25009,-1058,FALSE
2024-11-08T23:00:00Z,23513,-1496,TRUE
2024-11-08T23:30:00Z,22835,-678,FALSE
2024-11-09T00:00:00Z,22603,-232,FALSE
2024-11-09T00:30:00Z,22823,220,FALSE
2024-11-09T01:00:00Z,22159,-664,FALSE
2024-11-09T01:30:00Z,21718,-441,FALSE
2024-11-09T02:00:00Z,21124,-594,FALSE
2024-11-09T02:30:00Z,20612,-512,FALSE
2024-11-09T03:00:00Z,19951,-661,FALSE
2024-11-09T03:30:00Z,19546,-405,FALSE
2024-11-09T04:00:00Z,19207,-339,FALSE
2024-11-09T04:30:00Z,18930,-277,FALSE
2024-11-09T05:00:00Z,19109,179,FALSE
2024-11-09T05:30:00Z,19360,251,FALSE
2024-11-09T06:00:00Z,20736,1376,FALSE
2024-11-09T06:30:00Z,21263,527,FALSE
2024-11-09T07:00:00Z,23096,1833,TRUE
2024-11-09T07:30:00Z,23956,860,FALSE
2024-11-09T08:00:00Z,25534,1578,TRUE
2024-11-09T08:30:00Z,26510,976,FALSE
2024-11-09T09:00:00Z,27983,1473,TRUE
2024-11-09T09:30:00Z,28357,374,FALSE
2024-11-09T10:00:00Z,28570,213,FALSE
2024-11-09T10:30:00Z,28693,123,FALSE
2024-11-09T11:00:00Z,29277,584,FALSE
2024-11-09T11:30:00Z,29461,184,FALSE
2024-11-09T12:00:00Z,29585,124,FALSE
2024-11-09T12:30:00Z,29708,123,FALSE
2024-11-09T13:00:00Z,30005,297,FALSE
2024-11-09T13:30:00Z,29891,-114,FALSE
2024-11-09T14:00:00Z,29614,-277,FALSE
2024-11-09T14:30:00Z,29627,13,FALSE
2024-11-09T15:00:00Z,29800,173,FALSE
2024-11-09T15:30:00Z,30133,333,FALSE
2024-11-09T16:00:00Z,30605,472,FALSE
2024-11-09T16:30:00Z,31857,1252,FALSE
2024-11-09T17:00:00Z,32954,1097,FALSE
2024-11-09T17:30:00Z,33127,173,FALSE
2024-11-09T18:00:00Z,32823,-304,FALSE
2024-11-09T18:30:00Z,32210,-613,FALSE
2024-11-09T19:00:00Z,31337,-873,FALSE
2024-11-09T19:30:00Z,30358,-979,FALSE
2024-11-09T20:00:00Z,29329,-1029,FALSE
2024-11-09T20:30:00Z,28301,-1028,FALSE
2024-11-09T21:00:00Z,27223,-1078,FALSE
2024-11-09T21:30:00Z,26264,-959,FALSE
2024-11-09T22:00:00Z,25094,-1170,FALSE
2024-11-09T22:30:00Z,24004,-1090,FALSE
2024-11-09T23:00:00Z,22917,-1087,FALSE
2024-11-09T23:30:00Z,22196,-721,FALSE
2024-11-10T00:00:00Z,21940,-256,FALSE
2024-11-10T00:30:00Z,22164,224,FALSE
2024-11-10T01:00:00Z,21783,-381,FALSE
2024-11-10T01:30:00Z,21001,-782,FALSE
2024-11-10T02:00:00Z,20496,-505,FALSE
2024-11-10T02:30:00Z,20237,-259,FALSE
2024-11-10T03:00:00Z,19545,-692,FALSE
2024-11-10T03:30:00Z,19209,-336,FALSE
2024-11-10T04:00:00Z,18787,-422,FALSE
2024-11-10T04:30:00Z,18584,-203,FALSE
2024-11-10T05:00:00Z,18526,-58,FALSE
2024-11-10T05:30:00Z,18510,-16,FALSE
2024-11-10T06:00:00Z,19226,716,FALSE
2024-11-10T06:30:00Z,19842,616,FALSE
2024-11-10T07:00:00Z,20838,996,FALSE
2024-11-10T07:30:00Z,21595,757,FALSE
2024-11-10T08:00:00Z,23074,1479,TRUE
2024-11-10T08:30:00Z,24172,1098,FALSE
2024-11-10T09:00:00Z,25408,1236,FALSE
2024-11-10T09:30:00Z,25939,531,FALSE
2024-11-10T10:00:00Z,26414,475,FALSE
2024-11-10T10:30:00Z,26497,83,FALSE
2024-11-10T11:00:00Z,26748,251,FALSE
2024-11-10T11:30:00Z,27362,614,FALSE
2024-11-10T12:00:00Z,27938,576,FALSE
2024-11-10T12:30:00Z,28354,416,FALSE
2024-11-10T13:00:00Z,28624,270,FALSE
2024-11-10T13:30:00Z,28869,245,FALSE
2024-11-10T14:00:00Z,29012,143,FALSE
2024-11-10T14:30:00Z,29093,81,FALSE
2024-11-10T15:00:00Z,29445,352,FALSE
2024-11-10T15:30:00Z,30470,1025,FALSE
2024-11-10T16:00:00Z,31702,1232,FALSE
2024-11-10T16:30:00Z,33035,1333,FALSE
2024-11-10T17:00:00Z,33641,606,FALSE
2024-11-10T17:30:00Z,33521,-120,FALSE
2024-11-10T18:00:00Z,32663,-858,FALSE
2024-11-10T18:30:00Z,32220,-443,FALSE
2024-11-10T19:00:00Z,31350,-870,FALSE
2024-11-10T19:30:00Z,30074,-1276,FALSE
2024-11-10T20:00:00Z,29210,-864,FALSE
2024-11-10T20:30:00Z,28015,-1195,FALSE
2024-11-10T21:00:00Z,26550,-1465,TRUE
2024-11-10T21:30:00Z,25291,-1259,FALSE
2024-11-10T22:00:00Z,24090,-1201,FALSE
2024-11-10T22:30:00Z,22609,-1481,TRUE
2024-11-10T23:00:00Z,21311,-1298,FALSE
2024-11-10T23:30:00Z,20766,-545,FALSE
2024-11-11T00:00:00Z,20843,77,FALSE
2024-11-11T00:30:00Z,20865,22,FALSE
2024-11-11T01:00:00Z,20388,-477,FALSE
2024-11-11T01:30:00Z,19927,-461,FALSE
2024-11-11T02:00:00Z,19625,-302,FALSE
2024-11-11T02:30:00Z,19502,-123,FALSE
2024-11-11T03:00:00Z,19380,-122,FALSE
2024-11-11T03:30:00Z,18869,-511,FALSE
2024-11-11T04:00:00Z,18527,-342,FALSE
2024-11-11T04:30:00Z,18607,80,FALSE
2024-11-11T05:00:00Z,19319,712,FALSE
2024-11-11T05:30:00Z,20148,829,FALSE
2024-11-11T06:00:00Z,22547,2399,TRUE
2024-11-11T06:30:00Z,25094,2547,TRUE
2024-11-11T07:00:00Z,27822,2728,TRUE
2024-11-11T07:30:00Z,28698,876,FALSE
2024-11-11T08:00:00Z,29977,1279,FALSE
2024-11-11T08:30:00Z,30077,100,FALSE
2024-11-11T09:00:00Z,30600,523,FALSE
2024-11-11T09:30:00Z,30352,-248,FALSE
2024-11-11T10:00:00Z,29533,-819,FALSE
2024-11-11T10:30:00Z,28928,-605,FALSE
2024-11-11T11:00:00Z,28782,-146,FALSE
2024-11-11T11:30:00Z,28544,-238,FALSE
2024-11-11T12:00:00Z,28971,427,FALSE
2024-11-11T12:30:00Z,28775,-196,FALSE
2024-11-11T13:00:00Z,28570,-205,FALSE
2024-11-11T13:30:00Z,29127,557,FALSE
2024-11-11T14:00:00Z,29576,449,FALSE
2024-11-11T14:30:00Z,29868,292,FALSE
2024-11-11T15:00:00Z,30541,673,FALSE
2024-11-11T15:30:00Z,31508,967,FALSE
2024-11-11T16:00:00Z,32998,1490,TRUE
2024-11-11T16:30:00Z,34656,1658,TRUE
2024-11-11T17:00:00Z,35478,822,FALSE
2024-11-11T17:30:00Z,35602,124,FALSE
2024-11-11T18:00:00Z,35416,-186,FALSE
2024-11-11T18:30:00Z,35050,-366,FALSE
2024-11-11T19:00:00Z,34615,-435,FALSE
2024-11-11T19:30:00Z,33879,-736,FALSE
2024-11-11T20:00:00Z,32578,-1301,FALSE
2024-11-11T20:30:00Z,31285,-1293,FALSE
2024-11-11T21:00:00Z,29663,-1622,TRUE
2024-11-11T21:30:00Z,28352,-1311,FALSE
2024-11-11T22:00:00Z,26639,-1713,TRUE
2024-11-11T22:30:00Z,25133,-1506,TRUE
2024-11-11T23:00:00Z,23525,-1608,TRUE
2024-11-11T23:30:00Z,22578,-947,FALSE
2024-11-12T00:00:00Z,22624,46,FALSE
2024-11-12T00:30:00Z,22881,257,FALSE
2024-11-12T01:00:00Z,22302,-579,FALSE
2024-11-12T01:30:00Z,21895,-407,FALSE
2024-11-12T02:00:00Z,21414,-481,FALSE
2024-11-12T02:30:00Z,21290,-124,FALSE
2024-11-12T03:00:00Z,20734,-556,FALSE
2024-11-12T03:30:00Z,20486,-248,FALSE
2024-11-12T04:00:00Z,20282,-204,FALSE
2024-11-12T04:30:00Z,20310,28,FALSE
2024-11-12T05:00:00Z,20896,586,FALSE
2024-11-12T05:30:00Z,21892,996,FALSE
2024-11-12T06:00:00Z,24375,2483,TRUE
2024-11-12T06:30:00Z,26885,2510,TRUE
2024-11-12T07:00:00Z,29179,2294,TRUE
2024-11-12T07:30:00Z,30539,1360,FALSE
2024-11-12T08:00:00Z,31281,742,FALSE
2024-11-12T08:30:00Z,31060,-221,FALSE
2024-11-12T09:00:00Z,31365,305,FALSE
2024-11-12T09:30:00Z,30967,-398,FALSE
2024-11-12T10:00:00Z,30614,-353,FALSE
2024-11-12T10:30:00Z,30205,-409,FALSE
2024-11-12T11:00:00Z,29788,-417,FALSE
2024-11-12T11:30:00Z,29584,-204,FALSE
2024-11-12T12:00:00Z,29935,351,FALSE
2024-11-12T12:30:00Z,30047,112,FALSE
2024-11-12T13:00:00Z,30316,269,FALSE
2024-11-12T13:30:00Z,30570,254,FALSE
2024-11-12T14:00:00Z,30905,335,FALSE
2024-11-12T14:30:00Z,31257,352,FALSE
2024-11-12T15:00:00Z,31811,554,FALSE
2024-11-12T15:30:00Z,32815,1004,FALSE
2024-11-12T16:00:00Z,33548,733,FALSE
2024-11-12T16:30:00Z,34737,1189,FALSE
2024-11-12T17:00:00Z,35854,1117,FALSE
2024-11-12T17:30:00Z,35499,-355,FALSE
2024-11-12T18:00:00Z,35755,256,FALSE
2024-11-12T18:30:00Z,35307,-448,FALSE
2024-11-12T19:00:00Z,34543,-764,FALSE
2024-11-12T19:30:00Z,33832,-711,FALSE
2024-11-12T20:00:00Z,32609,-1223,FALSE
2024-11-12T20:30:00Z,31306,-1303,FALSE
2024-11-12T21:00:00Z,30144,-1162,FALSE
2024-11-12T21:30:00Z,28663,-1481,TRUE
2024-11-12T22:00:00Z,26820,-1843,TRUE
2024-11-12T22:30:00Z,25377,-1443,TRUE
2024-11-12T23:00:00Z,24134,-1243,FALSE
2024-11-12T23:30:00Z,23189,-945,FALSE
2024-11-13T00:00:00Z,22857,-332,FALSE
2024-11-13T00:30:00Z,23147,290,FALSE
2024-11-13T01:00:00Z,22775,-372,FALSE
2024-11-13T01:30:00Z,22204,-571,FALSE
2024-11-13T02:00:00Z,21848,-356,FALSE
2024-11-13T02:30:00Z,21341,-507,FALSE
2024-11-13T03:00:00Z,20883,-458,FALSE
2024-11-13T03:30:00Z,20658,-225,FALSE
2024-11-13T04:00:00Z,20056,-602,FALSE
2024-11-13T04:30:00Z,20292,236,FALSE
2024-11-13T05:00:00Z,21018,726,FALSE
2024-11-13T05:30:00Z,22054,1036,FALSE
2024-11-13T06:00:00Z,24551,2497,TRUE
2024-11-13T06:30:00Z,26641,2090,TRUE
2024-11-13T07:00:00Z,29189,2548,TRUE
2024-11-13T07:30:00Z,30387,1198,FALSE
2024-11-13T08:00:00Z,31579,1192,FALSE
2024-11-13T08:30:00Z,31253,-326,FALSE
2024-11-13T09:00:00Z,31407,154,FALSE
2024-11-13T09:30:00Z,30942,-465,FALSE
2024-11-13T10:00:00Z,29886,-1056,FALSE
2024-11-13T10:30:00Z,29390,-496,FALSE
2024-11-13T11:00:00Z,29034,-356,FALSE
2024-11-13T11:30:00Z,28687,-347,FALSE
2024-11-13T12:00:00Z,29197,510,FALSE
2024-11-13T12:30:00Z,29332,135,FALSE
2024-11-13T13:00:00Z,29611,279,FALSE
2024-11-13T13:30:00Z,29597,-14,FALSE
2024-11-13T14:00:00Z,29987,390,FALSE
2024-11-13T14:30:00Z,30533,546,FALSE
2024-11-13T15:00:00Z,31493,960,FALSE
2024-11-13T15:30:00Z,32682,1189,FALSE
2024-11-13T16:00:00Z,34275,1593,TRUE
2024-11-13T16:30:00Z,35633,1358,FALSE
2024-11-13T17:00:00Z,36232,599,FALSE
2024-11-13T17:30:00Z,36198,-34,FALSE
2024-11-13T18:00:00Z,36161,-37,FALSE
2024-11-13T18:30:00Z,35814,-347,FALSE
2024-11-13T19:00:00Z,35328,-486,FALSE
2024-11-13T19:30:00Z,34362,-966,FALSE
2024-11-13T20:00:00Z,33005,-1357,FALSE
2024-11-13T20:30:00Z,31701,-1304,FALSE
2024-11-13T21:00:00Z,30032,-1669,TRUE
2024-11-13T21:30:00Z,28597,-1435,TRUE
2024-11-13T22:00:00Z,27003,-1594,TRUE
2024-11-13T22:30:00Z,25501,-1502,TRUE
2024-11-13T23:00:00Z,23839,-1662,TRUE
2024-11-13T23:30:00Z,22958,-881,FALSE
2024-11-14T00:00:00Z,22623,-335,FALSE
2024-11-14T00:30:00Z,23121,498,FALSE
2024-11-14T01:00:00Z,22443,-678,FALSE
2024-11-14T01:30:00Z,22204,-239,FALSE
2024-11-14T02:00:00Z,21877,-327,FALSE
2024-11-14T02:30:00Z,21376,-501,FALSE
2024-11-14T03:00:00Z,20896,-480,FALSE
2024-11-14T03:30:00Z,20304,-592,FALSE
2024-11-14T04:00:00Z,20083,-221,FALSE
2024-11-14T04:30:00Z,20074,-9,FALSE
2024-11-14T05:00:00Z,20766,692,FALSE
2024-11-14T05:30:00Z,21728,962,FALSE
2024-11-14T06:00:00Z,24276,2548,TRUE
2024-11-14T06:30:00Z,26720,2444,TRUE
2024-11-14T07:00:00Z,29028,2308,TRUE
2024-11-14T07:30:00Z,30332,1304,FALSE
2024-11-14T08:00:00Z,31455,1123,FALSE
2024-11-14T08:30:00Z,31246,-209,FALSE
2024-11-14T09:00:00Z,31919,673,FALSE
2024-11-14T09:30:00Z,31784,-135,FALSE
2024-11-14T10:00:00Z,31128,-656,FALSE
2024-11-14T10:30:00Z,30526,-602,FALSE
2024-11-14T11:00:00Z,30287,-239,FALSE
2024-11-14T11:30:00Z,30321,34,FALSE
2024-11-14T12:00:00Z,30561,240,FALSE
2024-11-14T12:30:00Z,30438,-123,FALSE
2024-11-14T13:00:00Z,30580,142,FALSE
2024-11-14T13:30:00Z,30780,200,FALSE
2024-11-14T14:00:00Z,30926,146,FALSE
2024-11-14T14:30:00Z,31050,124,FALSE
2024-11-14T15:00:00Z,31595,545,FALSE
2024-11-14T15:30:00Z,32660,1065,FALSE
2024-11-14T16:00:00Z,33597,937,FALSE
2024-11-14T16:30:00Z,34886,1289,FALSE
2024-11-14T17:00:00Z,35584,698,FALSE
2024-11-14T17:30:00Z,35665,81,FALSE
2024-11-14T18:00:00Z,36060,395,FALSE
2024-11-14T18:30:00Z,35707,-353,FALSE
2024-11-14T19:00:00Z,35310,-397,FALSE
2024-11-14T19:30:00Z,34356,-954,FALSE
2024-11-14T20:00:00Z,33352,-1004,FALSE
2024-11-14T20:30:00Z,32198,-1154,FALSE
2024-11-14T21:00:00Z,30791,-1407,TRUE
2024-11-14T21:30:00Z,29073,-1718,TRUE
2024-11-14T22:00:00Z,27298,-1775,TRUE
2024-11-14T22:30:00Z,25920,-1378,FALSE
2024-11-14T23:00:00Z,24578,-1342,FALSE
2024-11-14T23:30:00Z,23349,-1229,FALSE
2024-11-15T00:00:00Z,23451,102,FALSE
2024-11-15T00:30:00Z,23962,511,FALSE
2024-11-15T01:00:00Z,23370,-592,FALSE
2024-11-15T01:30:00Z,22809,-561,FALSE
2024-11-15T02:00:00Z,22262,-547,FALSE
2024-11-15T02:30:00Z,22029,-233,FALSE
2024-11-15T03:00:00Z,21504,-525,FALSE
2024-11-15T03:30:00Z,21171,-333,FALSE
2024-11-15T04:00:00Z,20778,-393,FALSE
2024-11-15T04:30:00Z,21023,245,FALSE
2024-11-15T05:00:00Z,21336,313,FALSE
2024-11-15T05:30:00Z,22334,998,FALSE
2024-11-15T06:00:00Z,24682,2348,TRUE
2024-11-15T06:30:00Z,26882,2200,TRUE
2024-11-15T07:00:00Z,29467,2585,TRUE
2024-11-15T07:30:00Z,30846,1379,FALSE
2024-11-15T08:00:00Z,31999,1153,FALSE
2024-11-15T08:30:00Z,32060,61,FALSE
2024-11-15T09:00:00Z,32369,309,FALSE
2024-11-15T09:30:00Z,32079,-290,FALSE
2024-11-15T10:00:00Z,31661,-418,FALSE
2024-11-15T10:30:00Z,31408,-253,FALSE
2024-11-15T11:00:00Z,31117,-291,FALSE
2024-11-15T11:30:00Z,30631,-486,FALSE
2024-11-15T12:00:00Z,30771,140,FALSE
2024-11-15T12:30:00Z,30669,-102,FALSE
2024-11-15T13:00:00Z,30582,-87,FALSE
2024-11-15T13:30:00Z,30683,101,FALSE
2024-11-15T14:00:00Z,30738,55,FALSE
2024-11-15T14:30:00Z,30872,134,FALSE
2024-11-15T15:00:00Z,31271,399,FALSE
2024-11-15T15:30:00Z,32273,1002,FALSE
2024-11-15T16:00:00Z,33056,783,FALSE
2024-11-15T16:30:00Z,34280,1224,FALSE
2024-11-15T17:00:00Z,34949,669,FALSE
2024-11-15T17:30:00Z,35142,193,FALSE
2024-11-15T18:00:00Z,34771,-371,FALSE
2024-11-15T18:30:00Z,33889,-882,FALSE
2024-11-15T19:00:00Z,33404,-485,FALSE
2024-11-15T19:30:00Z,32510,-894,FALSE
2024-11-15T20:00:00Z,31461,-1049,FALSE
2024-11-15T20:30:00Z,30176,-1285,FALSE
2024-11-15T21:00:00Z,28984,-1192,FALSE
2024-11-15T21:30:00Z,27756,-1228,FALSE
2024-11-15T22:00:00Z,26402,-1354,FALSE
2024-11-15T22:30:00Z,25223,-1179,FALSE
2024-11-15T23:00:00Z,23862,-1361,FALSE
2024-11-15T23:30:00Z,22965,-897,FALSE
2024-11-16T00:00:00Z,22573,-392,FALSE
2024-11-16T00:30:00Z,22679,106,FALSE
2024-11-16T01:00:00Z,22184,-495,FALSE
2024-11-16T01:30:00Z,21465,-719,FALSE
2024-11-16T02:00:00Z,21057,-408,FALSE
2024-11-16T02:30:00Z,20593,-464,FALSE
2024-11-16T03:00:00Z,20059,-534,FALSE
2024-11-16T03:30:00Z,19451,-608,FALSE
2024-11-16T04:00:00Z,19070,-381,FALSE
2024-11-16T04:30:00Z,18847,-223,FALSE
2024-11-16T05:00:00Z,19452,605,FALSE
2024-11-16T05:30:00Z,19442,-10,FALSE
2024-11-16T06:00:00Z,20765,1323,FALSE
2024-11-16T06:30:00Z,21638,873,FALSE
2024-11-16T07:00:00Z,22747,1109,FALSE
2024-11-16T07:30:00Z,23986,1239,FALSE
2024-11-16T08:00:00Z,25529,1543,TRUE
2024-11-16T08:30:00Z,26470,941,FALSE
2024-11-16T09:00:00Z,27551,1081,FALSE
2024-11-16T09:30:00Z,27784,233,FALSE
2024-11-16T10:00:00Z,28005,221,FALSE
2024-11-16T10:30:00Z,28064,59,FALSE
2024-11-16T11:00:00Z,27975,-89,FALSE
2024-11-16T11:30:00Z,28036,61,FALSE
2024-11-16T12:00:00Z,28244,208,FALSE
2024-11-16T12:30:00Z,28347,103,FALSE
2024-11-16T13:00:00Z,28570,223,FALSE
2024-11-16T13:30:00Z,28476,-94,FALSE
2024-11-16T14:00:00Z,28336,-140,FALSE
2024-11-16T14:30:00Z,28671,335,FALSE
2024-11-16T15:00:00Z,28817,146,FALSE
2024-11-16T15:30:00Z,29210,393,FALSE
2024-11-16T16:00:00Z,30222,1012,FALSE
2024-11-16T16:30:00Z,31663,1441,TRUE
2024-11-16T17:00:00Z,32138,475,FALSE
2024-11-16T17:30:00Z,32167,29,FALSE
2024-11-16T18:00:00Z,31983,-184,FALSE
2024-11-16T18:30:00Z,31534,-449,FALSE
2024-11-16T19:00:00Z,30641,-893,FALSE
2024-11-16T19:30:00Z,29824,-817,FALSE
2024-11-16T20:00:00Z,28811,-1013,FALSE
2024-11-16T20:30:00Z,27705,-1106,FALSE
2024-11-16T21:00:00Z,26577,-1128,FALSE
2024-11-16T21:30:00Z,25412,-1165,FALSE
2024-11-16T22:00:00Z,24485,-927,FALSE
2024-11-16T22:30:00Z,23565,-920,FALSE
2024-11-16T23:00:00Z,22382,-1183,FALSE
2024-11-16T23:30:00Z,21339,-1043,FALSE
2024-11-17T00:00:00Z,21283,-56,FALSE
2024-11-17T00:30:00Z,21516,233,FALSE
2024-11-17T01:00:00Z,20945,-571,FALSE
2024-11-17T01:30:00Z,20426,-519,FALSE
2024-11-17T02:00:00Z,20127,-299,FALSE
2024-11-17T02:30:00Z,19567,-560,FALSE
2024-11-17T03:00:00Z,19041,-526,FALSE
2024-11-17T03:30:00Z,18613,-428,FALSE
2024-11-17T04:00:00Z,18302,-311,FALSE
2024-11-17T04:30:00Z,18189,-113,FALSE
2024-11-17T05:00:00Z,18575,386,FALSE
2024-11-17T05:30:00Z,18584,9,FALSE
2024-11-17T06:00:00Z,19177,593,FALSE
2024-11-17T06:30:00Z,19701,524,FALSE
2024-11-17T07:00:00Z,20793,1092,FALSE
2024-11-17T07:30:00Z,21453,660,FALSE
2024-11-17T08:00:00Z,23018,1565,TRUE
2024-11-17T08:30:00Z,24129,1111,FALSE
2024-11-17T09:00:00Z,24919,790,FALSE
2024-11-17T09:30:00Z,25099,180,FALSE
2024-11-17T10:00:00Z,25391,292,FALSE
2024-11-17T10:30:00Z,25223,-168,FALSE
2024-11-17T11:00:00Z,25526,303,FALSE
2024-11-17T11:30:00Z,25916,390,FALSE
2024-11-17T12:00:00Z,26675,759,FALSE
2024-11-17T12:30:00Z,27408,733,FALSE
2024-11-17T13:00:00Z,28167,759,FALSE
2024-11-17T13:30:00Z,28458,291,FALSE
2024-11-17T14:00:00Z,29006,548,FALSE
2024-11-17T14:30:00Z,29656,650,FALSE
2024-11-17T15:00:00Z,30397,741,FALSE
2024-11-17T15:30:00Z,31129,732,FALSE
2024-11-17T16:00:00Z,32568,1439,TRUE
2024-11-17T16:30:00Z,33854,1286,FALSE
2024-11-17T17:00:00Z,34511,657,FALSE
2024-11-17T17:30:00Z,34209,-302,FALSE
2024-11-17T18:00:00Z,33375,-834,FALSE
2024-11-17T18:30:00Z,33063,-312,FALSE
2024-11-17T19:00:00Z,32319,-744,FALSE
2024-11-17T19:30:00Z,31117,-1202,FALSE
2024-11-17T20:00:00Z,30220,-897,FALSE
2024-11-17T20:30:00Z,29250,-970,FALSE
2024-11-17T21:00:00Z,27809,-1441,TRUE
2024-11-17T21:30:00Z,26633,-1176,FALSE
2024-11-17T22:00:00Z,25430,-1203,FALSE
2024-11-17T22:30:00Z,24214,-1216,FALSE
2024-11-17T23:00:00Z,22665,-1549,TRUE
2024-11-17T23:30:00Z,21278,-1387,TRUE
2024-11-18T00:00:00Z,21492,214,FALSE
2024-11-18T00:30:00Z,22201,709,FALSE
2024-11-18T01:00:00Z,21989,-212,FALSE
2024-11-18T01:30:00Z,21646,-343,FALSE
2024-11-18T02:00:00Z,21159,-487,FALSE
2024-11-18T02:30:00Z,20774,-385,FALSE
2024-11-18T03:00:00Z,20354,-420,FALSE
2024-11-18T03:30:00Z,20044,-310,FALSE
2024-11-18T04:00:00Z,20076,32,FALSE
2024-11-18T04:30:00Z,19857,-219,FALSE
2024-11-18T05:00:00Z,20366,509,FALSE
2024-11-18T05:30:00Z,21684,1318,FALSE
2024-11-18T06:00:00Z,24082,2398,TRUE
2024-11-18T06:30:00Z,26823,2741,TRUE
2024-11-18T07:00:00Z,29638,2815,TRUE
2024-11-18T07:30:00Z,31027,1389,TRUE
2024-11-18T08:00:00Z,32338,1311,FALSE
2024-11-18T08:30:00Z,32936,598,FALSE
2024-11-18T09:00:00Z,33655,719,FALSE
2024-11-18T09:30:00Z,33493,-162,FALSE
2024-11-18T10:00:00Z,33488,-5,FALSE
2024-11-18T10:30:00Z,33572,84,FALSE
2024-11-18T11:00:00Z,34010,438,FALSE
2024-11-18T11:30:00Z,33917,-93,FALSE
2024-11-18T12:00:00Z,34218,301,FALSE
2024-11-18T12:30:00Z,34231,13,FALSE
2024-11-18T13:00:00Z,34447,216,FALSE
2024-11-18T13:30:00Z,34520,73,FALSE
2024-11-18T14:00:00Z,34850,330,FALSE
2024-11-18T14:30:00Z,35006,156,FALSE
2024-11-18T15:00:00Z,35202,196,FALSE
2024-11-18T15:30:00Z,35805,603,FALSE
2024-11-18T16:00:00Z,37053,1248,FALSE
2024-11-18T16:30:00Z,37260,207,FALSE
2024-11-18T17:00:00Z,37573,313,FALSE
2024-11-18T17:30:00Z,37467,-106,FALSE
2024-11-18T18:00:00Z,36932,-535,FALSE
2024-11-18T18:30:00Z,36428,-504,FALSE
2024-11-18T19:00:00Z,35895,-533,FALSE
2024-11-18T19:30:00Z,34721,-1174,FALSE
2024-11-18T20:00:00Z,33575,-1146,FALSE
2024-11-18T20:30:00Z,32679,-896,FALSE
2024-11-18T21:00:00Z,30833,-1846,TRUE
2024-11-18T21:30:00Z,29007,-1826,TRUE
2024-11-18T22:00:00Z,27241,-1766,TRUE
2024-11-18T22:30:00Z,25694,-1547,TRUE
2024-11-18T23:00:00Z,23805,-1889,TRUE
2024-11-18T23:30:00Z,22924,-881,FALSE
2024-11-19T00:00:00Z,22757,-167,FALSE
2024-11-19T00:30:00Z,23080,323,FALSE
2024-11-19T01:00:00Z,22804,-276,FALSE
2024-11-19T01:30:00Z,22261,-543,FALSE
2024-11-19T02:00:00Z,21990,-271,FALSE
2024-11-19T02:30:00Z,21553,-437,FALSE
2024-11-19T03:00:00Z,21244,-309,FALSE
2024-11-19T03:30:00Z,20905,-339,FALSE
2024-11-19T04:00:00Z,20808,-97,FALSE
2024-11-19T04:30:00Z,20799,-9,FALSE
2024-11-19T05:00:00Z,21077,278,FALSE
2024-11-19T05:30:00Z,21887,810,FALSE
2024-11-19T06:00:00Z,25201,3314,TRUE
2024-11-19T06:30:00Z,28023,2822,TRUE
2024-11-19T07:00:00Z,30599,2576,TRUE
2024-11-19T07:30:00Z,32194,1595,TRUE
2024-11-19T08:00:00Z,33606,1412,TRUE
2024-11-19T08:30:00Z,34405,799,FALSE
2024-11-19T09:00:00Z,35669,1264,FALSE
2024-11-19T09:30:00Z,35887,218,FALSE
2024-11-19T10:00:00Z,36011,124,FALSE
2024-11-19T10:30:00Z,35982,-29,FALSE
2024-11-19T11:00:00Z,36232,250,FALSE
2024-11-19T11:30:00Z,36439,207,FALSE
2024-11-19T12:00:00Z,36275,-164,FALSE
2024-11-19T12:30:00Z,36467,192,FALSE
2024-11-19T13:00:00Z,36269,-198,FALSE
2024-11-19T13:30:00Z,36403,134,FALSE
2024-11-19T14:00:00Z,35858,-545,FALSE
2024-11-19T14:30:00Z,35845,-13,FALSE
2024-11-19T15:00:00Z,36056,211,FALSE
2024-11-19T15:30:00Z,36879,823,FALSE
2024-11-19T16:00:00Z,37296,417,FALSE
2024-11-19T16:30:00Z,38088,792,FALSE
2024-11-19T17:00:00Z,38571,483,FALSE
2024-11-19T17:30:00Z,38446,-125,FALSE
2024-11-19T18:00:00Z,38096,-350,FALSE
2024-11-19T18:30:00Z,37721,-375,FALSE
2024-11-19T19:00:00Z,37482,-239,FALSE
2024-11-19T19:30:00Z,36660,-822,FALSE
2024-11-19T20:00:00Z,35064,-1596,TRUE
2024-11-19T20:30:00Z,33629,-1435,TRUE
2024-11-19T21:00:00Z,32217,-1412,TRUE
2024-11-19T21:30:00Z,30444,-1773,TRUE
2024-11-19T22:00:00Z,28604,-1840,TRUE
2024-11-19T22:30:00Z,26606,-1998,TRUE
2024-11-19T23:00:00Z,24735,-1871,TRUE
2024-11-19T23:30:00Z,24100,-635,FALSE
2024-11-20T00:00:00Z,24202,102,FALSE
2024-11-20T00:30:00Z,24826,624,FALSE
2024-11-20T01:00:00Z,24625,-201,FALSE
2024-11-20T01:30:00Z,23927,-698,FALSE
2024-11-20T02:00:00Z,23720,-207,FALSE
2024-11-20T02:30:00Z,23326,-394,FALSE
2024-11-20T03:00:00Z,23119,-207,FALSE
2024-11-20T03:30:00Z,23090,-29,FALSE
2024-11-20T04:00:00Z,22857,-233,FALSE
2024-11-20T04:30:00Z,22489,-368,FALSE
2024-11-20T05:00:00Z,22844,355,FALSE
2024-11-20T05:30:00Z,24305,1461,TRUE
2024-11-20T06:00:00Z,26707,2402,TRUE
2024-11-20T06:30:00Z,29500,2793,TRUE
2024-11-20T07:00:00Z,32325,2825,TRUE
2024-11-20T07:30:00Z,33626,1301,FALSE
2024-11-20T08:00:00Z,34996,1370,FALSE
2024-11-20T08:30:00Z,34805,-191,FALSE
2024-11-20T09:00:00Z,35296,491,FALSE
2024-11-20T09:30:00Z,34943,-353,FALSE
2024-11-20T10:00:00Z,34179,-764,FALSE
2024-11-20T10:30:00Z,33806,-373,FALSE
2024-11-20T11:00:00Z,33853,47,FALSE
2024-11-20T11:30:00Z,33025,-828,FALSE
2024-11-20T12:00:00Z,33114,89,FALSE
2024-11-20T12:30:00Z,32807,-307,FALSE
2024-11-20T13:00:00Z,32892,85,FALSE
2024-11-20T13:30:00Z,33093,201,FALSE
2024-11-20T14:00:00Z,33230,137,FALSE
2024-11-20T14:30:00Z,34094,864,FALSE
2024-11-20T15:00:00Z,35088,994,FALSE
2024-11-20T15:30:00Z,36442,1354,FALSE
2024-11-20T16:00:00Z,37834,1392,TRUE
2024-11-20T16:30:00Z,39232,1398,TRUE
2024-11-20T17:00:00Z,39873,641,FALSE
2024-11-20T17:30:00Z,40017,144,FALSE
2024-11-20T18:00:00Z,40059,42,FALSE
2024-11-20T18:30:00Z,39509,-550,FALSE
2024-11-20T19:00:00Z,39202,-307,FALSE
2024-11-20T19:30:00Z,38659,-543,FALSE
2024-11-20T20:00:00Z,37784,-875,FALSE
2024-11-20T20:30:00Z,36184,-1600,TRUE
2024-11-20T21:00:00Z,34311,-1873,TRUE
2024-11-20T21:30:00Z,32574,-1737,TRUE
2024-11-20T22:00:00Z,30648,-1926,TRUE
2024-11-20T22:30:00Z,29020,-1628,TRUE
2024-11-20T23:00:00Z,27600,-1420,TRUE
2024-11-20T23:30:00Z,26182,-1418,TRUE
2024-11-21T00:00:00Z,26207,25,FALSE
2024-11-21T00:30:00Z,26730,523,FALSE
2024-11-21T01:00:00Z,26076,-654,FALSE
2024-11-21T01:30:00Z,25633,-443,FALSE
2024-11-21T02:00:00Z,25447,-186,FALSE
2024-11-21T02:30:00Z,24920,-527,FALSE
2024-11-21T03:00:00Z,24722,-198,FALSE
2024-11-21T03:30:00Z,24386,-336,FALSE
2024-11-21T04:00:00Z,24313,-73,FALSE
2024-11-21T04:30:00Z,24618,305,FALSE
2024-11-21T05:00:00Z,24720,102,FALSE
2024-11-21T05:30:00Z,25876,1156,FALSE
2024-11-21T06:00:00Z,28583,2707,TRUE
2024-11-21T06:30:00Z,31634,3051,TRUE
2024-11-21T07:00:00Z,34403,2769,TRUE
2024-11-21T07:30:00Z,35700,1297,FALSE
2024-11-21T08:00:00Z,37457,1757,TRUE
2024-11-21T08:30:00Z,37770,313,FALSE
2024-11-21T09:00:00Z,38625,855,FALSE
2024-11-21T09:30:00Z,38481,-144,FALSE
2024-11-21T10:00:00Z,38057,-424,FALSE
2024-11-21T10:30:00Z,37987,-70,FALSE
2024-11-21T11:00:00Z,37670,-317,FALSE
2024-11-21T11:30:00Z,37372,-298,FALSE
2024-11-21T12:00:00Z,36440,-932,FALSE
2024-11-21T12:30:00Z,35892,-548,FALSE
2024-11-21T13:00:00Z,35877,-15,FALSE
2024-11-21T13:30:00Z,35531,-346,FALSE
2024-11-21T14:00:00Z,35701,170,FALSE
2024-11-21T14:30:00Z,36310,609,FALSE
2024-11-21T15:00:00Z,36870,560,FALSE
2024-11-21T15:30:00Z,38021,1151,FALSE
2024-11-21T16:00:00Z,38900,879,FALSE
2024-11-21T16:30:00Z,39659,759,FALSE
2024-11-21T17:00:00Z,39926,267,FALSE
2024-11-21T17:30:00Z,39970,44,FALSE
2024-11-21T18:00:00Z,39949,-21,FALSE
2024-11-21T18:30:00Z,39707,-242,FALSE
2024-11-21T19:00:00Z,39193,-514,FALSE
2024-11-21T19:30:00Z,38244,-949,FALSE
2024-11-21T20:00:00Z,37368,-876,FALSE
2024-11-21T20:30:00Z,35767,-1601,TRUE
2024-11-21T21:00:00Z,33711,-2056,TRUE
2024-11-21T21:30:00Z,31914,-1797,TRUE
2024-11-21T22:00:00Z,29742,-2172,TRUE
2024-11-21T22:30:00Z,27907,-1835,TRUE
2024-11-21T23:00:00Z,26224,-1683,TRUE
2024-11-21T23:30:00Z,25006,-1218,FALSE
2024-11-22T00:00:00Z,25032,26,FALSE
2024-11-22T00:30:00Z,25430,398,FALSE
2024-11-22T01:00:00Z,25004,-426,FALSE
2024-11-22T01:30:00Z,24625,-379,FALSE
2024-11-22T02:00:00Z,24075,-550,FALSE
2024-11-22T02:30:00Z,23592,-483,FALSE
2024-11-22T03:00:00Z,23179,-413,FALSE
2024-11-22T03:30:00Z,22712,-467,FALSE
2024-11-22T04:00:00Z,22289,-423,FALSE
2024-11-22T04:30:00Z,22364,75,FALSE
2024-11-22T05:00:00Z,22388,24,FALSE
2024-11-22T05:30:00Z,23482,1094,FALSE
2024-11-22T06:00:00Z,26202,2720,TRUE
2024-11-22T06:30:00Z,28659,2457,TRUE
2024-11-22T07:00:00Z,31433,2774,TRUE
2024-11-22T07:30:00Z,32911,1478,TRUE
2024-11-22T08:00:00Z,34400,1489,TRUE
2024-11-22T08:30:00Z,34699,299,FALSE
2024-11-22T09:00:00Z,35189,490,FALSE
2024-11-22T09:30:00Z,34949,-240,FALSE
2024-11-22T10:00:00Z,34497,-452,FALSE
2024-11-22T10:30:00Z,33807,-690,FALSE
2024-11-22T11:00:00Z,33073,-734,FALSE
2024-11-22T11:30:00Z,32744,-329,FALSE
2024-11-22T12:00:00Z,32774,30,FALSE
2024-11-22T12:30:00Z,32688,-86,FALSE
2024-11-22T13:00:00Z,32786,98,FALSE
2024-11-22T13:30:00Z,32975,189,FALSE
2024-11-22T14:00:00Z,33582,607,FALSE
2024-11-22T14:30:00Z,34352,770,FALSE
2024-11-22T15:00:00Z,35240,888,FALSE
2024-11-22T15:30:00Z,35847,607,FALSE
2024-11-22T16:00:00Z,37196,1349,FALSE
2024-11-22T16:30:00Z,38410,1214,FALSE
2024-11-22T17:00:00Z,38980,570,FALSE
2024-11-22T17:30:00Z,38703,-277,FALSE
2024-11-22T18:00:00Z,38375,-328,FALSE
2024-11-22T18:30:00Z,37849,-526,FALSE
2024-11-22T19:00:00Z,37332,-517,FALSE
2024-11-22T19:30:00Z,36790,-542,FALSE
2024-11-22T20:00:00Z,35678,-1112,FALSE
2024-11-22T20:30:00Z,34415,-1263,FALSE
2024-11-22T21:00:00Z,32667,-1748,TRUE
2024-11-22T21:30:00Z,30968,-1699,TRUE
2024-11-22T22:00:00Z,29575,-1393,TRUE
2024-11-22T22:30:00Z,28389,-1186,FALSE
2024-11-22T23:00:00Z,26559,-1830,TRUE
2024-11-22T23:30:00Z,25239,-1320,FALSE
2024-11-23T00:00:00Z,25234,-5,FALSE
2024-11-23T00:30:00Z,25869,635,FALSE
2024-11-23T01:00:00Z,25319,-550,FALSE
2024-11-23T01:30:00Z,24391,-928,FALSE
2024-11-23T02:00:00Z,23911,-480,FALSE
2024-11-23T02:30:00Z,23197,-714,FALSE
2024-11-23T03:00:00Z,22590,-607,FALSE
2024-11-23T03:30:00Z,21668,-922,FALSE
2024-11-23T04:00:00Z,21006,-662,FALSE
2024-11-23T04:30:00Z,20830,-176,FALSE
2024-11-23T05:00:00Z,20589,-241,FALSE
2024-11-23T05:30:00Z,20768,179,FALSE
2024-11-23T06:00:00Z,21491,723,FALSE
2024-11-23T06:30:00Z,22428,937,FALSE
2024-11-23T07:00:00Z,23428,1000,FALSE
2024-11-23T07:30:00Z,24261,833,FALSE
2024-11-23T08:00:00Z,25941,1680,TRUE
2024-11-23T08:30:00Z,27053,1112,FALSE
2024-11-23T09:00:00Z,28713,1660,TRUE
2024-11-23T09:30:00Z,29516,803,FALSE
2024-11-23T10:00:00Z,30596,1080,FALSE
2024-11-23T10:30:00Z,30972,376,FALSE
2024-11-23T11:00:00Z,31041,69,FALSE
2024-11-23T11:30:00Z,31117,76,FALSE
2024-11-23T12:00:00Z,31216,99,FALSE
2024-11-23T12:30:00Z,31242,26,FALSE
2024-11-23T13:00:00Z,30857,-385,FALSE
2024-11-23T13:30:00Z,30672,-185,FALSE
2024-11-23T14:00:00Z,30396,-276,FALSE
2024-11-23T14:30:00Z,30319,-77,FALSE
2024-11-23T15:00:00Z,30551,232,FALSE
2024-11-23T15:30:00Z,31069,518,FALSE
2024-11-23T16:00:00Z,31504,435,FALSE
2024-11-23T16:30:00Z,31734,230,FALSE
2024-11-23T17:00:00Z,32077,343,FALSE
2024-11-23T17:30:00Z,32051,-26,FALSE
2024-11-23T18:00:00Z,31801,-250,FALSE
2024-11-23T18:30:00Z,31282,-519,FALSE
2024-11-23T19:00:00Z,30071,-1211,FALSE
2024-11-23T19:30:00Z,29120,-951,FALSE
2024-11-23T20:00:00Z,28069,-1051,FALSE
2024-11-23T20:30:00Z,27259,-810,FALSE
2024-11-23T21:00:00Z,25663,-1596,TRUE
2024-11-23T21:30:00Z,24911,-752,FALSE
2024-11-23T22:00:00Z,23262,-1649,TRUE
2024-11-23T22:30:00Z,22438,-824,FALSE
2024-11-23T23:00:00Z,20851,-1587,TRUE
2024-11-23T23:30:00Z,20602,-249,FALSE
2024-11-24T00:00:00Z,20125,-477,FALSE
2024-11-24T00:30:00Z,20557,432,FALSE
2024-11-24T01:00:00Z,20536,-21,FALSE
2024-11-24T01:30:00Z,19859,-677,FALSE
2024-11-24T02:00:00Z,18902,-957,FALSE
2024-11-24T02:30:00Z,18587,-315,FALSE
2024-11-24T03:00:00Z,18001,-586,FALSE
2024-11-24T03:30:00Z,17682,-319,FALSE
2024-11-24T04:00:00Z,17500,-182,FALSE
2024-11-24T04:30:00Z,16873,-627,FALSE
2024-11-24T05:00:00Z,16732,-141,FALSE
2024-11-24T05:30:00Z,16820,88,FALSE
2024-11-24T06:00:00Z,18136,1316,FALSE
2024-11-24T06:30:00Z,18441,305,FALSE
2024-11-24T07:00:00Z,20010,1569,TRUE
2024-11-24T07:30:00Z,20545,535,FALSE
2024-11-24T08:00:00Z,22372,1827,TRUE
2024-11-24T08:30:00Z,23474,1102,FALSE
2024-11-24T09:00:00Z,24885,1411,TRUE
2024-11-24T09:30:00Z,25607,722,FALSE
2024-11-24T10:00:00Z,26272,665,FALSE
2024-11-24T10:30:00Z,26887,615,FALSE
2024-11-24T11:00:00Z,27371,484,FALSE
2024-11-24T11:30:00Z,27739,368,FALSE
2024-11-24T12:00:00Z,28170,431,FALSE
2024-11-24T12:30:00Z,28318,148,FALSE
2024-11-24T13:00:00Z,28346,28,FALSE
2024-11-24T13:30:00Z,28527,181,FALSE
2024-11-24T14:00:00Z,28957,430,FALSE
2024-11-24T14:30:00Z,29160,203,FALSE
2024-11-24T15:00:00Z,29480,320,FALSE
2024-11-24T15:30:00Z,30298,818,FALSE
2024-11-24T16:00:00Z,31488,1190,FALSE
2024-11-24T16:30:00Z,32225,737,FALSE
2024-11-24T17:00:00Z,32296,71,FALSE
2024-11-24T17:30:00Z,32606,310,FALSE
2024-11-24T18:00:00Z,31997,-609,FALSE
2024-11-24T18:30:00Z,31184,-813,FALSE
2024-11-24T19:00:00Z,30197,-987,FALSE
2024-11-24T19:30:00Z,29053,-1144,FALSE
2024-11-24T20:00:00Z,28077,-976,FALSE
2024-11-24T20:30:00Z,27210,-867,FALSE
2024-11-24T21:00:00Z,25876,-1334,FALSE
2024-11-24T21:30:00Z,24518,-1358,FALSE
2024-11-24T22:00:00Z,23273,-1245,FALSE
2024-11-24T22:30:00Z,22296,-977,FALSE
2024-11-24T23:00:00Z,20451,-1845,TRUE
2024-11-24T23:30:00Z,19716,-735,FALSE
2024-11-25T00:00:00Z,19932,216,FALSE
2024-11-25T00:30:00Z,20162,230,FALSE
2024-11-25T01:00:00Z,19771,-391,FALSE
2024-11-25T01:30:00Z,19422,-349,FALSE
2024-11-25T02:00:00Z,19274,-148,FALSE
2024-11-25T02:30:00Z,18805,-469,FALSE
2024-11-25T03:00:00Z,18223,-582,FALSE
2024-11-25T03:30:00Z,18028,-195,FALSE
2024-11-25T04:00:00Z,17915,-113,FALSE
2024-11-25T04:30:00Z,18111,196,FALSE
2024-11-25T05:00:00Z,19241,1130,FALSE
2024-11-25T05:30:00Z,20019,778,FALSE
2024-11-25T06:00:00Z,22587,2568,TRUE
2024-11-25T06:30:00Z,25057,2470,TRUE
2024-11-25T07:00:00Z,27728,2671,TRUE
2024-11-25T07:30:00Z,29086,1358,FALSE
2024-11-25T08:00:00Z,30232,1146,FALSE
2024-11-25T08:30:00Z,30542,310,FALSE
2024-11-25T09:00:00Z,30729,187,FALSE
2024-11-25T09:30:00Z,30205,-524,FALSE
2024-11-25T10:00:00Z,29405,-800,FALSE
2024-11-25T10:30:00Z,28860,-545,FALSE
2024-11-25T11:00:00Z,28605,-255,FALSE
2024-11-25T11:30:00Z,28218,-387,FALSE
2024-11-25T12:00:00Z,28419,201,FALSE
2024-11-25T12:30:00Z,28430,11,FALSE
2024-11-25T13:00:00Z,28630,200,FALSE
2024-11-25T13:30:00Z,28771,141,FALSE
2024-11-25T14:00:00Z,28983,212,FALSE
2024-11-25T14:30:00Z,29641,658,FALSE
2024-11-25T15:00:00Z,30613,972,FALSE
2024-11-25T15:30:00Z,32052,1439,TRUE
2024-11-25T16:00:00Z,33428,1376,FALSE
2024-11-25T16:30:00Z,34652,1224,FALSE
2024-11-25T17:00:00Z,35421,769,FALSE
2024-11-25T17:30:00Z,35520,99,FALSE
2024-11-25T18:00:00Z,35167,-353,FALSE
2024-11-25T18:30:00Z,34782,-385,FALSE
2024-11-25T19:00:00Z,34451,-331,FALSE
2024-11-25T19:30:00Z,33558,-893,FALSE
2024-11-25T20:00:00Z,32359,-1199,FALSE
2024-11-25T20:30:00Z,31329,-1030,FALSE
2024-11-25T21:00:00Z,29750,-1579,TRUE
2024-11-25T21:30:00Z,27969,-1781,TRUE
2024-11-25T22:00:00Z,26215,-1754,TRUE
2024-11-25T22:30:00Z,24690,-1525,TRUE
2024-11-25T23:00:00Z,23420,-1270,FALSE
2024-11-25T23:30:00Z,22618,-802,FALSE
2024-11-26T00:00:00Z,22449,-169,FALSE
2024-11-26T00:30:00Z,22831,382,FALSE
2024-11-26T01:00:00Z,22656,-175,FALSE
2024-11-26T01:30:00Z,22275,-381,FALSE
2024-11-26T02:00:00Z,22076,-199,FALSE
2024-11-26T02:30:00Z,21661,-415,FALSE
2024-11-26T03:00:00Z,21205,-456,FALSE
2024-11-26T03:30:00Z,20823,-382,FALSE
2024-11-26T04:00:00Z,20666,-157,FALSE
2024-11-26T04:30:00Z,20879,213,FALSE
2024-11-26T05:00:00Z,21226,347,FALSE
2024-11-26T05:30:00Z,22451,1225,FALSE
2024-11-26T06:00:00Z,24608,2157,TRUE
2024-11-26T06:30:00Z,27582,2974,TRUE
2024-11-26T07:00:00Z,30810,3228,TRUE
2024-11-26T07:30:00Z,32198,1388,TRUE
2024-11-26T08:00:00Z,33068,870,FALSE
2024-11-26T08:30:00Z,32954,-114,FALSE
2024-11-26T09:00:00Z,33214,260,FALSE
2024-11-26T09:30:00Z,32498,-716,FALSE
2024-11-26T10:00:00Z,31583,-915,FALSE
2024-11-26T10:30:00Z,30733,-850,FALSE
2024-11-26T11:00:00Z,30326,-407,FALSE
2024-11-26T11:30:00Z,30007,-319,FALSE
2024-11-26T12:00:00Z,30050,43,FALSE
2024-11-26T12:30:00Z,30209,159,FALSE
2024-11-26T13:00:00Z,30700,491,FALSE
2024-11-26T13:30:00Z,31138,438,FALSE
2024-11-26T14:00:00Z,31528,390,FALSE
2024-11-26T14:30:00Z,32053,525,FALSE
2024-11-26T15:00:00Z,32850,797,FALSE
2024-11-26T15:30:00Z,33840,990,FALSE
2024-11-26T16:00:00Z,35030,1190,FALSE
2024-11-26T16:30:00Z,36775,1745,TRUE
2024-11-26T17:00:00Z,37481,706,FALSE
2024-11-26T17:30:00Z,37837,356,FALSE
2024-11-26T18:00:00Z,37482,-355,FALSE
2024-11-26T18:30:00Z,37013,-469,FALSE
2024-11-26T19:00:00Z,36285,-728,FALSE
2024-11-26T19:30:00Z,35642,-643,FALSE
2024-11-26T20:00:00Z,34537,-1105,FALSE
2024-11-26T20:30:00Z,33487,-1050,FALSE
2024-11-26T21:00:00Z,32551,-936,FALSE
2024-11-26T21:30:00Z,30961,-1590,TRUE
2024-11-26T22:00:00Z,28991,-1970,TRUE
2024-11-26T22:30:00Z,26927,-2064,TRUE
2024-11-26T23:00:00Z,25316,-1611,TRUE
2024-11-26T23:30:00Z,24446,-870,FALSE
2024-11-27T00:00:00Z,24281,-165,FALSE
2024-11-27T00:30:00Z,24735,454,FALSE
2024-11-27T01:00:00Z,24316,-419,FALSE
2024-11-27T01:30:00Z,23871,-445,FALSE
2024-11-27T02:00:00Z,23192,-679,FALSE
2024-11-27T02:30:00Z,22851,-341,FALSE
2024-11-27T03:00:00Z,22544,-307,FALSE
2024-11-27T03:30:00Z,22205,-339,FALSE
2024-11-27T04:00:00Z,21725,-480,FALSE
2024-11-27T04:30:00Z,21830,105,FALSE
2024-11-27T05:00:00Z,22033,203,FALSE
2024-11-27T05:30:00Z,22819,786,FALSE
2024-11-27T06:00:00Z,25043,2224,TRUE
2024-11-27T06:30:00Z,27641,2598,TRUE
2024-11-27T07:00:00Z,30451,2810,TRUE
2024-11-27T07:30:00Z,32141,1690,TRUE
2024-11-27T08:00:00Z,33383,1242,FALSE
2024-11-27T08:30:00Z,33858,475,FALSE
2024-11-27T09:00:00Z,34694,836,FALSE
2024-11-27T09:30:00Z,34790,96,FALSE
2024-11-27T10:00:00Z,34898,108,FALSE
2024-11-27T10:30:00Z,35010,112,FALSE
2024-11-27T11:00:00Z,35418,408,FALSE
2024-11-27T11:30:00Z,35300,-118,FALSE
2024-11-27T12:00:00Z,35153,-147,FALSE
2024-11-27T12:30:00Z,34939,-214,FALSE
2024-11-27T13:00:00Z,34659,-280,FALSE
2024-11-27T13:30:00Z,34285,-374,FALSE
2024-11-27T14:00:00Z,34298,13,FALSE
2024-11-27T14:30:00Z,34788,490,FALSE
2024-11-27T15:00:00Z,35144,356,FALSE
2024-11-27T15:30:00Z,36210,1066,FALSE
2024-11-27T16:00:00Z,37254,1044,FALSE
2024-11-27T16:30:00Z,38061,807,FALSE
2024-11-27T17:00:00Z,38299,238,FALSE
2024-11-27T17:30:00Z,38323,24,FALSE
2024-11-27T18:00:00Z,38363,40,FALSE
2024-11-27T18:30:00Z,38032,-331,FALSE
2024-11-27T19:00:00Z,37584,-448,FALSE
2024-11-27T19:30:00Z,36812,-772,FALSE
2024-11-27T20:00:00Z,35710,-1102,FALSE
2024-11-27T20:30:00Z,34695,-1015,FALSE
2024-11-27T21:00:00Z,33274,-1421,TRUE
2024-11-27T21:30:00Z,31371,-1903,TRUE
2024-11-27T22:00:00Z,29311,-2060,TRUE
2024-11-27T22:30:00Z,28088,-1223,FALSE
2024-11-27T23:00:00Z,26689,-1399,TRUE
2024-11-27T23:30:00Z,25444,-1245,FALSE
2024-11-28T00:00:00Z,24972,-472,FALSE
2024-11-28T00:30:00Z,25283,311,FALSE
2024-11-28T01:00:00Z,24899,-384,FALSE
2024-11-28T01:30:00Z,24673,-226,FALSE
2024-11-28T02:00:00Z,24216,-457,FALSE
2024-11-28T02:30:00Z,24008,-208,FALSE
2024-11-28T03:00:00Z,23658,-350,FALSE
2024-11-28T03:30:00Z,23449,-209,FALSE
2024-11-28T04:00:00Z,23533,84,FALSE
2024-11-28T04:30:00Z,23378,-155,FALSE
2024-11-28T05:00:00Z,23659,281,FALSE
2024-11-28T05:30:00Z,24758,1099,FALSE
2024-11-28T06:00:00Z,27135,2377,TRUE
2024-11-28T06:30:00Z,29849,2714,TRUE
2024-11-28T07:00:00Z,32839,2990,TRUE
2024-11-28T07:30:00Z,33868,1029,FALSE
2024-11-28T08:00:00Z,34944,1076,FALSE
2024-11-28T08:30:00Z,35048,104,FALSE
2024-11-28T09:00:00Z,35566,518,FALSE
2024-11-28T09:30:00Z,35231,-335,FALSE
2024-11-28T10:00:00Z,35223,-8,FALSE
2024-11-28T10:30:00Z,34619,-604,FALSE
2024-11-28T11:00:00Z,34213,-406,FALSE
2024-11-28T11:30:00Z,34064,-149,FALSE
2024-11-28T12:00:00Z,33853,-211,FALSE
2024-11-28T12:30:00Z,33778,-75,FALSE
2024-11-28T13:00:00Z,33927,149,FALSE
2024-11-28T13:30:00Z,34190,263,FALSE
2024-11-28T14:00:00Z,34413,223,FALSE
2024-11-28T14:30:00Z,34737,324,FALSE
2024-11-28T15:00:00Z,35352,615,FALSE
2024-11-28T15:30:00Z,36533,1181,FALSE
2024-11-28T16:00:00Z,37799,1266,FALSE
2024-11-28T16:30:00Z,38703,904,FALSE
2024-11-28T17:00:00Z,38552,-151,FALSE
2024-11-28T17:30:00Z,38514,-38,FALSE
2024-11-28T18:00:00Z,38328,-186,FALSE
2024-11-28T18:30:00Z,37642,-686,FALSE
2024-11-28T19:00:00Z,37028,-614,FALSE
2024-11-28T19:30:00Z,36375,-653,FALSE
2024-11-28T20:00:00Z,35398,-977,FALSE
2024-11-28T20:30:00Z,33894,-1504,TRUE
2024-11-28T21:00:00Z,32116,-1778,TRUE
2024-11-28T21:30:00Z,30283,-1833,TRUE
2024-11-28T22:00:00Z,28214,-2069,TRUE
2024-11-28T22:30:00Z,26279,-1935,TRUE
2024-11-28T23:00:00Z,25078,-1201,FALSE
2024-11-28T23:30:00Z,23955,-1123,FALSE
2024-11-29T00:00:00Z,23857,-98,FALSE
2024-11-29T00:30:00Z,24329,472,FALSE
2024-11-29T01:00:00Z,23940,-389,FALSE
2024-11-29T01:30:00Z,23317,-623,FALSE
2024-11-29T02:00:00Z,22913,-404,FALSE
2024-11-29T02:30:00Z,22391,-522,FALSE
2024-11-29T03:00:00Z,21900,-491,FALSE
2024-11-29T03:30:00Z,21616,-284,FALSE
2024-11-29T04:00:00Z,21394,-222,FALSE
2024-11-29T04:30:00Z,21388,-6,FALSE
2024-11-29T05:00:00Z,21823,435,FALSE
2024-11-29T05:30:00Z,23255,1432,TRUE
2024-11-29T06:00:00Z,25151,1896,TRUE
2024-11-29T06:30:00Z,27555,2404,TRUE
2024-11-29T07:00:00Z,30202,2647,TRUE
2024-11-29T07:30:00Z,31588,1386,TRUE
2024-11-29T08:00:00Z,32800,1212,FALSE
2024-11-29T08:30:00Z,33095,295,FALSE
2024-11-29T09:00:00Z,33781,686,FALSE
2024-11-29T09:30:00Z,33559,-222,FALSE
2024-11-29T10:00:00Z,32969,-590,FALSE
2024-11-29T10:30:00Z,32545,-424,FALSE
2024-11-29T11:00:00Z,32133,-412,FALSE
2024-11-29T11:30:00Z,31428,-705,FALSE
2024-11-29T12:00:00Z,31476,48,FALSE
2024-11-29T12:30:00Z,31418,-58,FALSE
2024-11-29T13:00:00Z,31124,-294,FALSE
2024-11-29T13:30:00Z,31093,-31,FALSE
2024-11-29T14:00:00Z,31397,304,FALSE
2024-11-29T14:30:00Z,31664,267,FALSE
2024-11-29T15:00:00Z,32439,775,FALSE
2024-11-29T15:30:00Z,32990,551,FALSE
2024-11-29T16:00:00Z,34280,1290,FALSE
2024-11-29T16:30:00Z,35185,905,FALSE
2024-11-29T17:00:00Z,35352,167,FALSE
2024-11-29T17:30:00Z,35257,-95,FALSE
2024-11-29T18:00:00Z,35155,-102,FALSE
2024-11-29T18:30:00Z,34527,-628,FALSE
2024-11-29T19:00:00Z,34208,-319,FALSE
2024-11-29T19:30:00Z,33020,-1188,FALSE
2024-11-29T20:00:00Z,31843,-1177,FALSE
2024-11-29T20:30:00Z,31052,-791,FALSE
2024-11-29T21:00:00Z,29689,-1363,FALSE
2024-11-29T21:30:00Z,28366,-1323,FALSE
2024-11-29T22:00:00Z,27096,-1270,FALSE
2024-11-29T22:30:00Z,25452,-1644,TRUE
2024-11-29T23:00:00Z,24292,-1160,FALSE
2024-11-29T23:30:00Z,23246,-1046,FALSE
2024-11-30T00:00:00Z,22989,-257,FALSE
2024-11-30T00:30:00Z,23061,72,FALSE
2024-11-30T01:00:00Z,22553,-508,FALSE
2024-11-30T01:30:00Z,21916,-637,FALSE
2024-11-30T02:00:00Z,21411,-505,FALSE
2024-11-30T02:30:00Z,20872,-539,FALSE
2024-11-30T03:00:00Z,20535,-337,FALSE
2024-11-30T03:30:00Z,20205,-330,FALSE
2024-11-30T04:00:00Z,19852,-353,FALSE
2024-11-30T04:30:00Z,19792,-60,FALSE
2024-11-30T05:00:00Z,19540,-252,FALSE
2024-11-30T05:30:00Z,19716,176,FALSE
2024-11-30T06:00:00Z,20729,1013,FALSE
2024-11-30T06:30:00Z,21808,1079,FALSE
2024-11-30T07:00:00Z,23173,1365,FALSE
2024-11-30T07:30:00Z,24507,1334,FALSE
2024-11-30T08:00:00Z,26018,1511,TRUE
2024-11-30T08:30:00Z,26781,763,FALSE
2024-11-30T09:00:00Z,27611,830,FALSE
2024-11-30T09:30:00Z,27686,75,FALSE
2024-11-30T10:00:00Z,28126,440,FALSE
2024-11-30T10:30:00Z,28128,2,FALSE
2024-11-30T11:00:00Z,28095,-33,FALSE
2024-11-30T11:30:00Z,28136,41,FALSE
2024-11-30T12:00:00Z,28345,209,FALSE
2024-11-30T12:30:00Z,28332,-13,FALSE
2024-11-30T13:00:00Z,28356,24,FALSE
2024-11-30T13:30:00Z,28329,-27,FALSE
2024-11-30T14:00:00Z,27879,-450,FALSE
2024-11-30T14:30:00Z,28303,424,FALSE
2024-11-30T15:00:00Z,28576,273,FALSE
2024-11-30T15:30:00Z,29438,862,FALSE
2024-11-30T16:00:00Z,30195,757,FALSE
2024-11-30T16:30:00Z,31311,1116,FALSE
2024-11-30T17:00:00Z,32422,1111,FALSE
2024-11-30T17:30:00Z,32328,-94,FALSE
2024-11-30T18:00:00Z,31696,-632,FALSE
2024-11-30T18:30:00Z,31089,-607,FALSE
2024-11-30T19:00:00Z,30018,-1071,FALSE
2024-11-30T19:30:00Z,29050,-968,FALSE
2024-11-30T20:00:00Z,28136,-914,FALSE
2024-11-30T20:30:00Z,27215,-921,FALSE
2024-11-30T21:00:00Z,26093,-1122,FALSE
2024-11-30T21:30:00Z,25166,-927,FALSE
2024-11-30T22:00:00Z,23918,-1248,FALSE
2024-11-30T22:30:00Z,22899,-1019,FALSE
2024-11-30T23:00:00Z,21567,-1332,FALSE
2024-11-30T23:30:00Z,20773,-794,FALSE
2024-12-01T00:00:00Z,20789,16,FALSE
2024-12-01T00:30:00Z,21217,428,FALSE
2024-12-01T01:00:00Z,20884,-333,FALSE
2024-12-01T01:30:00Z,20267,-617,FALSE
2024-12-01T02:00:00Z,19574,-693,FALSE
2024-12-01T02:30:00Z,19181,-393,FALSE
2024-12-01T03:00:00Z,18596,-585,FALSE
2024-12-01T03:30:00Z,18385,-211,FALSE
2024-12-01T04:00:00Z,18035,-350,FALSE
2024-12-01T04:30:00Z,17951,-84,FALSE
2024-12-01T05:00:00Z,17816,-135,FALSE
2024-12-01T05:30:00Z,17692,-124,FALSE
2024-12-01T06:00:00Z,18314,622,FALSE
2024-12-01T06:30:00Z,18914,600,FALSE
2024-12-01T07:00:00Z,20232,1318,FALSE
2024-12-01T07:30:00Z,20855,623,FALSE
2024-12-01T08:00:00Z,22748,1893,TRUE
2024-12-01T08:30:00Z,23895,1147,FALSE
2024-12-01T09:00:00Z,25461,1566,TRUE
2024-12-01T09:30:00Z,26297,836,FALSE
2024-12-01T10:00:00Z,26951,654,FALSE
2024-12-01T10:30:00Z,27113,162,FALSE
2024-12-01T11:00:00Z,27374,261,FALSE
2024-12-01T11:30:00Z,27658,284,FALSE
2024-12-01T12:00:00Z,27973,315,FALSE
2024-12-01T12:30:00Z,28382,409,FALSE
2024-12-01T13:00:00Z,28641,259,FALSE
2024-12-01T13:30:00Z,28392,-249,FALSE
2024-12-01T14:00:00Z,28475,83,FALSE
2024-12-01T14:30:00Z,28844,369,FALSE
2024-12-01T15:00:00Z,29262,418,FALSE
2024-12-01T15:30:00Z,30249,987,FALSE
2024-12-01T16:00:00Z,31596,1347,FALSE
2024-12-01T16:30:00Z,32495,899,FALSE
2024-12-01T17:00:00Z,33292,797,FALSE
2024-12-01T17:30:00Z,33114,-178,FALSE
2024-12-01T18:00:00Z,33016,-98,FALSE
2024-12-01T18:30:00Z,32164,-852,FALSE
2024-12-01T19:00:00Z,31000,-1164,FALSE
2024-12-01T19:30:00Z,29988,-1012,FALSE
2024-12-01T20:00:00Z,29099,-889,FALSE
2024-12-01T20:30:00Z,27988,-1111,FALSE
2024-12-01T21:00:00Z,26874,-1114,FALSE
2024-12-01T21:30:00Z,25547,-1327,FALSE
2024-12-01T22:00:00Z,24436,-1111,FALSE
2024-12-01T22:30:00Z,23272,-1164,FALSE
2024-12-01T23:00:00Z,21746,-1526,TRUE
2024-12-01T23:30:00Z,21184,-562,FALSE
2024-12-02T00:00:00Z,21013,-171,FALSE
2024-12-02T00:30:00Z,21496,483,FALSE
2024-12-02T01:00:00Z,20905,-591,FALSE
2024-12-02T01:30:00Z,20365,-540,FALSE
2024-12-02T02:00:00Z,20048,-317,FALSE
2024-12-02T02:30:00Z,19870,-178,FALSE
2024-12-02T03:00:00Z,19449,-421,FALSE
2024-12-02T03:30:00Z,19172,-277,FALSE
2024-12-02T04:00:00Z,18681,-491,FALSE
2024-12-02T04:30:00Z,18990,309,FALSE
2024-12-02T05:00:00Z,19561,571,FALSE
2024-12-02T05:30:00Z,20398,837,FALSE
2024-12-02T06:00:00Z,22742,2344,TRUE
2024-12-02T06:30:00Z,25342,2600,TRUE
2024-12-02T07:00:00Z,28116,2774,TRUE
2024-12-02T07:30:00Z,29462,1346,FALSE
2024-12-02T08:00:00Z,30737,1275,FALSE
2024-12-02T08:30:00Z,30948,211,FALSE
2024-12-02T09:00:00Z,31522,574,FALSE
2024-12-02T09:30:00Z,31333,-189,FALSE
2024-12-02T10:00:00Z,31183,-150,FALSE
2024-12-02T10:30:00Z,30911,-272,FALSE
2024-12-02T11:00:00Z,31140,229,FALSE
2024-12-02T11:30:00Z,31167,27,FALSE
2024-12-02T12:00:00Z,31570,403,FALSE
2024-12-02T12:30:00Z,32037,467,FALSE
2024-12-02T13:00:00Z,31731,-306,FALSE
2024-12-02T13:30:00Z,31891,160,FALSE
2024-12-02T14:00:00Z,31841,-50,FALSE
2024-12-02T14:30:00Z,32599,758,FALSE
2024-12-02T15:00:00Z,33146,547,FALSE
2024-12-02T15:30:00Z,33872,726,FALSE
2024-12-02T16:00:00Z,35259,1387,TRUE
2024-12-02T16:30:00Z,36394,1135,FALSE
2024-12-02T17:00:00Z,36201,-193,FALSE
2024-12-02T17:30:00Z,36037,-164,FALSE
2024-12-02T18:00:00Z,36163,126,FALSE
2024-12-02T18:30:00Z,35648,-515,FALSE
2024-12-02T19:00:00Z,35684,36,FALSE
2024-12-02T19:30:00Z,34807,-877,FALSE
2024-12-02T20:00:00Z,33441,-1366,FALSE
2024-12-02T20:30:00Z,32259,-1182,FALSE
2024-12-02T21:00:00Z,30938,-1321,FALSE
2024-12-02T21:30:00Z,29471,-1467,TRUE
2024-12-02T22:00:00Z,28062,-1409,TRUE
2024-12-02T22:30:00Z,26685,-1377,FALSE
2024-12-02T23:00:00Z,25011,-1674,TRUE
2024-12-02T23:30:00Z,24144,-867,FALSE
2024-12-03T00:00:00Z,24131,-13,FALSE
2024-12-03T00:30:00Z,24362,231,FALSE
2024-12-03T01:00:00Z,23917,-445,FALSE
2024-12-03T01:30:00Z,23150,-767,FALSE
2024-12-03T02:00:00Z,22712,-438,FALSE
2024-12-03T02:30:00Z,22424,-288,FALSE
2024-12-03T03:00:00Z,22299,-125,FALSE
2024-12-03T03:30:00Z,22065,-234,FALSE
2024-12-03T04:00:00Z,21722,-343,FALSE
2024-12-03T04:30:00Z,21594,-128,FALSE
2024-12-03T05:00:00Z,22182,588,FALSE
2024-12-03T05:30:00Z,23632,1450,TRUE
2024-12-03T06:00:00Z,26042,2410,TRUE
2024-12-03T06:30:00Z,28394,2352,TRUE
2024-12-03T07:00:00Z,31038,2644,TRUE
2024-12-03T07:30:00Z,32799,1761,TRUE
2024-12-03T08:00:00Z,34113,1314,FALSE
2024-12-03T08:30:00Z,34528,415,FALSE
2024-12-03T09:00:00Z,35295,767,FALSE
2024-12-03T09:30:00Z,35089,-206,FALSE
2024-12-03T10:00:00Z,34768,-321,FALSE
2024-12-03T10:30:00Z,34494,-274,FALSE
2024-12-03T11:00:00Z,33925,-569,FALSE
2024-12-03T11:30:00Z,34013,88,FALSE
2024-12-03T12:00:00Z,34283,270,FALSE
2024-12-03T12:30:00Z,34289,6,FALSE
2024-12-03T13:00:00Z,34225,-64,FALSE
2024-12-03T13:30:00Z,34054,-171,FALSE
2024-12-03T14:00:00Z,33964,-90,FALSE
2024-12-03T14:30:00Z,34186,222,FALSE
2024-12-03T15:00:00Z,34913,727,FALSE
2024-12-03T15:30:00Z,36016,1103,FALSE
2024-12-03T16:00:00Z,37161,1145,FALSE
2024-12-03T16:30:00Z,38069,908,FALSE
2024-12-03T17:00:00Z,38129,60,FALSE
2024-12-03T17:30:00Z,38182,53,FALSE
2024-12-03T18:00:00Z,38090,-92,FALSE
2024-12-03T18:30:00Z,37618,-472,FALSE
2024-12-03T19:00:00Z,37302,-316,FALSE
2024-12-03T19:30:00Z,36406,-896,FALSE
2024-12-03T20:00:00Z,35465,-941,FALSE
2024-12-03T20:30:00Z,34324,-1141,FALSE
2024-12-03T21:00:00Z,32625,-1699,TRUE
2024-12-03T21:30:00Z,30953,-1672,TRUE
2024-12-03T22:00:00Z,28882,-2071,TRUE
2024-12-03T22:30:00Z,27277,-1605,TRUE
2024-12-03T23:00:00Z,25900,-1377,FALSE
2024-12-03T23:30:00Z,24774,-1126,FALSE
2024-12-04T00:00:00Z,24256,-518,FALSE
2024-12-04T00:30:00Z,24875,619,FALSE
2024-12-04T01:00:00Z,24731,-144,FALSE
2024-12-04T01:30:00Z,24443,-288,FALSE
2024-12-04T02:00:00Z,24013,-430,FALSE
2024-12-04T02:30:00Z,23930,-83,FALSE
2024-12-04T03:00:00Z,23484,-446,FALSE
2024-12-04T03:30:00Z,23020,-464,FALSE
2024-12-04T04:00:00Z,22545,-475,FALSE
2024-12-04T04:30:00Z,22412,-133,FALSE
2024-12-04T05:00:00Z,22380,-32,FALSE
2024-12-04T05:30:00Z,23714,1334,FALSE
2024-12-04T06:00:00Z,26041,2327,TRUE
2024-12-04T06:30:00Z,28310,2269,TRUE
2024-12-04T07:00:00Z,30920,2610,TRUE
2024-12-04T07:30:00Z,32345,1425,TRUE
2024-12-04T08:00:00Z,34080,1735,TRUE
2024-12-04T08:30:00Z,34359,279,FALSE
2024-12-04T09:00:00Z,34896,537,FALSE
2024-12-04T09:30:00Z,34822,-74,FALSE
2024-12-04T10:00:00Z,34522,-300,FALSE
2024-12-04T10:30:00Z,34326,-196,FALSE
2024-12-04T11:00:00Z,34350,24,FALSE
2024-12-04T11:30:00Z,34385,35,FALSE
2024-12-04T12:00:00Z,34385,0,FALSE
2024-12-04T12:30:00Z,34284,-101,FALSE
2024-12-04T13:00:00Z,34160,-124,FALSE
2024-12-04T13:30:00Z,34458,298,FALSE
2024-12-04T14:00:00Z,34606,148,FALSE
2024-12-04T14:30:00Z,34600,-6,FALSE
2024-12-04T15:00:00Z,34701,101,FALSE
2024-12-04T15:30:00Z,35135,434,FALSE
2024-12-04T16:00:00Z,36185,1050,FALSE
2024-12-04T16:30:00Z,36803,618,FALSE
2024-12-04T17:00:00Z,37129,326,FALSE
2024-12-04T17:30:00Z,37091,-38,FALSE
2024-12-04T18:00:00Z,36440,-651,FALSE
2024-12-04T18:30:00Z,35825,-615,FALSE
2024-12-04T19:00:00Z,35003,-822,FALSE
2024-12-04T19:30:00Z,34396,-607,FALSE
2024-12-04T20:00:00Z,33128,-1268,FALSE
2024-12-04T20:30:00Z,31699,-1429,TRUE
2024-12-04T21:00:00Z,30057,-1642,TRUE
2024-12-04T21:30:00Z,28378,-1679,TRUE
2024-12-04T22:00:00Z,26525,-1853,TRUE
2024-12-04T22:30:00Z,24876,-1649,TRUE
2024-12-04T23:00:00Z,23034,-1842,TRUE
2024-12-04T23:30:00Z,22110,-924,FALSE
2024-12-05T00:00:00Z,22209,99,FALSE
2024-12-05T00:30:00Z,22534,325,FALSE
2024-12-05T01:00:00Z,21825,-709,FALSE
2024-12-05T01:30:00Z,21393,-432,FALSE
2024-12-05T02:00:00Z,20966,-427,FALSE
2024-12-05T02:30:00Z,20856,-110,FALSE
2024-12-05T03:00:00Z,20488,-368,FALSE
2024-12-05T03:30:00Z,20071,-417,FALSE
2024-12-05T04:00:00Z,19803,-268,FALSE
2024-12-05T04:30:00Z,20044,241,FALSE
2024-12-05T05:00:00Z,20253,209,FALSE
2024-12-05T05:30:00Z,21124,871,FALSE
2024-12-05T06:00:00Z,23669,2545,TRUE
2024-12-05T06:30:00Z,26146,2477,TRUE
2024-12-05T07:00:00Z,28989,2843,TRUE
2024-12-05T07:30:00Z,30261,1272,FALSE
2024-12-05T08:00:00Z,31585,1324,FALSE
2024-12-05T08:30:00Z,31822,237,FALSE
2024-12-05T09:00:00Z,32686,864,FALSE
2024-12-05T09:30:00Z,32488,-198,FALSE
2024-12-05T10:00:00Z,32930,442,FALSE
2024-12-05T10:30:00Z,33013,83,FALSE
2024-12-05T11:00:00Z,33136,123,FALSE
2024-12-05T11:30:00Z,33196,60,FALSE
2024-12-05T12:00:00Z,33130,-66,FALSE
2024-12-05T12:30:00Z,33373,243,FALSE
2024-12-05T13:00:00Z,33367,-6,FALSE
2024-12-05T13:30:00Z,33302,-65,FALSE
2024-12-05T14:00:00Z,33308,6,FALSE
2024-12-05T14:30:00Z,33043,-265,FALSE
2024-12-05T15:00:00Z,32744,-299,FALSE
2024-12-05T15:30:00Z,33740,996,FALSE
2024-12-05T16:00:00Z,34686,946,FALSE
2024-12-05T16:30:00Z,35165,479,FALSE
2024-12-05T17:00:00Z,35449,284,FALSE
2024-12-05T17:30:00Z,35223,-226,FALSE
2024-12-05T18:00:00Z,35124,-99,FALSE
2024-12-05T18:30:00Z,34094,-1030,FALSE
2024-12-05T19:00:00Z,33642,-452,FALSE
2024-12-05T19:30:00Z,32600,-1042,FALSE
2024-12-05T20:00:00Z,31452,-1148,FALSE
2024-12-05T20:30:00Z,30212,-1240,FALSE
2024-12-05T21:00:00Z,28652,-1560,TRUE
2024-12-05T21:30:00Z,27212,-1440,TRUE
2024-12-05T22:00:00Z,25477,-1735,TRUE
2024-12-05T22:30:00Z,24428,-1049,FALSE
2024-12-05T23:00:00Z,22590,-1838,TRUE
2024-12-05T23:30:00Z,21958,-632,FALSE
